[     157ms] [LOG] [Fast Refresh] rebuilding @ http://localhost:3001/_next/static/chunks/a266a_next_dist_cfedd8c2._.js:2297
[     157ms] [LOG] [Fast Refresh] done in 110ms @ http://localhost:3001/_next/static/chunks/a266a_next_dist_cfedd8c2._.js:2297
[   66435ms] [LOG] [Fast Refresh] rebuilding @ http://localhost:3001/_next/static/chunks/a266a_next_dist_cfedd8c2._.js:2297
[   66442ms] [LOG] [Fast Refresh] done in 107ms @ http://localhost:3001/_next/static/chunks/a266a_next_dist_cfedd8c2._.js:2297
[   84259ms] [LOG] [Fast Refresh] rebuilding @ http://localhost:3001/_next/static/chunks/a266a_next_dist_cfedd8c2._.js:2297
[   84286ms] [LOG] [Fast Refresh] done in 86ms @ http://localhost:3001/_next/static/chunks/a266a_next_dist_cfedd8c2._.js:2297
[   97060ms] [LOG] [Fast Refresh] rebuilding @ http://localhost:3001/_next/static/chunks/a266a_next_dist_cfedd8c2._.js:2297
[   97123ms] [LOG] [Fast Refresh] done in 140ms @ http://localhost:3001/_next/static/chunks/a266a_next_dist_cfedd8c2._.js:2297
[  111710ms] [LOG] [Fast Refresh] rebuilding @ http://localhost:3001/_next/static/chunks/a266a_next_dist_cfedd8c2._.js:2297
[  111719ms] [LOG] [Fast Refresh] done in 103ms @ http://localhost:3001/_next/static/chunks/a266a_next_dist_cfedd8c2._.js:2297
[  113258ms] [LOG] [Fast Refresh] rebuilding @ http://localhost:3001/_next/static/chunks/a266a_next_dist_cfedd8c2._.js:2297
[  113276ms] [LOG] [Fast Refresh] done in 94ms @ http://localhost:3001/_next/static/chunks/a266a_next_dist_cfedd8c2._.js:2297
[  127291ms] [LOG] [Fast Refresh] rebuilding @ http://localhost:3001/_next/static/chunks/a266a_next_dist_cfedd8c2._.js:2297
[  127296ms] [LOG] [Fast Refresh] done in 94ms @ http://localhost:3001/_next/static/chunks/a266a_next_dist_cfedd8c2._.js:2297
[  143264ms] [LOG] [Fast Refresh] rebuilding @ http://localhost:3001/_next/static/chunks/a266a_next_dist_cfedd8c2._.js:2297
[  143552ms] [LOG] [Fast Refresh] done in 388ms @ http://localhost:3001/_next/static/chunks/a266a_next_dist_cfedd8c2._.js:2297
[  143621ms] [INFO] %cDownload the React DevTools for a better development experience: https://react.dev/link/react-devtools font-weight:bold @ http://localhost:3001/_next/static/chunks/a266a_next_dist_cfedd8c2._.js:2297
[  143643ms] [LOG] [HMR] connected @ http://localhost:3001/_next/static/chunks/a266a_next_dist_cfedd8c2._.js:2297
[  147927ms] [LOG] [Fast Refresh] rebuilding @ http://localhost:3001/_next/static/chunks/a266a_next_dist_cfedd8c2._.js:2297
[  147973ms] [ERROR] ./guitarforge/src/components/LearningCenterPage.tsx:688:10
Ecmascript file had an error
  686 | }
  687 |
> 688 | function ChromaticTuner() {
      |          ^^^^^^^^^^^^^^
  689 |   const [listening, setListening] = useState(false);
  690 |   const [detected, setDetected] = useState<{ note: string; octave: number; cents: number; freq: number } | null>(null);
  691 |   const ctxRef = useRef<AudioContext | null>(null);

the name `ChromaticTuner` is defined multiple times

Import traces:
  Client Component Browser:
    ./guitarforge/src/components/LearningCenterPage.tsx [Client Component Browser]
    ./guitarforge/src/components/GuitarForgeApp.tsx [Client Component Browser]
    ./guitarforge/src/components/GuitarForgeApp.tsx [Server Component]
    ./guitarforge/src/app/page.tsx [Server Component]

  Client Component SSR:
    ./guitarforge/src/components/LearningCenterPage.tsx [Client Component SSR]
    ./guitarforge/src/components/GuitarForgeApp.tsx [Client Component SSR]
    ./guitarforge/src/components/GuitarForgeApp.tsx [Server Component]
    ./guitarforge/src/app/page.tsx [Server Component] @ http://localhost:3001/_next/static/chunks/a266a_next_dist_cfedd8c2._.js:3127
[  148006ms] [ERROR] ./guitarforge/src/components/LearningCenterPage.tsx:688:10
Ecmascript file had an error
  686 | }
  687 |
> 688 | function ChromaticTuner() {
      |          ^^^^^^^^^^^^^^
  689 |   const [listening, setListening] = useState(false);
  690 |   const [detected, setDetected] = useState<{ note: string; octave: number; cents: number; freq: number } | null>(null);
  691 |   const ctxRef = useRef<AudioContext | null>(null);

the name `ChromaticTuner` is defined multiple times

Import traces:
  Client Component Browser:
    ./guitarforge/src/components/LearningCenterPage.tsx [Client Component Browser]
    ./guitarforge/src/components/GuitarForgeApp.tsx [Client Component Browser]
    ./guitarforge/src/components/GuitarForgeApp.tsx [Server Component]
    ./guitarforge/src/app/page.tsx [Server Component]

  Client Component SSR:
    ./guitarforge/src/components/LearningCenterPage.tsx [Client Component SSR]
    ./guitarforge/src/components/GuitarForgeApp.tsx [Client Component SSR]
    ./guitarforge/src/components/GuitarForgeApp.tsx [Server Component]
    ./guitarforge/src/app/page.tsx [Server Component] @ http://localhost:3001/_next/static/chunks/a266a_next_dist_cfedd8c2._.js:3127
[  148036ms] [ERROR] ./guitarforge/src/components/LearningCenterPage.tsx:688:10
Ecmascript file had an error
  686 | }
  687 |
> 688 | function ChromaticTuner() {
      |          ^^^^^^^^^^^^^^
  689 |   const [listening, setListening] = useState(false);
  690 |   const [detected, setDetected] = useState<{ note: string; octave: number; cents: number; freq: number } | null>(null);
  691 |   const ctxRef = useRef<AudioContext | null>(null);

the name `ChromaticTuner` is defined multiple times

Import traces:
  Client Component Browser:
    ./guitarforge/src/components/LearningCenterPage.tsx [Client Component Browser]
    ./guitarforge/src/components/GuitarForgeApp.tsx [Client Component Browser]
    ./guitarforge/src/components/GuitarForgeApp.tsx [Server Component]
    ./guitarforge/src/app/page.tsx [Server Component]

  Client Component SSR:
    ./guitarforge/src/components/LearningCenterPage.tsx [Client Component SSR]
    ./guitarforge/src/components/GuitarForgeApp.tsx [Client Component SSR]
    ./guitarforge/src/components/GuitarForgeApp.tsx [Server Component]
    ./guitarforge/src/app/page.tsx [Server Component] @ http://localhost:3001/_next/static/chunks/a266a_next_dist_cfedd8c2._.js:3127
[  148068ms] [ERROR] ./guitarforge/src/components/LearningCenterPage.tsx:688:10
Ecmascript file had an error
  686 | }
  687 |
> 688 | function ChromaticTuner() {
      |          ^^^^^^^^^^^^^^
  689 |   const [listening, setListening] = useState(false);
  690 |   const [detected, setDetected] = useState<{ note: string; octave: number; cents: number; freq: number } | null>(null);
  691 |   const ctxRef = useRef<AudioContext | null>(null);

the name `ChromaticTuner` is defined multiple times

Import traces:
  Client Component Browser:
    ./guitarforge/src/components/LearningCenterPage.tsx [Client Component Browser]
    ./guitarforge/src/components/GuitarForgeApp.tsx [Client Component Browser]
    ./guitarforge/src/components/GuitarForgeApp.tsx [Server Component]
    ./guitarforge/src/app/page.tsx [Server Component]

  Client Component SSR:
    ./guitarforge/src/components/LearningCenterPage.tsx [Client Component SSR]
    ./guitarforge/src/components/GuitarForgeApp.tsx [Client Component SSR]
    ./guitarforge/src/components/GuitarForgeApp.tsx [Server Component]
    ./guitarforge/src/app/page.tsx [Server Component] @ http://localhost:3001/_next/static/chunks/a266a_next_dist_cfedd8c2._.js:3127
[  148098ms] [ERROR] ./guitarforge/src/components/LearningCenterPage.tsx:688:10
Ecmascript file had an error
  686 | }
  687 |
> 688 | function ChromaticTuner() {
      |          ^^^^^^^^^^^^^^
  689 |   const [listening, setListening] = useState(false);
  690 |   const [detected, setDetected] = useState<{ note: string; octave: number; cents: number; freq: number } | null>(null);
  691 |   const ctxRef = useRef<AudioContext | null>(null);

the name `ChromaticTuner` is defined multiple times

Import traces:
  Client Component Browser:
    ./guitarforge/src/components/LearningCenterPage.tsx [Client Component Browser]
    ./guitarforge/src/components/GuitarForgeApp.tsx [Client Component Browser]
    ./guitarforge/src/components/GuitarForgeApp.tsx [Server Component]
    ./guitarforge/src/app/page.tsx [Server Component]

  Client Component SSR:
    ./guitarforge/src/components/LearningCenterPage.tsx [Client Component SSR]
    ./guitarforge/src/components/GuitarForgeApp.tsx [Client Component SSR]
    ./guitarforge/src/components/GuitarForgeApp.tsx [Server Component]
    ./guitarforge/src/app/page.tsx [Server Component] @ http://localhost:3001/_next/static/chunks/a266a_next_dist_cfedd8c2._.js:3127
[  148130ms] [ERROR] ./guitarforge/src/components/LearningCenterPage.tsx:688:10
Ecmascript file had an error
  686 | }
  687 |
> 688 | function ChromaticTuner() {
      |          ^^^^^^^^^^^^^^
  689 |   const [listening, setListening] = useState(false);
  690 |   const [detected, setDetected] = useState<{ note: string; octave: number; cents: number; freq: number } | null>(null);
  691 |   const ctxRef = useRef<AudioContext | null>(null);

the name `ChromaticTuner` is defined multiple times

Import traces:
  Client Component Browser:
    ./guitarforge/src/components/LearningCenterPage.tsx [Client Component Browser]
    ./guitarforge/src/components/GuitarForgeApp.tsx [Client Component Browser]
    ./guitarforge/src/components/GuitarForgeApp.tsx [Server Component]
    ./guitarforge/src/app/page.tsx [Server Component]

  Client Component SSR:
    ./guitarforge/src/components/LearningCenterPage.tsx [Client Component SSR]
    ./guitarforge/src/components/GuitarForgeApp.tsx [Client Component SSR]
    ./guitarforge/src/components/GuitarForgeApp.tsx [Server Component]
    ./guitarforge/src/app/page.tsx [Server Component] @ http://localhost:3001/_next/static/chunks/a266a_next_dist_cfedd8c2._.js:3127
[  148159ms] [ERROR] ./guitarforge/src/components/LearningCenterPage.tsx:688:10
Ecmascript file had an error
  686 | }
  687 |
> 688 | function ChromaticTuner() {
      |          ^^^^^^^^^^^^^^
  689 |   const [listening, setListening] = useState(false);
  690 |   const [detected, setDetected] = useState<{ note: string; octave: number; cents: number; freq: number } | null>(null);
  691 |   const ctxRef = useRef<AudioContext | null>(null);

the name `ChromaticTuner` is defined multiple times

Import traces:
  Client Component Browser:
    ./guitarforge/src/components/LearningCenterPage.tsx [Client Component Browser]
    ./guitarforge/src/components/GuitarForgeApp.tsx [Client Component Browser]
    ./guitarforge/src/components/GuitarForgeApp.tsx [Server Component]
    ./guitarforge/src/app/page.tsx [Server Component]

  Client Component SSR:
    ./guitarforge/src/components/LearningCenterPage.tsx [Client Component SSR]
    ./guitarforge/src/components/GuitarForgeApp.tsx [Client Component SSR]
    ./guitarforge/src/components/GuitarForgeApp.tsx [Server Component]
    ./guitarforge/src/app/page.tsx [Server Component] @ http://localhost:3001/_next/static/chunks/a266a_next_dist_cfedd8c2._.js:3127
[  148236ms] [ERROR] ./guitarforge/src/components/LearningCenterPage.tsx:688:10
Ecmascript file had an error
  686 | }
  687 |
> 688 | function ChromaticTuner() {
      |          ^^^^^^^^^^^^^^
  689 |   const [listening, setListening] = useState(false);
  690 |   const [detected, setDetected] = useState<{ note: string; octave: number; cents: number; freq: number } | null>(null);
  691 |   const ctxRef = useRef<AudioContext | null>(null);

the name `ChromaticTuner` is defined multiple times

Import traces:
  Client Component Browser:
    ./guitarforge/src/components/LearningCenterPage.tsx [Client Component Browser]
    ./guitarforge/src/components/GuitarForgeApp.tsx [Client Component Browser]
    ./guitarforge/src/components/GuitarForgeApp.tsx [Server Component]
    ./guitarforge/src/app/page.tsx [Server Component]

  Client Component SSR:
    ./guitarforge/src/components/LearningCenterPage.tsx [Client Component SSR]
    ./guitarforge/src/components/GuitarForgeApp.tsx [Client Component SSR]
    ./guitarforge/src/components/GuitarForgeApp.tsx [Server Component]
    ./guitarforge/src/app/page.tsx [Server Component] @ http://localhost:3001/_next/static/chunks/a266a_next_dist_cfedd8c2._.js:3127
[  148313ms] [ERROR] ./guitarforge/src/components/LearningCenterPage.tsx:688:10
Ecmascript file had an error
  686 | }
  687 |
> 688 | function ChromaticTuner() {
      |          ^^^^^^^^^^^^^^
  689 |   const [listening, setListening] = useState(false);
  690 |   const [detected, setDetected] = useState<{ note: string; octave: number; cents: number; freq: number } | null>(null);
  691 |   const ctxRef = useRef<AudioContext | null>(null);

the name `ChromaticTuner` is defined multiple times

Import traces:
  Client Component Browser:
    ./guitarforge/src/components/LearningCenterPage.tsx [Client Component Browser]
    ./guitarforge/src/components/GuitarForgeApp.tsx [Client Component Browser]
    ./guitarforge/src/components/GuitarForgeApp.tsx [Server Component]
    ./guitarforge/src/app/page.tsx [Server Component]

  Client Component SSR:
    ./guitarforge/src/components/LearningCenterPage.tsx [Client Component SSR]
    ./guitarforge/src/components/GuitarForgeApp.tsx [Client Component SSR]
    ./guitarforge/src/components/GuitarForgeApp.tsx [Server Component]
    ./guitarforge/src/app/page.tsx [Server Component] @ http://localhost:3001/_next/static/chunks/a266a_next_dist_cfedd8c2._.js:3127
[  148391ms] [ERROR] ./guitarforge/src/components/LearningCenterPage.tsx:688:10
Ecmascript file had an error
  686 | }
  687 |
> 688 | function ChromaticTuner() {
      |          ^^^^^^^^^^^^^^
  689 |   const [listening, setListening] = useState(false);
  690 |   const [detected, setDetected] = useState<{ note: string; octave: number; cents: number; freq: number } | null>(null);
  691 |   const ctxRef = useRef<AudioContext | null>(null);

the name `ChromaticTuner` is defined multiple times

Import traces:
  Client Component Browser:
    ./guitarforge/src/components/LearningCenterPage.tsx [Client Component Browser]
    ./guitarforge/src/components/GuitarForgeApp.tsx [Client Component Browser]
    ./guitarforge/src/components/GuitarForgeApp.tsx [Server Component]
    ./guitarforge/src/app/page.tsx [Server Component]

  Client Component SSR:
    ./guitarforge/src/components/LearningCenterPage.tsx [Client Component SSR]
    ./guitarforge/src/components/GuitarForgeApp.tsx [Client Component SSR]
    ./guitarforge/src/components/GuitarForgeApp.tsx [Server Component]
    ./guitarforge/src/app/page.tsx [Server Component] @ http://localhost:3001/_next/static/chunks/a266a_next_dist_cfedd8c2._.js:3127
[  148470ms] [ERROR] ./guitarforge/src/components/LearningCenterPage.tsx:688:10
Ecmascript file had an error
  686 | }
  687 |
> 688 | function ChromaticTuner() {
      |          ^^^^^^^^^^^^^^
  689 |   const [listening, setListening] = useState(false);
  690 |   const [detected, setDetected] = useState<{ note: string; octave: number; cents: number; freq: number } | null>(null);
  691 |   const ctxRef = useRef<AudioContext | null>(null);

the name `ChromaticTuner` is defined multiple times

Import traces:
  Client Component Browser:
    ./guitarforge/src/components/LearningCenterPage.tsx [Client Component Browser]
    ./guitarforge/src/components/GuitarForgeApp.tsx [Client Component Browser]
    ./guitarforge/src/components/GuitarForgeApp.tsx [Server Component]
    ./guitarforge/src/app/page.tsx [Server Component]

  Client Component SSR:
    ./guitarforge/src/components/LearningCenterPage.tsx [Client Component SSR]
    ./guitarforge/src/components/GuitarForgeApp.tsx [Client Component SSR]
    ./guitarforge/src/components/GuitarForgeApp.tsx [Server Component]
    ./guitarforge/src/app/page.tsx [Server Component] @ http://localhost:3001/_next/static/chunks/a266a_next_dist_cfedd8c2._.js:3127
[  148547ms] [ERROR] ./guitarforge/src/components/LearningCenterPage.tsx:688:10
Ecmascript file had an error
  686 | }
  687 |
> 688 | function ChromaticTuner() {
      |          ^^^^^^^^^^^^^^
  689 |   const [listening, setListening] = useState(false);
  690 |   const [detected, setDetected] = useState<{ note: string; octave: number; cents: number; freq: number } | null>(null);
  691 |   const ctxRef = useRef<AudioContext | null>(null);

the name `ChromaticTuner` is defined multiple times

Import traces:
  Client Component Browser:
    ./guitarforge/src/components/LearningCenterPage.tsx [Client Component Browser]
    ./guitarforge/src/components/GuitarForgeApp.tsx [Client Component Browser]
    ./guitarforge/src/components/GuitarForgeApp.tsx [Server Component]
    ./guitarforge/src/app/page.tsx [Server Component]

  Client Component SSR:
    ./guitarforge/src/components/LearningCenterPage.tsx [Client Component SSR]
    ./guitarforge/src/components/GuitarForgeApp.tsx [Client Component SSR]
    ./guitarforge/src/components/GuitarForgeApp.tsx [Server Component]
    ./guitarforge/src/app/page.tsx [Server Component] @ http://localhost:3001/_next/static/chunks/a266a_next_dist_cfedd8c2._.js:3127
[  148625ms] [ERROR] ./guitarforge/src/components/LearningCenterPage.tsx:688:10
Ecmascript file had an error
  686 | }
  687 |
> 688 | function ChromaticTuner() {
      |          ^^^^^^^^^^^^^^
  689 |   const [listening, setListening] = useState(false);
  690 |   const [detected, setDetected] = useState<{ note: string; octave: number; cents: number; freq: number } | null>(null);
  691 |   const ctxRef = useRef<AudioContext | null>(null);

the name `ChromaticTuner` is defined multiple times

Import traces:
  Client Component Browser:
    ./guitarforge/src/components/LearningCenterPage.tsx [Client Component Browser]
    ./guitarforge/src/components/GuitarForgeApp.tsx [Client Component Browser]
    ./guitarforge/src/components/GuitarForgeApp.tsx [Server Component]
    ./guitarforge/src/app/page.tsx [Server Component]

  Client Component SSR:
    ./guitarforge/src/components/LearningCenterPage.tsx [Client Component SSR]
    ./guitarforge/src/components/GuitarForgeApp.tsx [Client Component SSR]
    ./guitarforge/src/components/GuitarForgeApp.tsx [Server Component]
    ./guitarforge/src/app/page.tsx [Server Component] @ http://localhost:3001/_next/static/chunks/a266a_next_dist_cfedd8c2._.js:3127
[  148702ms] [ERROR] ./guitarforge/src/components/LearningCenterPage.tsx:688:10
Ecmascript file had an error
  686 | }
  687 |
> 688 | function ChromaticTuner() {
      |          ^^^^^^^^^^^^^^
  689 |   const [listening, setListening] = useState(false);
  690 |   const [detected, setDetected] = useState<{ note: string; octave: number; cents: number; freq: number } | null>(null);
  691 |   const ctxRef = useRef<AudioContext | null>(null);

the name `ChromaticTuner` is defined multiple times

Import traces:
  Client Component Browser:
    ./guitarforge/src/components/LearningCenterPage.tsx [Client Component Browser]
    ./guitarforge/src/components/GuitarForgeApp.tsx [Client Component Browser]
    ./guitarforge/src/components/GuitarForgeApp.tsx [Server Component]
    ./guitarforge/src/app/page.tsx [Server Component]

  Client Component SSR:
    ./guitarforge/src/components/LearningCenterPage.tsx [Client Component SSR]
    ./guitarforge/src/components/GuitarForgeApp.tsx [Client Component SSR]
    ./guitarforge/src/components/GuitarForgeApp.tsx [Server Component]
    ./guitarforge/src/app/page.tsx [Server Component] @ http://localhost:3001/_next/static/chunks/a266a_next_dist_cfedd8c2._.js:3127
[  148780ms] [ERROR] ./guitarforge/src/components/LearningCenterPage.tsx:688:10
Ecmascript file had an error
  686 | }
  687 |
> 688 | function ChromaticTuner() {
      |          ^^^^^^^^^^^^^^
  689 |   const [listening, setListening] = useState(false);
  690 |   const [detected, setDetected] = useState<{ note: string; octave: number; cents: number; freq: number } | null>(null);
  691 |   const ctxRef = useRef<AudioContext | null>(null);

the name `ChromaticTuner` is defined multiple times

Import traces:
  Client Component Browser:
    ./guitarforge/src/components/LearningCenterPage.tsx [Client Component Browser]
    ./guitarforge/src/components/GuitarForgeApp.tsx [Client Component Browser]
    ./guitarforge/src/components/GuitarForgeApp.tsx [Server Component]
    ./guitarforge/src/app/page.tsx [Server Component]

  Client Component SSR:
    ./guitarforge/src/components/LearningCenterPage.tsx [Client Component SSR]
    ./guitarforge/src/components/GuitarForgeApp.tsx [Client Component SSR]
    ./guitarforge/src/components/GuitarForgeApp.tsx [Server Component]
    ./guitarforge/src/app/page.tsx [Server Component] @ http://localhost:3001/_next/static/chunks/a266a_next_dist_cfedd8c2._.js:3127
[  148858ms] [ERROR] ./guitarforge/src/components/LearningCenterPage.tsx:688:10
Ecmascript file had an error
  686 | }
  687 |
> 688 | function ChromaticTuner() {
      |          ^^^^^^^^^^^^^^
  689 |   const [listening, setListening] = useState(false);
  690 |   const [detected, setDetected] = useState<{ note: string; octave: number; cents: number; freq: number } | null>(null);
  691 |   const ctxRef = useRef<AudioContext | null>(null);

the name `ChromaticTuner` is defined multiple times

Import traces:
  Client Component Browser:
    ./guitarforge/src/components/LearningCenterPage.tsx [Client Component Browser]
    ./guitarforge/src/components/GuitarForgeApp.tsx [Client Component Browser]
    ./guitarforge/src/components/GuitarForgeApp.tsx [Server Component]
    ./guitarforge/src/app/page.tsx [Server Component]

  Client Component SSR:
    ./guitarforge/src/components/LearningCenterPage.tsx [Client Component SSR]
    ./guitarforge/src/components/GuitarForgeApp.tsx [Client Component SSR]
    ./guitarforge/src/components/GuitarForgeApp.tsx [Server Component]
    ./guitarforge/src/app/page.tsx [Server Component] @ http://localhost:3001/_next/static/chunks/a266a_next_dist_cfedd8c2._.js:3127
[  148934ms] [ERROR] ./guitarforge/src/components/LearningCenterPage.tsx:688:10
Ecmascript file had an error
  686 | }
  687 |
> 688 | function ChromaticTuner() {
      |          ^^^^^^^^^^^^^^
  689 |   const [listening, setListening] = useState(false);
  690 |   const [detected, setDetected] = useState<{ note: string; octave: number; cents: number; freq: number } | null>(null);
  691 |   const ctxRef = useRef<AudioContext | null>(null);

the name `ChromaticTuner` is defined multiple times

Import traces:
  Client Component Browser:
    ./guitarforge/src/components/LearningCenterPage.tsx [Client Component Browser]
    ./guitarforge/src/components/GuitarForgeApp.tsx [Client Component Browser]
    ./guitarforge/src/components/GuitarForgeApp.tsx [Server Component]
    ./guitarforge/src/app/page.tsx [Server Component]

  Client Component SSR:
    ./guitarforge/src/components/LearningCenterPage.tsx [Client Component SSR]
    ./guitarforge/src/components/GuitarForgeApp.tsx [Client Component SSR]
    ./guitarforge/src/components/GuitarForgeApp.tsx [Server Component]
    ./guitarforge/src/app/page.tsx [Server Component] @ http://localhost:3001/_next/static/chunks/a266a_next_dist_cfedd8c2._.js:3127
[  149012ms] [ERROR] ./guitarforge/src/components/LearningCenterPage.tsx:688:10
Ecmascript file had an error
  686 | }
  687 |
> 688 | function ChromaticTuner() {
      |          ^^^^^^^^^^^^^^
  689 |   const [listening, setListening] = useState(false);
  690 |   const [detected, setDetected] = useState<{ note: string; octave: number; cents: number; freq: number } | null>(null);
  691 |   const ctxRef = useRef<AudioContext | null>(null);

the name `ChromaticTuner` is defined multiple times

Import traces:
  Client Component Browser:
    ./guitarforge/src/components/LearningCenterPage.tsx [Client Component Browser]
    ./guitarforge/src/components/GuitarForgeApp.tsx [Client Component Browser]
    ./guitarforge/src/components/GuitarForgeApp.tsx [Server Component]
    ./guitarforge/src/app/page.tsx [Server Component]

  Client Component SSR:
    ./guitarforge/src/components/LearningCenterPage.tsx [Client Component SSR]
    ./guitarforge/src/components/GuitarForgeApp.tsx [Client Component SSR]
    ./guitarforge/src/components/GuitarForgeApp.tsx [Server Component]
    ./guitarforge/src/app/page.tsx [Server Component] @ http://localhost:3001/_next/static/chunks/a266a_next_dist_cfedd8c2._.js:3127
[  149088ms] [ERROR] ./guitarforge/src/components/LearningCenterPage.tsx:688:10
Ecmascript file had an error
  686 | }
  687 |
> 688 | function ChromaticTuner() {
      |          ^^^^^^^^^^^^^^
  689 |   const [listening, setListening] = useState(false);
  690 |   const [detected, setDetected] = useState<{ note: string; octave: number; cents: number; freq: number } | null>(null);
  691 |   const ctxRef = useRef<AudioContext | null>(null);

the name `ChromaticTuner` is defined multiple times

Import traces:
  Client Component Browser:
    ./guitarforge/src/components/LearningCenterPage.tsx [Client Component Browser]
    ./guitarforge/src/components/GuitarForgeApp.tsx [Client Component Browser]
    ./guitarforge/src/components/GuitarForgeApp.tsx [Server Component]
    ./guitarforge/src/app/page.tsx [Server Component]

  Client Component SSR:
    ./guitarforge/src/components/LearningCenterPage.tsx [Client Component SSR]
    ./guitarforge/src/components/GuitarForgeApp.tsx [Client Component SSR]
    ./guitarforge/src/components/GuitarForgeApp.tsx [Server Component]
    ./guitarforge/src/app/page.tsx [Server Component] @ http://localhost:3001/_next/static/chunks/a266a_next_dist_cfedd8c2._.js:3127
[  149168ms] [ERROR] ./guitarforge/src/components/LearningCenterPage.tsx:688:10
Ecmascript file had an error
  686 | }
  687 |
> 688 | function ChromaticTuner() {
      |          ^^^^^^^^^^^^^^
  689 |   const [listening, setListening] = useState(false);
  690 |   const [detected, setDetected] = useState<{ note: string; octave: number; cents: number; freq: number } | null>(null);
  691 |   const ctxRef = useRef<AudioContext | null>(null);

the name `ChromaticTuner` is defined multiple times

Import traces:
  Client Component Browser:
    ./guitarforge/src/components/LearningCenterPage.tsx [Client Component Browser]
    ./guitarforge/src/components/GuitarForgeApp.tsx [Client Component Browser]
    ./guitarforge/src/components/GuitarForgeApp.tsx [Server Component]
    ./guitarforge/src/app/page.tsx [Server Component]

  Client Component SSR:
    ./guitarforge/src/components/LearningCenterPage.tsx [Client Component SSR]
    ./guitarforge/src/components/GuitarForgeApp.tsx [Client Component SSR]
    ./guitarforge/src/components/GuitarForgeApp.tsx [Server Component]
    ./guitarforge/src/app/page.tsx [Server Component] @ http://localhost:3001/_next/static/chunks/a266a_next_dist_cfedd8c2._.js:3127
[  149242ms] [ERROR] ./guitarforge/src/components/LearningCenterPage.tsx:688:10
Ecmascript file had an error
  686 | }
  687 |
> 688 | function ChromaticTuner() {
      |          ^^^^^^^^^^^^^^
  689 |   const [listening, setListening] = useState(false);
  690 |   const [detected, setDetected] = useState<{ note: string; octave: number; cents: number; freq: number } | null>(null);
  691 |   const ctxRef = useRef<AudioContext | null>(null);

the name `ChromaticTuner` is defined multiple times

Import traces:
  Client Component Browser:
    ./guitarforge/src/components/LearningCenterPage.tsx [Client Component Browser]
    ./guitarforge/src/components/GuitarForgeApp.tsx [Client Component Browser]
    ./guitarforge/src/components/GuitarForgeApp.tsx [Server Component]
    ./guitarforge/src/app/page.tsx [Server Component]

  Client Component SSR:
    ./guitarforge/src/components/LearningCenterPage.tsx [Client Component SSR]
    ./guitarforge/src/components/GuitarForgeApp.tsx [Client Component SSR]
    ./guitarforge/src/components/GuitarForgeApp.tsx [Server Component]
    ./guitarforge/src/app/page.tsx [Server Component] @ http://localhost:3001/_next/static/chunks/a266a_next_dist_cfedd8c2._.js:3127
[  149320ms] [ERROR] ./guitarforge/src/components/LearningCenterPage.tsx:688:10
Ecmascript file had an error
  686 | }
  687 |
> 688 | function ChromaticTuner() {
      |          ^^^^^^^^^^^^^^
  689 |   const [listening, setListening] = useState(false);
  690 |   const [detected, setDetected] = useState<{ note: string; octave: number; cents: number; freq: number } | null>(null);
  691 |   const ctxRef = useRef<AudioContext | null>(null);

the name `ChromaticTuner` is defined multiple times

Import traces:
  Client Component Browser:
    ./guitarforge/src/components/LearningCenterPage.tsx [Client Component Browser]
    ./guitarforge/src/components/GuitarForgeApp.tsx [Client Component Browser]
    ./guitarforge/src/components/GuitarForgeApp.tsx [Server Component]
    ./guitarforge/src/app/page.tsx [Server Component]

  Client Component SSR:
    ./guitarforge/src/components/LearningCenterPage.tsx [Client Component SSR]
    ./guitarforge/src/components/GuitarForgeApp.tsx [Client Component SSR]
    ./guitarforge/src/components/GuitarForgeApp.tsx [Server Component]
    ./guitarforge/src/app/page.tsx [Server Component] @ http://localhost:3001/_next/static/chunks/a266a_next_dist_cfedd8c2._.js:3127
[  149398ms] [ERROR] ./guitarforge/src/components/LearningCenterPage.tsx:688:10
Ecmascript file had an error
  686 | }
  687 |
> 688 | function ChromaticTuner() {
      |          ^^^^^^^^^^^^^^
  689 |   const [listening, setListening] = useState(false);
  690 |   const [detected, setDetected] = useState<{ note: string; octave: number; cents: number; freq: number } | null>(null);
  691 |   const ctxRef = useRef<AudioContext | null>(null);

the name `ChromaticTuner` is defined multiple times

Import traces:
  Client Component Browser:
    ./guitarforge/src/components/LearningCenterPage.tsx [Client Component Browser]
    ./guitarforge/src/components/GuitarForgeApp.tsx [Client Component Browser]
    ./guitarforge/src/components/GuitarForgeApp.tsx [Server Component]
    ./guitarforge/src/app/page.tsx [Server Component]

  Client Component SSR:
    ./guitarforge/src/components/LearningCenterPage.tsx [Client Component SSR]
    ./guitarforge/src/components/GuitarForgeApp.tsx [Client Component SSR]
    ./guitarforge/src/components/GuitarForgeApp.tsx [Server Component]
    ./guitarforge/src/app/page.tsx [Server Component] @ http://localhost:3001/_next/static/chunks/a266a_next_dist_cfedd8c2._.js:3127
[  149477ms] [ERROR] ./guitarforge/src/components/LearningCenterPage.tsx:688:10
Ecmascript file had an error
  686 | }
  687 |
> 688 | function ChromaticTuner() {
      |          ^^^^^^^^^^^^^^
  689 |   const [listening, setListening] = useState(false);
  690 |   const [detected, setDetected] = useState<{ note: string; octave: number; cents: number; freq: number } | null>(null);
  691 |   const ctxRef = useRef<AudioContext | null>(null);

the name `ChromaticTuner` is defined multiple times

Import traces:
  Client Component Browser:
    ./guitarforge/src/components/LearningCenterPage.tsx [Client Component Browser]
    ./guitarforge/src/components/GuitarForgeApp.tsx [Client Component Browser]
    ./guitarforge/src/components/GuitarForgeApp.tsx [Server Component]
    ./guitarforge/src/app/page.tsx [Server Component]

  Client Component SSR:
    ./guitarforge/src/components/LearningCenterPage.tsx [Client Component SSR]
    ./guitarforge/src/components/GuitarForgeApp.tsx [Client Component SSR]
    ./guitarforge/src/components/GuitarForgeApp.tsx [Server Component]
    ./guitarforge/src/app/page.tsx [Server Component] @ http://localhost:3001/_next/static/chunks/a266a_next_dist_cfedd8c2._.js:3127
[  149572ms] [ERROR] ./guitarforge/src/components/LearningCenterPage.tsx:688:10
Ecmascript file had an error
  686 | }
  687 |
> 688 | function ChromaticTuner() {
      |          ^^^^^^^^^^^^^^
  689 |   const [listening, setListening] = useState(false);
  690 |   const [detected, setDetected] = useState<{ note: string; octave: number; cents: number; freq: number } | null>(null);
  691 |   const ctxRef = useRef<AudioContext | null>(null);

the name `ChromaticTuner` is defined multiple times

Import traces:
  Client Component Browser:
    ./guitarforge/src/components/LearningCenterPage.tsx [Client Component Browser]
    ./guitarforge/src/components/GuitarForgeApp.tsx [Client Component Browser]
    ./guitarforge/src/components/GuitarForgeApp.tsx [Server Component]
    ./guitarforge/src/app/page.tsx [Server Component]

  Client Component SSR:
    ./guitarforge/src/components/LearningCenterPage.tsx [Client Component SSR]
    ./guitarforge/src/components/GuitarForgeApp.tsx [Client Component SSR]
    ./guitarforge/src/components/GuitarForgeApp.tsx [Server Component]
    ./guitarforge/src/app/page.tsx [Server Component] @ http://localhost:3001/_next/static/chunks/a266a_next_dist_cfedd8c2._.js:3127
[  149587ms] [LOG] [Fast Refresh] rebuilding @ http://localhost:3001/_next/static/chunks/a266a_next_dist_cfedd8c2._.js:2297
[  149663ms] [ERROR] ./guitarforge/src/components/LearningCenterPage.tsx:688:10
Ecmascript file had an error
  686 | }
  687 |
> 688 | function ChromaticTuner() {
      |          ^^^^^^^^^^^^^^
  689 |   const [listening, setListening] = useState(false);
  690 |   const [detected, setDetected] = useState<{ note: string; octave: number; cents: number; freq: number } | null>(null);
  691 |   const ctxRef = useRef<AudioContext | null>(null);

the name `ChromaticTuner` is defined multiple times

Import traces:
  Client Component Browser:
    ./guitarforge/src/components/LearningCenterPage.tsx [Client Component Browser]
    ./guitarforge/src/components/GuitarForgeApp.tsx [Client Component Browser]
    ./guitarforge/src/components/GuitarForgeApp.tsx [Server Component]
    ./guitarforge/src/app/page.tsx [Server Component]

  Client Component SSR:
    ./guitarforge/src/components/LearningCenterPage.tsx [Client Component SSR]
    ./guitarforge/src/components/GuitarForgeApp.tsx [Client Component SSR]
    ./guitarforge/src/components/GuitarForgeApp.tsx [Server Component]
    ./guitarforge/src/app/page.tsx [Server Component] @ http://localhost:3001/_next/static/chunks/a266a_next_dist_cfedd8c2._.js:3127
[  149740ms] [ERROR] ./guitarforge/src/components/LearningCenterPage.tsx:688:10
Ecmascript file had an error
  686 | }
  687 |
> 688 | function ChromaticTuner() {
      |          ^^^^^^^^^^^^^^
  689 |   const [listening, setListening] = useState(false);
  690 |   const [detected, setDetected] = useState<{ note: string; octave: number; cents: number; freq: number } | null>(null);
  691 |   const ctxRef = useRef<AudioContext | null>(null);

the name `ChromaticTuner` is defined multiple times

Import traces:
  Client Component Browser:
    ./guitarforge/src/components/LearningCenterPage.tsx [Client Component Browser]
    ./guitarforge/src/components/GuitarForgeApp.tsx [Client Component Browser]
    ./guitarforge/src/components/GuitarForgeApp.tsx [Server Component]
    ./guitarforge/src/app/page.tsx [Server Component]

  Client Component SSR:
    ./guitarforge/src/components/LearningCenterPage.tsx [Client Component SSR]
    ./guitarforge/src/components/GuitarForgeApp.tsx [Client Component SSR]
    ./guitarforge/src/components/GuitarForgeApp.tsx [Server Component]
    ./guitarforge/src/app/page.tsx [Server Component] @ http://localhost:3001/_next/static/chunks/a266a_next_dist_cfedd8c2._.js:3127
[  149817ms] [ERROR] ./guitarforge/src/components/LearningCenterPage.tsx:688:10
Ecmascript file had an error
  686 | }
  687 |
> 688 | function ChromaticTuner() {
      |          ^^^^^^^^^^^^^^
  689 |   const [listening, setListening] = useState(false);
  690 |   const [detected, setDetected] = useState<{ note: string; octave: number; cents: number; freq: number } | null>(null);
  691 |   const ctxRef = useRef<AudioContext | null>(null);

the name `ChromaticTuner` is defined multiple times

Import traces:
  Client Component Browser:
    ./guitarforge/src/components/LearningCenterPage.tsx [Client Component Browser]
    ./guitarforge/src/components/GuitarForgeApp.tsx [Client Component Browser]
    ./guitarforge/src/components/GuitarForgeApp.tsx [Server Component]
    ./guitarforge/src/app/page.tsx [Server Component]

  Client Component SSR:
    ./guitarforge/src/components/LearningCenterPage.tsx [Client Component SSR]
    ./guitarforge/src/components/GuitarForgeApp.tsx [Client Component SSR]
    ./guitarforge/src/components/GuitarForgeApp.tsx [Server Component]
    ./guitarforge/src/app/page.tsx [Server Component] @ http://localhost:3001/_next/static/chunks/a266a_next_dist_cfedd8c2._.js:3127
[  149895ms] [ERROR] ./guitarforge/src/components/LearningCenterPage.tsx:688:10
Ecmascript file had an error
  686 | }
  687 |
> 688 | function ChromaticTuner() {
      |          ^^^^^^^^^^^^^^
  689 |   const [listening, setListening] = useState(false);
  690 |   const [detected, setDetected] = useState<{ note: string; octave: number; cents: number; freq: number } | null>(null);
  691 |   const ctxRef = useRef<AudioContext | null>(null);

the name `ChromaticTuner` is defined multiple times

Import traces:
  Client Component Browser:
    ./guitarforge/src/components/LearningCenterPage.tsx [Client Component Browser]
    ./guitarforge/src/components/GuitarForgeApp.tsx [Client Component Browser]
    ./guitarforge/src/components/GuitarForgeApp.tsx [Server Component]
    ./guitarforge/src/app/page.tsx [Server Component]

  Client Component SSR:
    ./guitarforge/src/components/LearningCenterPage.tsx [Client Component SSR]
    ./guitarforge/src/components/GuitarForgeApp.tsx [Client Component SSR]
    ./guitarforge/src/components/GuitarForgeApp.tsx [Server Component]
    ./guitarforge/src/app/page.tsx [Server Component] @ http://localhost:3001/_next/static/chunks/a266a_next_dist_cfedd8c2._.js:3127
[  149975ms] [ERROR] ./guitarforge/src/components/LearningCenterPage.tsx:688:10
Ecmascript file had an error
  686 | }
  687 |
> 688 | function ChromaticTuner() {
      |          ^^^^^^^^^^^^^^
  689 |   const [listening, setListening] = useState(false);
  690 |   const [detected, setDetected] = useState<{ note: string; octave: number; cents: number; freq: number } | null>(null);
  691 |   const ctxRef = useRef<AudioContext | null>(null);

the name `ChromaticTuner` is defined multiple times

Import traces:
  Client Component Browser:
    ./guitarforge/src/components/LearningCenterPage.tsx [Client Component Browser]
    ./guitarforge/src/components/GuitarForgeApp.tsx [Client Component Browser]
    ./guitarforge/src/components/GuitarForgeApp.tsx [Server Component]
    ./guitarforge/src/app/page.tsx [Server Component]

  Client Component SSR:
    ./guitarforge/src/components/LearningCenterPage.tsx [Client Component SSR]
    ./guitarforge/src/components/GuitarForgeApp.tsx [Client Component SSR]
    ./guitarforge/src/components/GuitarForgeApp.tsx [Server Component]
    ./guitarforge/src/app/page.tsx [Server Component] @ http://localhost:3001/_next/static/chunks/a266a_next_dist_cfedd8c2._.js:3127
[  150053ms] [ERROR] ./guitarforge/src/components/LearningCenterPage.tsx:688:10
Ecmascript file had an error
  686 | }
  687 |
> 688 | function ChromaticTuner() {
      |          ^^^^^^^^^^^^^^
  689 |   const [listening, setListening] = useState(false);
  690 |   const [detected, setDetected] = useState<{ note: string; octave: number; cents: number; freq: number } | null>(null);
  691 |   const ctxRef = useRef<AudioContext | null>(null);

the name `ChromaticTuner` is defined multiple times

Import traces:
  Client Component Browser:
    ./guitarforge/src/components/LearningCenterPage.tsx [Client Component Browser]
    ./guitarforge/src/components/GuitarForgeApp.tsx [Client Component Browser]
    ./guitarforge/src/components/GuitarForgeApp.tsx [Server Component]
    ./guitarforge/src/app/page.tsx [Server Component]

  Client Component SSR:
    ./guitarforge/src/components/LearningCenterPage.tsx [Client Component SSR]
    ./guitarforge/src/components/GuitarForgeApp.tsx [Client Component SSR]
    ./guitarforge/src/components/GuitarForgeApp.tsx [Server Component]
    ./guitarforge/src/app/page.tsx [Server Component] @ http://localhost:3001/_next/static/chunks/a266a_next_dist_cfedd8c2._.js:3127
[  150130ms] [ERROR] ./guitarforge/src/components/LearningCenterPage.tsx:688:10
Ecmascript file had an error
  686 | }
  687 |
> 688 | function ChromaticTuner() {
      |          ^^^^^^^^^^^^^^
  689 |   const [listening, setListening] = useState(false);
  690 |   const [detected, setDetected] = useState<{ note: string; octave: number; cents: number; freq: number } | null>(null);
  691 |   const ctxRef = useRef<AudioContext | null>(null);

the name `ChromaticTuner` is defined multiple times

Import traces:
  Client Component Browser:
    ./guitarforge/src/components/LearningCenterPage.tsx [Client Component Browser]
    ./guitarforge/src/components/GuitarForgeApp.tsx [Client Component Browser]
    ./guitarforge/src/components/GuitarForgeApp.tsx [Server Component]
    ./guitarforge/src/app/page.tsx [Server Component]

  Client Component SSR:
    ./guitarforge/src/components/LearningCenterPage.tsx [Client Component SSR]
    ./guitarforge/src/components/GuitarForgeApp.tsx [Client Component SSR]
    ./guitarforge/src/components/GuitarForgeApp.tsx [Server Component]
    ./guitarforge/src/app/page.tsx [Server Component] @ http://localhost:3001/_next/static/chunks/a266a_next_dist_cfedd8c2._.js:3127
[  150207ms] [ERROR] ./guitarforge/src/components/LearningCenterPage.tsx:688:10
Ecmascript file had an error
  686 | }
  687 |
> 688 | function ChromaticTuner() {
      |          ^^^^^^^^^^^^^^
  689 |   const [listening, setListening] = useState(false);
  690 |   const [detected, setDetected] = useState<{ note: string; octave: number; cents: number; freq: number } | null>(null);
  691 |   const ctxRef = useRef<AudioContext | null>(null);

the name `ChromaticTuner` is defined multiple times

Import traces:
  Client Component Browser:
    ./guitarforge/src/components/LearningCenterPage.tsx [Client Component Browser]
    ./guitarforge/src/components/GuitarForgeApp.tsx [Client Component Browser]
    ./guitarforge/src/components/GuitarForgeApp.tsx [Server Component]
    ./guitarforge/src/app/page.tsx [Server Component]

  Client Component SSR:
    ./guitarforge/src/components/LearningCenterPage.tsx [Client Component SSR]
    ./guitarforge/src/components/GuitarForgeApp.tsx [Client Component SSR]
    ./guitarforge/src/components/GuitarForgeApp.tsx [Server Component]
    ./guitarforge/src/app/page.tsx [Server Component] @ http://localhost:3001/_next/static/chunks/a266a_next_dist_cfedd8c2._.js:3127
[  150285ms] [ERROR] ./guitarforge/src/components/LearningCenterPage.tsx:688:10
Ecmascript file had an error
  686 | }
  687 |
> 688 | function ChromaticTuner() {
      |          ^^^^^^^^^^^^^^
  689 |   const [listening, setListening] = useState(false);
  690 |   const [detected, setDetected] = useState<{ note: string; octave: number; cents: number; freq: number } | null>(null);
  691 |   const ctxRef = useRef<AudioContext | null>(null);

the name `ChromaticTuner` is defined multiple times

Import traces:
  Client Component Browser:
    ./guitarforge/src/components/LearningCenterPage.tsx [Client Component Browser]
    ./guitarforge/src/components/GuitarForgeApp.tsx [Client Component Browser]
    ./guitarforge/src/components/GuitarForgeApp.tsx [Server Component]
    ./guitarforge/src/app/page.tsx [Server Component]

  Client Component SSR:
    ./guitarforge/src/components/LearningCenterPage.tsx [Client Component SSR]
    ./guitarforge/src/components/GuitarForgeApp.tsx [Client Component SSR]
    ./guitarforge/src/components/GuitarForgeApp.tsx [Server Component]
    ./guitarforge/src/app/page.tsx [Server Component] @ http://localhost:3001/_next/static/chunks/a266a_next_dist_cfedd8c2._.js:3127
[  150363ms] [ERROR] ./guitarforge/src/components/LearningCenterPage.tsx:688:10
Ecmascript file had an error
  686 | }
  687 |
> 688 | function ChromaticTuner() {
      |          ^^^^^^^^^^^^^^
  689 |   const [listening, setListening] = useState(false);
  690 |   const [detected, setDetected] = useState<{ note: string; octave: number; cents: number; freq: number } | null>(null);
  691 |   const ctxRef = useRef<AudioContext | null>(null);

the name `ChromaticTuner` is defined multiple times

Import traces:
  Client Component Browser:
    ./guitarforge/src/components/LearningCenterPage.tsx [Client Component Browser]
    ./guitarforge/src/components/GuitarForgeApp.tsx [Client Component Browser]
    ./guitarforge/src/components/GuitarForgeApp.tsx [Server Component]
    ./guitarforge/src/app/page.tsx [Server Component]

  Client Component SSR:
    ./guitarforge/src/components/LearningCenterPage.tsx [Client Component SSR]
    ./guitarforge/src/components/GuitarForgeApp.tsx [Client Component SSR]
    ./guitarforge/src/components/GuitarForgeApp.tsx [Server Component]
    ./guitarforge/src/app/page.tsx [Server Component] @ http://localhost:3001/_next/static/chunks/a266a_next_dist_cfedd8c2._.js:3127
[  150444ms] [ERROR] ./guitarforge/src/components/LearningCenterPage.tsx:688:10
Ecmascript file had an error
  686 | }
  687 |
> 688 | function ChromaticTuner() {
      |          ^^^^^^^^^^^^^^
  689 |   const [listening, setListening] = useState(false);
  690 |   const [detected, setDetected] = useState<{ note: string; octave: number; cents: number; freq: number } | null>(null);
  691 |   const ctxRef = useRef<AudioContext | null>(null);

the name `ChromaticTuner` is defined multiple times

Import traces:
  Client Component Browser:
    ./guitarforge/src/components/LearningCenterPage.tsx [Client Component Browser]
    ./guitarforge/src/components/GuitarForgeApp.tsx [Client Component Browser]
    ./guitarforge/src/components/GuitarForgeApp.tsx [Server Component]
    ./guitarforge/src/app/page.tsx [Server Component]

  Client Component SSR:
    ./guitarforge/src/components/LearningCenterPage.tsx [Client Component SSR]
    ./guitarforge/src/components/GuitarForgeApp.tsx [Client Component SSR]
    ./guitarforge/src/components/GuitarForgeApp.tsx [Server Component]
    ./guitarforge/src/app/page.tsx [Server Component] @ http://localhost:3001/_next/static/chunks/a266a_next_dist_cfedd8c2._.js:3127
[  150517ms] [ERROR] ./guitarforge/src/components/LearningCenterPage.tsx:688:10
Ecmascript file had an error
  686 | }
  687 |
> 688 | function ChromaticTuner() {
      |          ^^^^^^^^^^^^^^
  689 |   const [listening, setListening] = useState(false);
  690 |   const [detected, setDetected] = useState<{ note: string; octave: number; cents: number; freq: number } | null>(null);
  691 |   const ctxRef = useRef<AudioContext | null>(null);

the name `ChromaticTuner` is defined multiple times

Import traces:
  Client Component Browser:
    ./guitarforge/src/components/LearningCenterPage.tsx [Client Component Browser]
    ./guitarforge/src/components/GuitarForgeApp.tsx [Client Component Browser]
    ./guitarforge/src/components/GuitarForgeApp.tsx [Server Component]
    ./guitarforge/src/app/page.tsx [Server Component]

  Client Component SSR:
    ./guitarforge/src/components/LearningCenterPage.tsx [Client Component SSR]
    ./guitarforge/src/components/GuitarForgeApp.tsx [Client Component SSR]
    ./guitarforge/src/components/GuitarForgeApp.tsx [Server Component]
    ./guitarforge/src/app/page.tsx [Server Component] @ http://localhost:3001/_next/static/chunks/a266a_next_dist_cfedd8c2._.js:3127
[  150595ms] [ERROR] ./guitarforge/src/components/LearningCenterPage.tsx:688:10
Ecmascript file had an error
  686 | }
  687 |
> 688 | function ChromaticTuner() {
      |          ^^^^^^^^^^^^^^
  689 |   const [listening, setListening] = useState(false);
  690 |   const [detected, setDetected] = useState<{ note: string; octave: number; cents: number; freq: number } | null>(null);
  691 |   const ctxRef = useRef<AudioContext | null>(null);

the name `ChromaticTuner` is defined multiple times

Import traces:
  Client Component Browser:
    ./guitarforge/src/components/LearningCenterPage.tsx [Client Component Browser]
    ./guitarforge/src/components/GuitarForgeApp.tsx [Client Component Browser]
    ./guitarforge/src/components/GuitarForgeApp.tsx [Server Component]
    ./guitarforge/src/app/page.tsx [Server Component]

  Client Component SSR:
    ./guitarforge/src/components/LearningCenterPage.tsx [Client Component SSR]
    ./guitarforge/src/components/GuitarForgeApp.tsx [Client Component SSR]
    ./guitarforge/src/components/GuitarForgeApp.tsx [Server Component]
    ./guitarforge/src/app/page.tsx [Server Component] @ http://localhost:3001/_next/static/chunks/a266a_next_dist_cfedd8c2._.js:3127
[  150673ms] [ERROR] ./guitarforge/src/components/LearningCenterPage.tsx:688:10
Ecmascript file had an error
  686 | }
  687 |
> 688 | function ChromaticTuner() {
      |          ^^^^^^^^^^^^^^
  689 |   const [listening, setListening] = useState(false);
  690 |   const [detected, setDetected] = useState<{ note: string; octave: number; cents: number; freq: number } | null>(null);
  691 |   const ctxRef = useRef<AudioContext | null>(null);

the name `ChromaticTuner` is defined multiple times

Import traces:
  Client Component Browser:
    ./guitarforge/src/components/LearningCenterPage.tsx [Client Component Browser]
    ./guitarforge/src/components/GuitarForgeApp.tsx [Client Component Browser]
    ./guitarforge/src/components/GuitarForgeApp.tsx [Server Component]
    ./guitarforge/src/app/page.tsx [Server Component]

  Client Component SSR:
    ./guitarforge/src/components/LearningCenterPage.tsx [Client Component SSR]
    ./guitarforge/src/components/GuitarForgeApp.tsx [Client Component SSR]
    ./guitarforge/src/components/GuitarForgeApp.tsx [Server Component]
    ./guitarforge/src/app/page.tsx [Server Component] @ http://localhost:3001/_next/static/chunks/a266a_next_dist_cfedd8c2._.js:3127
[  150750ms] [ERROR] ./guitarforge/src/components/LearningCenterPage.tsx:688:10
Ecmascript file had an error
  686 | }
  687 |
> 688 | function ChromaticTuner() {
      |          ^^^^^^^^^^^^^^
  689 |   const [listening, setListening] = useState(false);
  690 |   const [detected, setDetected] = useState<{ note: string; octave: number; cents: number; freq: number } | null>(null);
  691 |   const ctxRef = useRef<AudioContext | null>(null);

the name `ChromaticTuner` is defined multiple times

Import traces:
  Client Component Browser:
    ./guitarforge/src/components/LearningCenterPage.tsx [Client Component Browser]
    ./guitarforge/src/components/GuitarForgeApp.tsx [Client Component Browser]
    ./guitarforge/src/components/GuitarForgeApp.tsx [Server Component]
    ./guitarforge/src/app/page.tsx [Server Component]

  Client Component SSR:
    ./guitarforge/src/components/LearningCenterPage.tsx [Client Component SSR]
    ./guitarforge/src/components/GuitarForgeApp.tsx [Client Component SSR]
    ./guitarforge/src/components/GuitarForgeApp.tsx [Server Component]
    ./guitarforge/src/app/page.tsx [Server Component] @ http://localhost:3001/_next/static/chunks/a266a_next_dist_cfedd8c2._.js:3127
[  150830ms] [ERROR] ./guitarforge/src/components/LearningCenterPage.tsx:688:10
Ecmascript file had an error
  686 | }
  687 |
> 688 | function ChromaticTuner() {
      |          ^^^^^^^^^^^^^^
  689 |   const [listening, setListening] = useState(false);
  690 |   const [detected, setDetected] = useState<{ note: string; octave: number; cents: number; freq: number } | null>(null);
  691 |   const ctxRef = useRef<AudioContext | null>(null);

the name `ChromaticTuner` is defined multiple times

Import traces:
  Client Component Browser:
    ./guitarforge/src/components/LearningCenterPage.tsx [Client Component Browser]
    ./guitarforge/src/components/GuitarForgeApp.tsx [Client Component Browser]
    ./guitarforge/src/components/GuitarForgeApp.tsx [Server Component]
    ./guitarforge/src/app/page.tsx [Server Component]

  Client Component SSR:
    ./guitarforge/src/components/LearningCenterPage.tsx [Client Component SSR]
    ./guitarforge/src/components/GuitarForgeApp.tsx [Client Component SSR]
    ./guitarforge/src/components/GuitarForgeApp.tsx [Server Component]
    ./guitarforge/src/app/page.tsx [Server Component] @ http://localhost:3001/_next/static/chunks/a266a_next_dist_cfedd8c2._.js:3127
[  150905ms] [ERROR] ./guitarforge/src/components/LearningCenterPage.tsx:688:10
Ecmascript file had an error
  686 | }
  687 |
> 688 | function ChromaticTuner() {
      |          ^^^^^^^^^^^^^^
  689 |   const [listening, setListening] = useState(false);
  690 |   const [detected, setDetected] = useState<{ note: string; octave: number; cents: number; freq: number } | null>(null);
  691 |   const ctxRef = useRef<AudioContext | null>(null);

the name `ChromaticTuner` is defined multiple times

Import traces:
  Client Component Browser:
    ./guitarforge/src/components/LearningCenterPage.tsx [Client Component Browser]
    ./guitarforge/src/components/GuitarForgeApp.tsx [Client Component Browser]
    ./guitarforge/src/components/GuitarForgeApp.tsx [Server Component]
    ./guitarforge/src/app/page.tsx [Server Component]

  Client Component SSR:
    ./guitarforge/src/components/LearningCenterPage.tsx [Client Component SSR]
    ./guitarforge/src/components/GuitarForgeApp.tsx [Client Component SSR]
    ./guitarforge/src/components/GuitarForgeApp.tsx [Server Component]
    ./guitarforge/src/app/page.tsx [Server Component] @ http://localhost:3001/_next/static/chunks/a266a_next_dist_cfedd8c2._.js:3127
[  150970ms] [ERROR] ./guitarforge/src/components/LearningCenterPage.tsx:688:10
Ecmascript file had an error
  686 | }
  687 |
> 688 | function ChromaticTuner() {
      |          ^^^^^^^^^^^^^^
  689 |   const [listening, setListening] = useState(false);
  690 |   const [detected, setDetected] = useState<{ note: string; octave: number; cents: number; freq: number } | null>(null);
  691 |   const ctxRef = useRef<AudioContext | null>(null);

the name `ChromaticTuner` is defined multiple times

Import traces:
  Client Component Browser:
    ./guitarforge/src/components/LearningCenterPage.tsx [Client Component Browser]
    ./guitarforge/src/components/GuitarForgeApp.tsx [Client Component Browser]
    ./guitarforge/src/components/GuitarForgeApp.tsx [Server Component]
    ./guitarforge/src/app/page.tsx [Server Component]

  Client Component SSR:
    ./guitarforge/src/components/LearningCenterPage.tsx [Client Component SSR]
    ./guitarforge/src/components/GuitarForgeApp.tsx [Client Component SSR]
    ./guitarforge/src/components/GuitarForgeApp.tsx [Server Component]
    ./guitarforge/src/app/page.tsx [Server Component] @ http://localhost:3001/_next/static/chunks/a266a_next_dist_cfedd8c2._.js:3127
[  151048ms] [ERROR] ./guitarforge/src/components/LearningCenterPage.tsx:688:10
Ecmascript file had an error
  686 | }
  687 |
> 688 | function ChromaticTuner() {
      |          ^^^^^^^^^^^^^^
  689 |   const [listening, setListening] = useState(false);
  690 |   const [detected, setDetected] = useState<{ note: string; octave: number; cents: number; freq: number } | null>(null);
  691 |   const ctxRef = useRef<AudioContext | null>(null);

the name `ChromaticTuner` is defined multiple times

Import traces:
  Client Component Browser:
    ./guitarforge/src/components/LearningCenterPage.tsx [Client Component Browser]
    ./guitarforge/src/components/GuitarForgeApp.tsx [Client Component Browser]
    ./guitarforge/src/components/GuitarForgeApp.tsx [Server Component]
    ./guitarforge/src/app/page.tsx [Server Component]

  Client Component SSR:
    ./guitarforge/src/components/LearningCenterPage.tsx [Client Component SSR]
    ./guitarforge/src/components/GuitarForgeApp.tsx [Client Component SSR]
    ./guitarforge/src/components/GuitarForgeApp.tsx [Server Component]
    ./guitarforge/src/app/page.tsx [Server Component] @ http://localhost:3001/_next/static/chunks/a266a_next_dist_cfedd8c2._.js:3127
[  151127ms] [ERROR] ./guitarforge/src/components/LearningCenterPage.tsx:688:10
Ecmascript file had an error
  686 | }
  687 |
> 688 | function ChromaticTuner() {
      |          ^^^^^^^^^^^^^^
  689 |   const [listening, setListening] = useState(false);
  690 |   const [detected, setDetected] = useState<{ note: string; octave: number; cents: number; freq: number } | null>(null);
  691 |   const ctxRef = useRef<AudioContext | null>(null);

the name `ChromaticTuner` is defined multiple times

Import traces:
  Client Component Browser:
    ./guitarforge/src/components/LearningCenterPage.tsx [Client Component Browser]
    ./guitarforge/src/components/GuitarForgeApp.tsx [Client Component Browser]
    ./guitarforge/src/components/GuitarForgeApp.tsx [Server Component]
    ./guitarforge/src/app/page.tsx [Server Component]

  Client Component SSR:
    ./guitarforge/src/components/LearningCenterPage.tsx [Client Component SSR]
    ./guitarforge/src/components/GuitarForgeApp.tsx [Client Component SSR]
    ./guitarforge/src/components/GuitarForgeApp.tsx [Server Component]
    ./guitarforge/src/app/page.tsx [Server Component] @ http://localhost:3001/_next/static/chunks/a266a_next_dist_cfedd8c2._.js:3127
[  151205ms] [ERROR] ./guitarforge/src/components/LearningCenterPage.tsx:688:10
Ecmascript file had an error
  686 | }
  687 |
> 688 | function ChromaticTuner() {
      |          ^^^^^^^^^^^^^^
  689 |   const [listening, setListening] = useState(false);
  690 |   const [detected, setDetected] = useState<{ note: string; octave: number; cents: number; freq: number } | null>(null);
  691 |   const ctxRef = useRef<AudioContext | null>(null);

the name `ChromaticTuner` is defined multiple times

Import traces:
  Client Component Browser:
    ./guitarforge/src/components/LearningCenterPage.tsx [Client Component Browser]
    ./guitarforge/src/components/GuitarForgeApp.tsx [Client Component Browser]
    ./guitarforge/src/components/GuitarForgeApp.tsx [Server Component]
    ./guitarforge/src/app/page.tsx [Server Component]

  Client Component SSR:
    ./guitarforge/src/components/LearningCenterPage.tsx [Client Component SSR]
    ./guitarforge/src/components/GuitarForgeApp.tsx [Client Component SSR]
    ./guitarforge/src/components/GuitarForgeApp.tsx [Server Component]
    ./guitarforge/src/app/page.tsx [Server Component] @ http://localhost:3001/_next/static/chunks/a266a_next_dist_cfedd8c2._.js:3127
[  151280ms] [ERROR] ./guitarforge/src/components/LearningCenterPage.tsx:688:10
Ecmascript file had an error
  686 | }
  687 |
> 688 | function ChromaticTuner() {
      |          ^^^^^^^^^^^^^^
  689 |   const [listening, setListening] = useState(false);
  690 |   const [detected, setDetected] = useState<{ note: string; octave: number; cents: number; freq: number } | null>(null);
  691 |   const ctxRef = useRef<AudioContext | null>(null);

the name `ChromaticTuner` is defined multiple times

Import traces:
  Client Component Browser:
    ./guitarforge/src/components/LearningCenterPage.tsx [Client Component Browser]
    ./guitarforge/src/components/GuitarForgeApp.tsx [Client Component Browser]
    ./guitarforge/src/components/GuitarForgeApp.tsx [Server Component]
    ./guitarforge/src/app/page.tsx [Server Component]

  Client Component SSR:
    ./guitarforge/src/components/LearningCenterPage.tsx [Client Component SSR]
    ./guitarforge/src/components/GuitarForgeApp.tsx [Client Component SSR]
    ./guitarforge/src/components/GuitarForgeApp.tsx [Server Component]
    ./guitarforge/src/app/page.tsx [Server Component] @ http://localhost:3001/_next/static/chunks/a266a_next_dist_cfedd8c2._.js:3127
[  151343ms] [ERROR] ./guitarforge/src/components/LearningCenterPage.tsx:688:10
Ecmascript file had an error
  686 | }
  687 |
> 688 | function ChromaticTuner() {
      |          ^^^^^^^^^^^^^^
  689 |   const [listening, setListening] = useState(false);
  690 |   const [detected, setDetected] = useState<{ note: string; octave: number; cents: number; freq: number } | null>(null);
  691 |   const ctxRef = useRef<AudioContext | null>(null);

the name `ChromaticTuner` is defined multiple times

Import traces:
  Client Component Browser:
    ./guitarforge/src/components/LearningCenterPage.tsx [Client Component Browser]
    ./guitarforge/src/components/GuitarForgeApp.tsx [Client Component Browser]
    ./guitarforge/src/components/GuitarForgeApp.tsx [Server Component]
    ./guitarforge/src/app/page.tsx [Server Component]

  Client Component SSR:
    ./guitarforge/src/components/LearningCenterPage.tsx [Client Component SSR]
    ./guitarforge/src/components/GuitarForgeApp.tsx [Client Component SSR]
    ./guitarforge/src/components/GuitarForgeApp.tsx [Server Component]
    ./guitarforge/src/app/page.tsx [Server Component] @ http://localhost:3001/_next/static/chunks/a266a_next_dist_cfedd8c2._.js:3127
[  151420ms] [ERROR] ./guitarforge/src/components/LearningCenterPage.tsx:688:10
Ecmascript file had an error
  686 | }
  687 |
> 688 | function ChromaticTuner() {
      |          ^^^^^^^^^^^^^^
  689 |   const [listening, setListening] = useState(false);
  690 |   const [detected, setDetected] = useState<{ note: string; octave: number; cents: number; freq: number } | null>(null);
  691 |   const ctxRef = useRef<AudioContext | null>(null);

the name `ChromaticTuner` is defined multiple times

Import traces:
  Client Component Browser:
    ./guitarforge/src/components/LearningCenterPage.tsx [Client Component Browser]
    ./guitarforge/src/components/GuitarForgeApp.tsx [Client Component Browser]
    ./guitarforge/src/components/GuitarForgeApp.tsx [Server Component]
    ./guitarforge/src/app/page.tsx [Server Component]

  Client Component SSR:
    ./guitarforge/src/components/LearningCenterPage.tsx [Client Component SSR]
    ./guitarforge/src/components/GuitarForgeApp.tsx [Client Component SSR]
    ./guitarforge/src/components/GuitarForgeApp.tsx [Server Component]
    ./guitarforge/src/app/page.tsx [Server Component] @ http://localhost:3001/_next/static/chunks/a266a_next_dist_cfedd8c2._.js:3127
[  151500ms] [ERROR] ./guitarforge/src/components/LearningCenterPage.tsx:688:10
Ecmascript file had an error
  686 | }
  687 |
> 688 | function ChromaticTuner() {
      |          ^^^^^^^^^^^^^^
  689 |   const [listening, setListening] = useState(false);
  690 |   const [detected, setDetected] = useState<{ note: string; octave: number; cents: number; freq: number } | null>(null);
  691 |   const ctxRef = useRef<AudioContext | null>(null);

the name `ChromaticTuner` is defined multiple times

Import traces:
  Client Component Browser:
    ./guitarforge/src/components/LearningCenterPage.tsx [Client Component Browser]
    ./guitarforge/src/components/GuitarForgeApp.tsx [Client Component Browser]
    ./guitarforge/src/components/GuitarForgeApp.tsx [Server Component]
    ./guitarforge/src/app/page.tsx [Server Component]

  Client Component SSR:
    ./guitarforge/src/components/LearningCenterPage.tsx [Client Component SSR]
    ./guitarforge/src/components/GuitarForgeApp.tsx [Client Component SSR]
    ./guitarforge/src/components/GuitarForgeApp.tsx [Server Component]
    ./guitarforge/src/app/page.tsx [Server Component] @ http://localhost:3001/_next/static/chunks/a266a_next_dist_cfedd8c2._.js:3127
[  151578ms] [ERROR] ./guitarforge/src/components/LearningCenterPage.tsx:688:10
Ecmascript file had an error
  686 | }
  687 |
> 688 | function ChromaticTuner() {
      |          ^^^^^^^^^^^^^^
  689 |   const [listening, setListening] = useState(false);
  690 |   const [detected, setDetected] = useState<{ note: string; octave: number; cents: number; freq: number } | null>(null);
  691 |   const ctxRef = useRef<AudioContext | null>(null);

the name `ChromaticTuner` is defined multiple times

Import traces:
  Client Component Browser:
    ./guitarforge/src/components/LearningCenterPage.tsx [Client Component Browser]
    ./guitarforge/src/components/GuitarForgeApp.tsx [Client Component Browser]
    ./guitarforge/src/components/GuitarForgeApp.tsx [Server Component]
    ./guitarforge/src/app/page.tsx [Server Component]

  Client Component SSR:
    ./guitarforge/src/components/LearningCenterPage.tsx [Client Component SSR]
    ./guitarforge/src/components/GuitarForgeApp.tsx [Client Component SSR]
    ./guitarforge/src/components/GuitarForgeApp.tsx [Server Component]
    ./guitarforge/src/app/page.tsx [Server Component] @ http://localhost:3001/_next/static/chunks/a266a_next_dist_cfedd8c2._.js:3127
[  151655ms] [ERROR] ./guitarforge/src/components/LearningCenterPage.tsx:688:10
Ecmascript file had an error
  686 | }
  687 |
> 688 | function ChromaticTuner() {
      |          ^^^^^^^^^^^^^^
  689 |   const [listening, setListening] = useState(false);
  690 |   const [detected, setDetected] = useState<{ note: string; octave: number; cents: number; freq: number } | null>(null);
  691 |   const ctxRef = useRef<AudioContext | null>(null);

the name `ChromaticTuner` is defined multiple times

Import traces:
  Client Component Browser:
    ./guitarforge/src/components/LearningCenterPage.tsx [Client Component Browser]
    ./guitarforge/src/components/GuitarForgeApp.tsx [Client Component Browser]
    ./guitarforge/src/components/GuitarForgeApp.tsx [Server Component]
    ./guitarforge/src/app/page.tsx [Server Component]

  Client Component SSR:
    ./guitarforge/src/components/LearningCenterPage.tsx [Client Component SSR]
    ./guitarforge/src/components/GuitarForgeApp.tsx [Client Component SSR]
    ./guitarforge/src/components/GuitarForgeApp.tsx [Server Component]
    ./guitarforge/src/app/page.tsx [Server Component] @ http://localhost:3001/_next/static/chunks/a266a_next_dist_cfedd8c2._.js:3127
[  151732ms] [ERROR] ./guitarforge/src/components/LearningCenterPage.tsx:688:10
Ecmascript file had an error
  686 | }
  687 |
> 688 | function ChromaticTuner() {
      |          ^^^^^^^^^^^^^^
  689 |   const [listening, setListening] = useState(false);
  690 |   const [detected, setDetected] = useState<{ note: string; octave: number; cents: number; freq: number } | null>(null);
  691 |   const ctxRef = useRef<AudioContext | null>(null);

the name `ChromaticTuner` is defined multiple times

Import traces:
  Client Component Browser:
    ./guitarforge/src/components/LearningCenterPage.tsx [Client Component Browser]
    ./guitarforge/src/components/GuitarForgeApp.tsx [Client Component Browser]
    ./guitarforge/src/components/GuitarForgeApp.tsx [Server Component]
    ./guitarforge/src/app/page.tsx [Server Component]

  Client Component SSR:
    ./guitarforge/src/components/LearningCenterPage.tsx [Client Component SSR]
    ./guitarforge/src/components/GuitarForgeApp.tsx [Client Component SSR]
    ./guitarforge/src/components/GuitarForgeApp.tsx [Server Component]
    ./guitarforge/src/app/page.tsx [Server Component] @ http://localhost:3001/_next/static/chunks/a266a_next_dist_cfedd8c2._.js:3127
[  151810ms] [ERROR] ./guitarforge/src/components/LearningCenterPage.tsx:688:10
Ecmascript file had an error
  686 | }
  687 |
> 688 | function ChromaticTuner() {
      |          ^^^^^^^^^^^^^^
  689 |   const [listening, setListening] = useState(false);
  690 |   const [detected, setDetected] = useState<{ note: string; octave: number; cents: number; freq: number } | null>(null);
  691 |   const ctxRef = useRef<AudioContext | null>(null);

the name `ChromaticTuner` is defined multiple times

Import traces:
  Client Component Browser:
    ./guitarforge/src/components/LearningCenterPage.tsx [Client Component Browser]
    ./guitarforge/src/components/GuitarForgeApp.tsx [Client Component Browser]
    ./guitarforge/src/components/GuitarForgeApp.tsx [Server Component]
    ./guitarforge/src/app/page.tsx [Server Component]

  Client Component SSR:
    ./guitarforge/src/components/LearningCenterPage.tsx [Client Component SSR]
    ./guitarforge/src/components/GuitarForgeApp.tsx [Client Component SSR]
    ./guitarforge/src/components/GuitarForgeApp.tsx [Server Component]
    ./guitarforge/src/app/page.tsx [Server Component] @ http://localhost:3001/_next/static/chunks/a266a_next_dist_cfedd8c2._.js:3127
[  151890ms] [ERROR] ./guitarforge/src/components/LearningCenterPage.tsx:688:10
Ecmascript file had an error
  686 | }
  687 |
> 688 | function ChromaticTuner() {
      |          ^^^^^^^^^^^^^^
  689 |   const [listening, setListening] = useState(false);
  690 |   const [detected, setDetected] = useState<{ note: string; octave: number; cents: number; freq: number } | null>(null);
  691 |   const ctxRef = useRef<AudioContext | null>(null);

the name `ChromaticTuner` is defined multiple times

Import traces:
  Client Component Browser:
    ./guitarforge/src/components/LearningCenterPage.tsx [Client Component Browser]
    ./guitarforge/src/components/GuitarForgeApp.tsx [Client Component Browser]
    ./guitarforge/src/components/GuitarForgeApp.tsx [Server Component]
    ./guitarforge/src/app/page.tsx [Server Component]

  Client Component SSR:
    ./guitarforge/src/components/LearningCenterPage.tsx [Client Component SSR]
    ./guitarforge/src/components/GuitarForgeApp.tsx [Client Component SSR]
    ./guitarforge/src/components/GuitarForgeApp.tsx [Server Component]
    ./guitarforge/src/app/page.tsx [Server Component] @ http://localhost:3001/_next/static/chunks/a266a_next_dist_cfedd8c2._.js:3127
[  151970ms] [ERROR] ./guitarforge/src/components/LearningCenterPage.tsx:688:10
Ecmascript file had an error
  686 | }
  687 |
> 688 | function ChromaticTuner() {
      |          ^^^^^^^^^^^^^^
  689 |   const [listening, setListening] = useState(false);
  690 |   const [detected, setDetected] = useState<{ note: string; octave: number; cents: number; freq: number } | null>(null);
  691 |   const ctxRef = useRef<AudioContext | null>(null);

the name `ChromaticTuner` is defined multiple times

Import traces:
  Client Component Browser:
    ./guitarforge/src/components/LearningCenterPage.tsx [Client Component Browser]
    ./guitarforge/src/components/GuitarForgeApp.tsx [Client Component Browser]
    ./guitarforge/src/components/GuitarForgeApp.tsx [Server Component]
    ./guitarforge/src/app/page.tsx [Server Component]

  Client Component SSR:
    ./guitarforge/src/components/LearningCenterPage.tsx [Client Component SSR]
    ./guitarforge/src/components/GuitarForgeApp.tsx [Client Component SSR]
    ./guitarforge/src/components/GuitarForgeApp.tsx [Server Component]
    ./guitarforge/src/app/page.tsx [Server Component] @ http://localhost:3001/_next/static/chunks/a266a_next_dist_cfedd8c2._.js:3127
[  152044ms] [ERROR] ./guitarforge/src/components/LearningCenterPage.tsx:688:10
Ecmascript file had an error
  686 | }
  687 |
> 688 | function ChromaticTuner() {
      |          ^^^^^^^^^^^^^^
  689 |   const [listening, setListening] = useState(false);
  690 |   const [detected, setDetected] = useState<{ note: string; octave: number; cents: number; freq: number } | null>(null);
  691 |   const ctxRef = useRef<AudioContext | null>(null);

the name `ChromaticTuner` is defined multiple times

Import traces:
  Client Component Browser:
    ./guitarforge/src/components/LearningCenterPage.tsx [Client Component Browser]
    ./guitarforge/src/components/GuitarForgeApp.tsx [Client Component Browser]
    ./guitarforge/src/components/GuitarForgeApp.tsx [Server Component]
    ./guitarforge/src/app/page.tsx [Server Component]

  Client Component SSR:
    ./guitarforge/src/components/LearningCenterPage.tsx [Client Component SSR]
    ./guitarforge/src/components/GuitarForgeApp.tsx [Client Component SSR]
    ./guitarforge/src/components/GuitarForgeApp.tsx [Server Component]
    ./guitarforge/src/app/page.tsx [Server Component] @ http://localhost:3001/_next/static/chunks/a266a_next_dist_cfedd8c2._.js:3127
[  152123ms] [ERROR] ./guitarforge/src/components/LearningCenterPage.tsx:688:10
Ecmascript file had an error
  686 | }
  687 |
> 688 | function ChromaticTuner() {
      |          ^^^^^^^^^^^^^^
  689 |   const [listening, setListening] = useState(false);
  690 |   const [detected, setDetected] = useState<{ note: string; octave: number; cents: number; freq: number } | null>(null);
  691 |   const ctxRef = useRef<AudioContext | null>(null);

the name `ChromaticTuner` is defined multiple times

Import traces:
  Client Component Browser:
    ./guitarforge/src/components/LearningCenterPage.tsx [Client Component Browser]
    ./guitarforge/src/components/GuitarForgeApp.tsx [Client Component Browser]
    ./guitarforge/src/components/GuitarForgeApp.tsx [Server Component]
    ./guitarforge/src/app/page.tsx [Server Component]

  Client Component SSR:
    ./guitarforge/src/components/LearningCenterPage.tsx [Client Component SSR]
    ./guitarforge/src/components/GuitarForgeApp.tsx [Client Component SSR]
    ./guitarforge/src/components/GuitarForgeApp.tsx [Server Component]
    ./guitarforge/src/app/page.tsx [Server Component] @ http://localhost:3001/_next/static/chunks/a266a_next_dist_cfedd8c2._.js:3127
[  152186ms] [ERROR] ./guitarforge/src/components/LearningCenterPage.tsx:688:10
Ecmascript file had an error
  686 | }
  687 |
> 688 | function ChromaticTuner() {
      |          ^^^^^^^^^^^^^^
  689 |   const [listening, setListening] = useState(false);
  690 |   const [detected, setDetected] = useState<{ note: string; octave: number; cents: number; freq: number } | null>(null);
  691 |   const ctxRef = useRef<AudioContext | null>(null);

the name `ChromaticTuner` is defined multiple times

Import traces:
  Client Component Browser:
    ./guitarforge/src/components/LearningCenterPage.tsx [Client Component Browser]
    ./guitarforge/src/components/GuitarForgeApp.tsx [Client Component Browser]
    ./guitarforge/src/components/GuitarForgeApp.tsx [Server Component]
    ./guitarforge/src/app/page.tsx [Server Component]

  Client Component SSR:
    ./guitarforge/src/components/LearningCenterPage.tsx [Client Component SSR]
    ./guitarforge/src/components/GuitarForgeApp.tsx [Client Component SSR]
    ./guitarforge/src/components/GuitarForgeApp.tsx [Server Component]
    ./guitarforge/src/app/page.tsx [Server Component] @ http://localhost:3001/_next/static/chunks/a266a_next_dist_cfedd8c2._.js:3127
[  152265ms] [ERROR] ./guitarforge/src/components/LearningCenterPage.tsx:688:10
Ecmascript file had an error
  686 | }
  687 |
> 688 | function ChromaticTuner() {
      |          ^^^^^^^^^^^^^^
  689 |   const [listening, setListening] = useState(false);
  690 |   const [detected, setDetected] = useState<{ note: string; octave: number; cents: number; freq: number } | null>(null);
  691 |   const ctxRef = useRef<AudioContext | null>(null);

the name `ChromaticTuner` is defined multiple times

Import traces:
  Client Component Browser:
    ./guitarforge/src/components/LearningCenterPage.tsx [Client Component Browser]
    ./guitarforge/src/components/GuitarForgeApp.tsx [Client Component Browser]
    ./guitarforge/src/components/GuitarForgeApp.tsx [Server Component]
    ./guitarforge/src/app/page.tsx [Server Component]

  Client Component SSR:
    ./guitarforge/src/components/LearningCenterPage.tsx [Client Component SSR]
    ./guitarforge/src/components/GuitarForgeApp.tsx [Client Component SSR]
    ./guitarforge/src/components/GuitarForgeApp.tsx [Server Component]
    ./guitarforge/src/app/page.tsx [Server Component] @ http://localhost:3001/_next/static/chunks/a266a_next_dist_cfedd8c2._.js:3127
[  152344ms] [ERROR] ./guitarforge/src/components/LearningCenterPage.tsx:688:10
Ecmascript file had an error
  686 | }
  687 |
> 688 | function ChromaticTuner() {
      |          ^^^^^^^^^^^^^^
  689 |   const [listening, setListening] = useState(false);
  690 |   const [detected, setDetected] = useState<{ note: string; octave: number; cents: number; freq: number } | null>(null);
  691 |   const ctxRef = useRef<AudioContext | null>(null);

the name `ChromaticTuner` is defined multiple times

Import traces:
  Client Component Browser:
    ./guitarforge/src/components/LearningCenterPage.tsx [Client Component Browser]
    ./guitarforge/src/components/GuitarForgeApp.tsx [Client Component Browser]
    ./guitarforge/src/components/GuitarForgeApp.tsx [Server Component]
    ./guitarforge/src/app/page.tsx [Server Component]

  Client Component SSR:
    ./guitarforge/src/components/LearningCenterPage.tsx [Client Component SSR]
    ./guitarforge/src/components/GuitarForgeApp.tsx [Client Component SSR]
    ./guitarforge/src/components/GuitarForgeApp.tsx [Server Component]
    ./guitarforge/src/app/page.tsx [Server Component] @ http://localhost:3001/_next/static/chunks/a266a_next_dist_cfedd8c2._.js:3127
[  152420ms] [ERROR] ./guitarforge/src/components/LearningCenterPage.tsx:688:10
Ecmascript file had an error
  686 | }
  687 |
> 688 | function ChromaticTuner() {
      |          ^^^^^^^^^^^^^^
  689 |   const [listening, setListening] = useState(false);
  690 |   const [detected, setDetected] = useState<{ note: string; octave: number; cents: number; freq: number } | null>(null);
  691 |   const ctxRef = useRef<AudioContext | null>(null);

the name `ChromaticTuner` is defined multiple times

Import traces:
  Client Component Browser:
    ./guitarforge/src/components/LearningCenterPage.tsx [Client Component Browser]
    ./guitarforge/src/components/GuitarForgeApp.tsx [Client Component Browser]
    ./guitarforge/src/components/GuitarForgeApp.tsx [Server Component]
    ./guitarforge/src/app/page.tsx [Server Component]

  Client Component SSR:
    ./guitarforge/src/components/LearningCenterPage.tsx [Client Component SSR]
    ./guitarforge/src/components/GuitarForgeApp.tsx [Client Component SSR]
    ./guitarforge/src/components/GuitarForgeApp.tsx [Server Component]
    ./guitarforge/src/app/page.tsx [Server Component] @ http://localhost:3001/_next/static/chunks/a266a_next_dist_cfedd8c2._.js:3127
[  152497ms] [ERROR] ./guitarforge/src/components/LearningCenterPage.tsx:688:10
Ecmascript file had an error
  686 | }
  687 |
> 688 | function ChromaticTuner() {
      |          ^^^^^^^^^^^^^^
  689 |   const [listening, setListening] = useState(false);
  690 |   const [detected, setDetected] = useState<{ note: string; octave: number; cents: number; freq: number } | null>(null);
  691 |   const ctxRef = useRef<AudioContext | null>(null);

the name `ChromaticTuner` is defined multiple times

Import traces:
  Client Component Browser:
    ./guitarforge/src/components/LearningCenterPage.tsx [Client Component Browser]
    ./guitarforge/src/components/GuitarForgeApp.tsx [Client Component Browser]
    ./guitarforge/src/components/GuitarForgeApp.tsx [Server Component]
    ./guitarforge/src/app/page.tsx [Server Component]

  Client Component SSR:
    ./guitarforge/src/components/LearningCenterPage.tsx [Client Component SSR]
    ./guitarforge/src/components/GuitarForgeApp.tsx [Client Component SSR]
    ./guitarforge/src/components/GuitarForgeApp.tsx [Server Component]
    ./guitarforge/src/app/page.tsx [Server Component] @ http://localhost:3001/_next/static/chunks/a266a_next_dist_cfedd8c2._.js:3127
[  152575ms] [ERROR] ./guitarforge/src/components/LearningCenterPage.tsx:688:10
Ecmascript file had an error
  686 | }
  687 |
> 688 | function ChromaticTuner() {
      |          ^^^^^^^^^^^^^^
  689 |   const [listening, setListening] = useState(false);
  690 |   const [detected, setDetected] = useState<{ note: string; octave: number; cents: number; freq: number } | null>(null);
  691 |   const ctxRef = useRef<AudioContext | null>(null);

the name `ChromaticTuner` is defined multiple times

Import traces:
  Client Component Browser:
    ./guitarforge/src/components/LearningCenterPage.tsx [Client Component Browser]
    ./guitarforge/src/components/GuitarForgeApp.tsx [Client Component Browser]
    ./guitarforge/src/components/GuitarForgeApp.tsx [Server Component]
    ./guitarforge/src/app/page.tsx [Server Component]

  Client Component SSR:
    ./guitarforge/src/components/LearningCenterPage.tsx [Client Component SSR]
    ./guitarforge/src/components/GuitarForgeApp.tsx [Client Component SSR]
    ./guitarforge/src/components/GuitarForgeApp.tsx [Server Component]
    ./guitarforge/src/app/page.tsx [Server Component] @ http://localhost:3001/_next/static/chunks/a266a_next_dist_cfedd8c2._.js:3127
[  152653ms] [ERROR] ./guitarforge/src/components/LearningCenterPage.tsx:688:10
Ecmascript file had an error
  686 | }
  687 |
> 688 | function ChromaticTuner() {
      |          ^^^^^^^^^^^^^^
  689 |   const [listening, setListening] = useState(false);
  690 |   const [detected, setDetected] = useState<{ note: string; octave: number; cents: number; freq: number } | null>(null);
  691 |   const ctxRef = useRef<AudioContext | null>(null);

the name `ChromaticTuner` is defined multiple times

Import traces:
  Client Component Browser:
    ./guitarforge/src/components/LearningCenterPage.tsx [Client Component Browser]
    ./guitarforge/src/components/GuitarForgeApp.tsx [Client Component Browser]
    ./guitarforge/src/components/GuitarForgeApp.tsx [Server Component]
    ./guitarforge/src/app/page.tsx [Server Component]

  Client Component SSR:
    ./guitarforge/src/components/LearningCenterPage.tsx [Client Component SSR]
    ./guitarforge/src/components/GuitarForgeApp.tsx [Client Component SSR]
    ./guitarforge/src/components/GuitarForgeApp.tsx [Server Component]
    ./guitarforge/src/app/page.tsx [Server Component] @ http://localhost:3001/_next/static/chunks/a266a_next_dist_cfedd8c2._.js:3127
[  152732ms] [ERROR] ./guitarforge/src/components/LearningCenterPage.tsx:688:10
Ecmascript file had an error
  686 | }
  687 |
> 688 | function ChromaticTuner() {
      |          ^^^^^^^^^^^^^^
  689 |   const [listening, setListening] = useState(false);
  690 |   const [detected, setDetected] = useState<{ note: string; octave: number; cents: number; freq: number } | null>(null);
  691 |   const ctxRef = useRef<AudioContext | null>(null);

the name `ChromaticTuner` is defined multiple times

Import traces:
  Client Component Browser:
    ./guitarforge/src/components/LearningCenterPage.tsx [Client Component Browser]
    ./guitarforge/src/components/GuitarForgeApp.tsx [Client Component Browser]
    ./guitarforge/src/components/GuitarForgeApp.tsx [Server Component]
    ./guitarforge/src/app/page.tsx [Server Component]

  Client Component SSR:
    ./guitarforge/src/components/LearningCenterPage.tsx [Client Component SSR]
    ./guitarforge/src/components/GuitarForgeApp.tsx [Client Component SSR]
    ./guitarforge/src/components/GuitarForgeApp.tsx [Server Component]
    ./guitarforge/src/app/page.tsx [Server Component] @ http://localhost:3001/_next/static/chunks/a266a_next_dist_cfedd8c2._.js:3127
[  152811ms] [ERROR] ./guitarforge/src/components/LearningCenterPage.tsx:688:10
Ecmascript file had an error
  686 | }
  687 |
> 688 | function ChromaticTuner() {
      |          ^^^^^^^^^^^^^^
  689 |   const [listening, setListening] = useState(false);
  690 |   const [detected, setDetected] = useState<{ note: string; octave: number; cents: number; freq: number } | null>(null);
  691 |   const ctxRef = useRef<AudioContext | null>(null);

the name `ChromaticTuner` is defined multiple times

Import traces:
  Client Component Browser:
    ./guitarforge/src/components/LearningCenterPage.tsx [Client Component Browser]
    ./guitarforge/src/components/GuitarForgeApp.tsx [Client Component Browser]
    ./guitarforge/src/components/GuitarForgeApp.tsx [Server Component]
    ./guitarforge/src/app/page.tsx [Server Component]

  Client Component SSR:
    ./guitarforge/src/components/LearningCenterPage.tsx [Client Component SSR]
    ./guitarforge/src/components/GuitarForgeApp.tsx [Client Component SSR]
    ./guitarforge/src/components/GuitarForgeApp.tsx [Server Component]
    ./guitarforge/src/app/page.tsx [Server Component] @ http://localhost:3001/_next/static/chunks/a266a_next_dist_cfedd8c2._.js:3127
[  152888ms] [ERROR] ./guitarforge/src/components/LearningCenterPage.tsx:688:10
Ecmascript file had an error
  686 | }
  687 |
> 688 | function ChromaticTuner() {
      |          ^^^^^^^^^^^^^^
  689 |   const [listening, setListening] = useState(false);
  690 |   const [detected, setDetected] = useState<{ note: string; octave: number; cents: number; freq: number } | null>(null);
  691 |   const ctxRef = useRef<AudioContext | null>(null);

the name `ChromaticTuner` is defined multiple times

Import traces:
  Client Component Browser:
    ./guitarforge/src/components/LearningCenterPage.tsx [Client Component Browser]
    ./guitarforge/src/components/GuitarForgeApp.tsx [Client Component Browser]
    ./guitarforge/src/components/GuitarForgeApp.tsx [Server Component]
    ./guitarforge/src/app/page.tsx [Server Component]

  Client Component SSR:
    ./guitarforge/src/components/LearningCenterPage.tsx [Client Component SSR]
    ./guitarforge/src/components/GuitarForgeApp.tsx [Client Component SSR]
    ./guitarforge/src/components/GuitarForgeApp.tsx [Server Component]
    ./guitarforge/src/app/page.tsx [Server Component] @ http://localhost:3001/_next/static/chunks/a266a_next_dist_cfedd8c2._.js:3127
[  152967ms] [ERROR] ./guitarforge/src/components/LearningCenterPage.tsx:688:10
Ecmascript file had an error
  686 | }
  687 |
> 688 | function ChromaticTuner() {
      |          ^^^^^^^^^^^^^^
  689 |   const [listening, setListening] = useState(false);
  690 |   const [detected, setDetected] = useState<{ note: string; octave: number; cents: number; freq: number } | null>(null);
  691 |   const ctxRef = useRef<AudioContext | null>(null);

the name `ChromaticTuner` is defined multiple times

Import traces:
  Client Component Browser:
    ./guitarforge/src/components/LearningCenterPage.tsx [Client Component Browser]
    ./guitarforge/src/components/GuitarForgeApp.tsx [Client Component Browser]
    ./guitarforge/src/components/GuitarForgeApp.tsx [Server Component]
    ./guitarforge/src/app/page.tsx [Server Component]

  Client Component SSR:
    ./guitarforge/src/components/LearningCenterPage.tsx [Client Component SSR]
    ./guitarforge/src/components/GuitarForgeApp.tsx [Client Component SSR]
    ./guitarforge/src/components/GuitarForgeApp.tsx [Server Component]
    ./guitarforge/src/app/page.tsx [Server Component] @ http://localhost:3001/_next/static/chunks/a266a_next_dist_cfedd8c2._.js:3127
[  153046ms] [ERROR] ./guitarforge/src/components/LearningCenterPage.tsx:688:10
Ecmascript file had an error
  686 | }
  687 |
> 688 | function ChromaticTuner() {
      |          ^^^^^^^^^^^^^^
  689 |   const [listening, setListening] = useState(false);
  690 |   const [detected, setDetected] = useState<{ note: string; octave: number; cents: number; freq: number } | null>(null);
  691 |   const ctxRef = useRef<AudioContext | null>(null);

the name `ChromaticTuner` is defined multiple times

Import traces:
  Client Component Browser:
    ./guitarforge/src/components/LearningCenterPage.tsx [Client Component Browser]
    ./guitarforge/src/components/GuitarForgeApp.tsx [Client Component Browser]
    ./guitarforge/src/components/GuitarForgeApp.tsx [Server Component]
    ./guitarforge/src/app/page.tsx [Server Component]

  Client Component SSR:
    ./guitarforge/src/components/LearningCenterPage.tsx [Client Component SSR]
    ./guitarforge/src/components/GuitarForgeApp.tsx [Client Component SSR]
    ./guitarforge/src/components/GuitarForgeApp.tsx [Server Component]
    ./guitarforge/src/app/page.tsx [Server Component] @ http://localhost:3001/_next/static/chunks/a266a_next_dist_cfedd8c2._.js:3127
[  153123ms] [ERROR] ./guitarforge/src/components/LearningCenterPage.tsx:688:10
Ecmascript file had an error
  686 | }
  687 |
> 688 | function ChromaticTuner() {
      |          ^^^^^^^^^^^^^^
  689 |   const [listening, setListening] = useState(false);
  690 |   const [detected, setDetected] = useState<{ note: string; octave: number; cents: number; freq: number } | null>(null);
  691 |   const ctxRef = useRef<AudioContext | null>(null);

the name `ChromaticTuner` is defined multiple times

Import traces:
  Client Component Browser:
    ./guitarforge/src/components/LearningCenterPage.tsx [Client Component Browser]
    ./guitarforge/src/components/GuitarForgeApp.tsx [Client Component Browser]
    ./guitarforge/src/components/GuitarForgeApp.tsx [Server Component]
    ./guitarforge/src/app/page.tsx [Server Component]

  Client Component SSR:
    ./guitarforge/src/components/LearningCenterPage.tsx [Client Component SSR]
    ./guitarforge/src/components/GuitarForgeApp.tsx [Client Component SSR]
    ./guitarforge/src/components/GuitarForgeApp.tsx [Server Component]
    ./guitarforge/src/app/page.tsx [Server Component] @ http://localhost:3001/_next/static/chunks/a266a_next_dist_cfedd8c2._.js:3127
[  153201ms] [ERROR] ./guitarforge/src/components/LearningCenterPage.tsx:688:10
Ecmascript file had an error
  686 | }
  687 |
> 688 | function ChromaticTuner() {
      |          ^^^^^^^^^^^^^^
  689 |   const [listening, setListening] = useState(false);
  690 |   const [detected, setDetected] = useState<{ note: string; octave: number; cents: number; freq: number } | null>(null);
  691 |   const ctxRef = useRef<AudioContext | null>(null);

the name `ChromaticTuner` is defined multiple times

Import traces:
  Client Component Browser:
    ./guitarforge/src/components/LearningCenterPage.tsx [Client Component Browser]
    ./guitarforge/src/components/GuitarForgeApp.tsx [Client Component Browser]
    ./guitarforge/src/components/GuitarForgeApp.tsx [Server Component]
    ./guitarforge/src/app/page.tsx [Server Component]

  Client Component SSR:
    ./guitarforge/src/components/LearningCenterPage.tsx [Client Component SSR]
    ./guitarforge/src/components/GuitarForgeApp.tsx [Client Component SSR]
    ./guitarforge/src/components/GuitarForgeApp.tsx [Server Component]
    ./guitarforge/src/app/page.tsx [Server Component] @ http://localhost:3001/_next/static/chunks/a266a_next_dist_cfedd8c2._.js:3127
[  153281ms] [ERROR] ./guitarforge/src/components/LearningCenterPage.tsx:688:10
Ecmascript file had an error
  686 | }
  687 |
> 688 | function ChromaticTuner() {
      |          ^^^^^^^^^^^^^^
  689 |   const [listening, setListening] = useState(false);
  690 |   const [detected, setDetected] = useState<{ note: string; octave: number; cents: number; freq: number } | null>(null);
  691 |   const ctxRef = useRef<AudioContext | null>(null);

the name `ChromaticTuner` is defined multiple times

Import traces:
  Client Component Browser:
    ./guitarforge/src/components/LearningCenterPage.tsx [Client Component Browser]
    ./guitarforge/src/components/GuitarForgeApp.tsx [Client Component Browser]
    ./guitarforge/src/components/GuitarForgeApp.tsx [Server Component]
    ./guitarforge/src/app/page.tsx [Server Component]

  Client Component SSR:
    ./guitarforge/src/components/LearningCenterPage.tsx [Client Component SSR]
    ./guitarforge/src/components/GuitarForgeApp.tsx [Client Component SSR]
    ./guitarforge/src/components/GuitarForgeApp.tsx [Server Component]
    ./guitarforge/src/app/page.tsx [Server Component] @ http://localhost:3001/_next/static/chunks/a266a_next_dist_cfedd8c2._.js:3127
[  153359ms] [ERROR] ./guitarforge/src/components/LearningCenterPage.tsx:688:10
Ecmascript file had an error
  686 | }
  687 |
> 688 | function ChromaticTuner() {
      |          ^^^^^^^^^^^^^^
  689 |   const [listening, setListening] = useState(false);
  690 |   const [detected, setDetected] = useState<{ note: string; octave: number; cents: number; freq: number } | null>(null);
  691 |   const ctxRef = useRef<AudioContext | null>(null);

the name `ChromaticTuner` is defined multiple times

Import traces:
  Client Component Browser:
    ./guitarforge/src/components/LearningCenterPage.tsx [Client Component Browser]
    ./guitarforge/src/components/GuitarForgeApp.tsx [Client Component Browser]
    ./guitarforge/src/components/GuitarForgeApp.tsx [Server Component]
    ./guitarforge/src/app/page.tsx [Server Component]

  Client Component SSR:
    ./guitarforge/src/components/LearningCenterPage.tsx [Client Component SSR]
    ./guitarforge/src/components/GuitarForgeApp.tsx [Client Component SSR]
    ./guitarforge/src/components/GuitarForgeApp.tsx [Server Component]
    ./guitarforge/src/app/page.tsx [Server Component] @ http://localhost:3001/_next/static/chunks/a266a_next_dist_cfedd8c2._.js:3127
[  153418ms] [ERROR] ./guitarforge/src/components/LearningCenterPage.tsx:688:10
Ecmascript file had an error
  686 | }
  687 |
> 688 | function ChromaticTuner() {
      |          ^^^^^^^^^^^^^^
  689 |   const [listening, setListening] = useState(false);
  690 |   const [detected, setDetected] = useState<{ note: string; octave: number; cents: number; freq: number } | null>(null);
  691 |   const ctxRef = useRef<AudioContext | null>(null);

the name `ChromaticTuner` is defined multiple times

Import traces:
  Client Component Browser:
    ./guitarforge/src/components/LearningCenterPage.tsx [Client Component Browser]
    ./guitarforge/src/components/GuitarForgeApp.tsx [Client Component Browser]
    ./guitarforge/src/components/GuitarForgeApp.tsx [Server Component]
    ./guitarforge/src/app/page.tsx [Server Component]

  Client Component SSR:
    ./guitarforge/src/components/LearningCenterPage.tsx [Client Component SSR]
    ./guitarforge/src/components/GuitarForgeApp.tsx [Client Component SSR]
    ./guitarforge/src/components/GuitarForgeApp.tsx [Server Component]
    ./guitarforge/src/app/page.tsx [Server Component] @ http://localhost:3001/_next/static/chunks/a266a_next_dist_cfedd8c2._.js:3127
[  153497ms] [ERROR] ./guitarforge/src/components/LearningCenterPage.tsx:688:10
Ecmascript file had an error
  686 | }
  687 |
> 688 | function ChromaticTuner() {
      |          ^^^^^^^^^^^^^^
  689 |   const [listening, setListening] = useState(false);
  690 |   const [detected, setDetected] = useState<{ note: string; octave: number; cents: number; freq: number } | null>(null);
  691 |   const ctxRef = useRef<AudioContext | null>(null);

the name `ChromaticTuner` is defined multiple times

Import traces:
  Client Component Browser:
    ./guitarforge/src/components/LearningCenterPage.tsx [Client Component Browser]
    ./guitarforge/src/components/GuitarForgeApp.tsx [Client Component Browser]
    ./guitarforge/src/components/GuitarForgeApp.tsx [Server Component]
    ./guitarforge/src/app/page.tsx [Server Component]

  Client Component SSR:
    ./guitarforge/src/components/LearningCenterPage.tsx [Client Component SSR]
    ./guitarforge/src/components/GuitarForgeApp.tsx [Client Component SSR]
    ./guitarforge/src/components/GuitarForgeApp.tsx [Server Component]
    ./guitarforge/src/app/page.tsx [Server Component] @ http://localhost:3001/_next/static/chunks/a266a_next_dist_cfedd8c2._.js:3127
[  153577ms] [ERROR] ./guitarforge/src/components/LearningCenterPage.tsx:688:10
Ecmascript file had an error
  686 | }
  687 |
> 688 | function ChromaticTuner() {
      |          ^^^^^^^^^^^^^^
  689 |   const [listening, setListening] = useState(false);
  690 |   const [detected, setDetected] = useState<{ note: string; octave: number; cents: number; freq: number } | null>(null);
  691 |   const ctxRef = useRef<AudioContext | null>(null);

the name `ChromaticTuner` is defined multiple times

Import traces:
  Client Component Browser:
    ./guitarforge/src/components/LearningCenterPage.tsx [Client Component Browser]
    ./guitarforge/src/components/GuitarForgeApp.tsx [Client Component Browser]
    ./guitarforge/src/components/GuitarForgeApp.tsx [Server Component]
    ./guitarforge/src/app/page.tsx [Server Component]

  Client Component SSR:
    ./guitarforge/src/components/LearningCenterPage.tsx [Client Component SSR]
    ./guitarforge/src/components/GuitarForgeApp.tsx [Client Component SSR]
    ./guitarforge/src/components/GuitarForgeApp.tsx [Server Component]
    ./guitarforge/src/app/page.tsx [Server Component] @ http://localhost:3001/_next/static/chunks/a266a_next_dist_cfedd8c2._.js:3127
[  153655ms] [ERROR] ./guitarforge/src/components/LearningCenterPage.tsx:688:10
Ecmascript file had an error
  686 | }
  687 |
> 688 | function ChromaticTuner() {
      |          ^^^^^^^^^^^^^^
  689 |   const [listening, setListening] = useState(false);
  690 |   const [detected, setDetected] = useState<{ note: string; octave: number; cents: number; freq: number } | null>(null);
  691 |   const ctxRef = useRef<AudioContext | null>(null);

the name `ChromaticTuner` is defined multiple times

Import traces:
  Client Component Browser:
    ./guitarforge/src/components/LearningCenterPage.tsx [Client Component Browser]
    ./guitarforge/src/components/GuitarForgeApp.tsx [Client Component Browser]
    ./guitarforge/src/components/GuitarForgeApp.tsx [Server Component]
    ./guitarforge/src/app/page.tsx [Server Component]

  Client Component SSR:
    ./guitarforge/src/components/LearningCenterPage.tsx [Client Component SSR]
    ./guitarforge/src/components/GuitarForgeApp.tsx [Client Component SSR]
    ./guitarforge/src/components/GuitarForgeApp.tsx [Server Component]
    ./guitarforge/src/app/page.tsx [Server Component] @ http://localhost:3001/_next/static/chunks/a266a_next_dist_cfedd8c2._.js:3127
[  153721ms] [ERROR] ./guitarforge/src/components/LearningCenterPage.tsx:688:10
Ecmascript file had an error
  686 | }
  687 |
> 688 | function ChromaticTuner() {
      |          ^^^^^^^^^^^^^^
  689 |   const [listening, setListening] = useState(false);
  690 |   const [detected, setDetected] = useState<{ note: string; octave: number; cents: number; freq: number } | null>(null);
  691 |   const ctxRef = useRef<AudioContext | null>(null);

the name `ChromaticTuner` is defined multiple times

Import traces:
  Client Component Browser:
    ./guitarforge/src/components/LearningCenterPage.tsx [Client Component Browser]
    ./guitarforge/src/components/GuitarForgeApp.tsx [Client Component Browser]
    ./guitarforge/src/components/GuitarForgeApp.tsx [Server Component]
    ./guitarforge/src/app/page.tsx [Server Component]

  Client Component SSR:
    ./guitarforge/src/components/LearningCenterPage.tsx [Client Component SSR]
    ./guitarforge/src/components/GuitarForgeApp.tsx [Client Component SSR]
    ./guitarforge/src/components/GuitarForgeApp.tsx [Server Component]
    ./guitarforge/src/app/page.tsx [Server Component] @ http://localhost:3001/_next/static/chunks/a266a_next_dist_cfedd8c2._.js:3127
[  153795ms] [ERROR] ./guitarforge/src/components/LearningCenterPage.tsx:688:10
Ecmascript file had an error
  686 | }
  687 |
> 688 | function ChromaticTuner() {
      |          ^^^^^^^^^^^^^^
  689 |   const [listening, setListening] = useState(false);
  690 |   const [detected, setDetected] = useState<{ note: string; octave: number; cents: number; freq: number } | null>(null);
  691 |   const ctxRef = useRef<AudioContext | null>(null);

the name `ChromaticTuner` is defined multiple times

Import traces:
  Client Component Browser:
    ./guitarforge/src/components/LearningCenterPage.tsx [Client Component Browser]
    ./guitarforge/src/components/GuitarForgeApp.tsx [Client Component Browser]
    ./guitarforge/src/components/GuitarForgeApp.tsx [Server Component]
    ./guitarforge/src/app/page.tsx [Server Component]

  Client Component SSR:
    ./guitarforge/src/components/LearningCenterPage.tsx [Client Component SSR]
    ./guitarforge/src/components/GuitarForgeApp.tsx [Client Component SSR]
    ./guitarforge/src/components/GuitarForgeApp.tsx [Server Component]
    ./guitarforge/src/app/page.tsx [Server Component] @ http://localhost:3001/_next/static/chunks/a266a_next_dist_cfedd8c2._.js:3127
[  153873ms] [ERROR] ./guitarforge/src/components/LearningCenterPage.tsx:688:10
Ecmascript file had an error
  686 | }
  687 |
> 688 | function ChromaticTuner() {
      |          ^^^^^^^^^^^^^^
  689 |   const [listening, setListening] = useState(false);
  690 |   const [detected, setDetected] = useState<{ note: string; octave: number; cents: number; freq: number } | null>(null);
  691 |   const ctxRef = useRef<AudioContext | null>(null);

the name `ChromaticTuner` is defined multiple times

Import traces:
  Client Component Browser:
    ./guitarforge/src/components/LearningCenterPage.tsx [Client Component Browser]
    ./guitarforge/src/components/GuitarForgeApp.tsx [Client Component Browser]
    ./guitarforge/src/components/GuitarForgeApp.tsx [Server Component]
    ./guitarforge/src/app/page.tsx [Server Component]

  Client Component SSR:
    ./guitarforge/src/components/LearningCenterPage.tsx [Client Component SSR]
    ./guitarforge/src/components/GuitarForgeApp.tsx [Client Component SSR]
    ./guitarforge/src/components/GuitarForgeApp.tsx [Server Component]
    ./guitarforge/src/app/page.tsx [Server Component] @ http://localhost:3001/_next/static/chunks/a266a_next_dist_cfedd8c2._.js:3127
[  153953ms] [ERROR] ./guitarforge/src/components/LearningCenterPage.tsx:688:10
Ecmascript file had an error
  686 | }
  687 |
> 688 | function ChromaticTuner() {
      |          ^^^^^^^^^^^^^^
  689 |   const [listening, setListening] = useState(false);
  690 |   const [detected, setDetected] = useState<{ note: string; octave: number; cents: number; freq: number } | null>(null);
  691 |   const ctxRef = useRef<AudioContext | null>(null);

the name `ChromaticTuner` is defined multiple times

Import traces:
  Client Component Browser:
    ./guitarforge/src/components/LearningCenterPage.tsx [Client Component Browser]
    ./guitarforge/src/components/GuitarForgeApp.tsx [Client Component Browser]
    ./guitarforge/src/components/GuitarForgeApp.tsx [Server Component]
    ./guitarforge/src/app/page.tsx [Server Component]

  Client Component SSR:
    ./guitarforge/src/components/LearningCenterPage.tsx [Client Component SSR]
    ./guitarforge/src/components/GuitarForgeApp.tsx [Client Component SSR]
    ./guitarforge/src/components/GuitarForgeApp.tsx [Server Component]
    ./guitarforge/src/app/page.tsx [Server Component] @ http://localhost:3001/_next/static/chunks/a266a_next_dist_cfedd8c2._.js:3127
[  154029ms] [ERROR] ./guitarforge/src/components/LearningCenterPage.tsx:688:10
Ecmascript file had an error
  686 | }
  687 |
> 688 | function ChromaticTuner() {
      |          ^^^^^^^^^^^^^^
  689 |   const [listening, setListening] = useState(false);
  690 |   const [detected, setDetected] = useState<{ note: string; octave: number; cents: number; freq: number } | null>(null);
  691 |   const ctxRef = useRef<AudioContext | null>(null);

the name `ChromaticTuner` is defined multiple times

Import traces:
  Client Component Browser:
    ./guitarforge/src/components/LearningCenterPage.tsx [Client Component Browser]
    ./guitarforge/src/components/GuitarForgeApp.tsx [Client Component Browser]
    ./guitarforge/src/components/GuitarForgeApp.tsx [Server Component]
    ./guitarforge/src/app/page.tsx [Server Component]

  Client Component SSR:
    ./guitarforge/src/components/LearningCenterPage.tsx [Client Component SSR]
    ./guitarforge/src/components/GuitarForgeApp.tsx [Client Component SSR]
    ./guitarforge/src/components/GuitarForgeApp.tsx [Server Component]
    ./guitarforge/src/app/page.tsx [Server Component] @ http://localhost:3001/_next/static/chunks/a266a_next_dist_cfedd8c2._.js:3127
[  154107ms] [ERROR] ./guitarforge/src/components/LearningCenterPage.tsx:688:10
Ecmascript file had an error
  686 | }
  687 |
> 688 | function ChromaticTuner() {
      |          ^^^^^^^^^^^^^^
  689 |   const [listening, setListening] = useState(false);
  690 |   const [detected, setDetected] = useState<{ note: string; octave: number; cents: number; freq: number } | null>(null);
  691 |   const ctxRef = useRef<AudioContext | null>(null);

the name `ChromaticTuner` is defined multiple times

Import traces:
  Client Component Browser:
    ./guitarforge/src/components/LearningCenterPage.tsx [Client Component Browser]
    ./guitarforge/src/components/GuitarForgeApp.tsx [Client Component Browser]
    ./guitarforge/src/components/GuitarForgeApp.tsx [Server Component]
    ./guitarforge/src/app/page.tsx [Server Component]

  Client Component SSR:
    ./guitarforge/src/components/LearningCenterPage.tsx [Client Component SSR]
    ./guitarforge/src/components/GuitarForgeApp.tsx [Client Component SSR]
    ./guitarforge/src/components/GuitarForgeApp.tsx [Server Component]
    ./guitarforge/src/app/page.tsx [Server Component] @ http://localhost:3001/_next/static/chunks/a266a_next_dist_cfedd8c2._.js:3127
[  154183ms] [ERROR] ./guitarforge/src/components/LearningCenterPage.tsx:688:10
Ecmascript file had an error
  686 | }
  687 |
> 688 | function ChromaticTuner() {
      |          ^^^^^^^^^^^^^^
  689 |   const [listening, setListening] = useState(false);
  690 |   const [detected, setDetected] = useState<{ note: string; octave: number; cents: number; freq: number } | null>(null);
  691 |   const ctxRef = useRef<AudioContext | null>(null);

the name `ChromaticTuner` is defined multiple times

Import traces:
  Client Component Browser:
    ./guitarforge/src/components/LearningCenterPage.tsx [Client Component Browser]
    ./guitarforge/src/components/GuitarForgeApp.tsx [Client Component Browser]
    ./guitarforge/src/components/GuitarForgeApp.tsx [Server Component]
    ./guitarforge/src/app/page.tsx [Server Component]

  Client Component SSR:
    ./guitarforge/src/components/LearningCenterPage.tsx [Client Component SSR]
    ./guitarforge/src/components/GuitarForgeApp.tsx [Client Component SSR]
    ./guitarforge/src/components/GuitarForgeApp.tsx [Server Component]
    ./guitarforge/src/app/page.tsx [Server Component] @ http://localhost:3001/_next/static/chunks/a266a_next_dist_cfedd8c2._.js:3127
[  154261ms] [ERROR] ./guitarforge/src/components/LearningCenterPage.tsx:688:10
Ecmascript file had an error
  686 | }
  687 |
> 688 | function ChromaticTuner() {
      |          ^^^^^^^^^^^^^^
  689 |   const [listening, setListening] = useState(false);
  690 |   const [detected, setDetected] = useState<{ note: string; octave: number; cents: number; freq: number } | null>(null);
  691 |   const ctxRef = useRef<AudioContext | null>(null);

the name `ChromaticTuner` is defined multiple times

Import traces:
  Client Component Browser:
    ./guitarforge/src/components/LearningCenterPage.tsx [Client Component Browser]
    ./guitarforge/src/components/GuitarForgeApp.tsx [Client Component Browser]
    ./guitarforge/src/components/GuitarForgeApp.tsx [Server Component]
    ./guitarforge/src/app/page.tsx [Server Component]

  Client Component SSR:
    ./guitarforge/src/components/LearningCenterPage.tsx [Client Component SSR]
    ./guitarforge/src/components/GuitarForgeApp.tsx [Client Component SSR]
    ./guitarforge/src/components/GuitarForgeApp.tsx [Server Component]
    ./guitarforge/src/app/page.tsx [Server Component] @ http://localhost:3001/_next/static/chunks/a266a_next_dist_cfedd8c2._.js:3127
[  154338ms] [ERROR] ./guitarforge/src/components/LearningCenterPage.tsx:688:10
Ecmascript file had an error
  686 | }
  687 |
> 688 | function ChromaticTuner() {
      |          ^^^^^^^^^^^^^^
  689 |   const [listening, setListening] = useState(false);
  690 |   const [detected, setDetected] = useState<{ note: string; octave: number; cents: number; freq: number } | null>(null);
  691 |   const ctxRef = useRef<AudioContext | null>(null);

the name `ChromaticTuner` is defined multiple times

Import traces:
  Client Component Browser:
    ./guitarforge/src/components/LearningCenterPage.tsx [Client Component Browser]
    ./guitarforge/src/components/GuitarForgeApp.tsx [Client Component Browser]
    ./guitarforge/src/components/GuitarForgeApp.tsx [Server Component]
    ./guitarforge/src/app/page.tsx [Server Component]

  Client Component SSR:
    ./guitarforge/src/components/LearningCenterPage.tsx [Client Component SSR]
    ./guitarforge/src/components/GuitarForgeApp.tsx [Client Component SSR]
    ./guitarforge/src/components/GuitarForgeApp.tsx [Server Component]
    ./guitarforge/src/app/page.tsx [Server Component] @ http://localhost:3001/_next/static/chunks/a266a_next_dist_cfedd8c2._.js:3127
[  154416ms] [ERROR] ./guitarforge/src/components/LearningCenterPage.tsx:688:10
Ecmascript file had an error
  686 | }
  687 |
> 688 | function ChromaticTuner() {
      |          ^^^^^^^^^^^^^^
  689 |   const [listening, setListening] = useState(false);
  690 |   const [detected, setDetected] = useState<{ note: string; octave: number; cents: number; freq: number } | null>(null);
  691 |   const ctxRef = useRef<AudioContext | null>(null);

the name `ChromaticTuner` is defined multiple times

Import traces:
  Client Component Browser:
    ./guitarforge/src/components/LearningCenterPage.tsx [Client Component Browser]
    ./guitarforge/src/components/GuitarForgeApp.tsx [Client Component Browser]
    ./guitarforge/src/components/GuitarForgeApp.tsx [Server Component]
    ./guitarforge/src/app/page.tsx [Server Component]

  Client Component SSR:
    ./guitarforge/src/components/LearningCenterPage.tsx [Client Component SSR]
    ./guitarforge/src/components/GuitarForgeApp.tsx [Client Component SSR]
    ./guitarforge/src/components/GuitarForgeApp.tsx [Server Component]
    ./guitarforge/src/app/page.tsx [Server Component] @ http://localhost:3001/_next/static/chunks/a266a_next_dist_cfedd8c2._.js:3127
[  154495ms] [ERROR] ./guitarforge/src/components/LearningCenterPage.tsx:688:10
Ecmascript file had an error
  686 | }
  687 |
> 688 | function ChromaticTuner() {
      |          ^^^^^^^^^^^^^^
  689 |   const [listening, setListening] = useState(false);
  690 |   const [detected, setDetected] = useState<{ note: string; octave: number; cents: number; freq: number } | null>(null);
  691 |   const ctxRef = useRef<AudioContext | null>(null);

the name `ChromaticTuner` is defined multiple times

Import traces:
  Client Component Browser:
    ./guitarforge/src/components/LearningCenterPage.tsx [Client Component Browser]
    ./guitarforge/src/components/GuitarForgeApp.tsx [Client Component Browser]
    ./guitarforge/src/components/GuitarForgeApp.tsx [Server Component]
    ./guitarforge/src/app/page.tsx [Server Component]

  Client Component SSR:
    ./guitarforge/src/components/LearningCenterPage.tsx [Client Component SSR]
    ./guitarforge/src/components/GuitarForgeApp.tsx [Client Component SSR]
    ./guitarforge/src/components/GuitarForgeApp.tsx [Server Component]
    ./guitarforge/src/app/page.tsx [Server Component] @ http://localhost:3001/_next/static/chunks/a266a_next_dist_cfedd8c2._.js:3127
[  154572ms] [ERROR] ./guitarforge/src/components/LearningCenterPage.tsx:688:10
Ecmascript file had an error
  686 | }
  687 |
> 688 | function ChromaticTuner() {
      |          ^^^^^^^^^^^^^^
  689 |   const [listening, setListening] = useState(false);
  690 |   const [detected, setDetected] = useState<{ note: string; octave: number; cents: number; freq: number } | null>(null);
  691 |   const ctxRef = useRef<AudioContext | null>(null);

the name `ChromaticTuner` is defined multiple times

Import traces:
  Client Component Browser:
    ./guitarforge/src/components/LearningCenterPage.tsx [Client Component Browser]
    ./guitarforge/src/components/GuitarForgeApp.tsx [Client Component Browser]
    ./guitarforge/src/components/GuitarForgeApp.tsx [Server Component]
    ./guitarforge/src/app/page.tsx [Server Component]

  Client Component SSR:
    ./guitarforge/src/components/LearningCenterPage.tsx [Client Component SSR]
    ./guitarforge/src/components/GuitarForgeApp.tsx [Client Component SSR]
    ./guitarforge/src/components/GuitarForgeApp.tsx [Server Component]
    ./guitarforge/src/app/page.tsx [Server Component] @ http://localhost:3001/_next/static/chunks/a266a_next_dist_cfedd8c2._.js:3127
[  154650ms] [ERROR] ./guitarforge/src/components/LearningCenterPage.tsx:688:10
Ecmascript file had an error
  686 | }
  687 |
> 688 | function ChromaticTuner() {
      |          ^^^^^^^^^^^^^^
  689 |   const [listening, setListening] = useState(false);
  690 |   const [detected, setDetected] = useState<{ note: string; octave: number; cents: number; freq: number } | null>(null);
  691 |   const ctxRef = useRef<AudioContext | null>(null);

the name `ChromaticTuner` is defined multiple times

Import traces:
  Client Component Browser:
    ./guitarforge/src/components/LearningCenterPage.tsx [Client Component Browser]
    ./guitarforge/src/components/GuitarForgeApp.tsx [Client Component Browser]
    ./guitarforge/src/components/GuitarForgeApp.tsx [Server Component]
    ./guitarforge/src/app/page.tsx [Server Component]

  Client Component SSR:
    ./guitarforge/src/components/LearningCenterPage.tsx [Client Component SSR]
    ./guitarforge/src/components/GuitarForgeApp.tsx [Client Component SSR]
    ./guitarforge/src/components/GuitarForgeApp.tsx [Server Component]
    ./guitarforge/src/app/page.tsx [Server Component] @ http://localhost:3001/_next/static/chunks/a266a_next_dist_cfedd8c2._.js:3127
[  154731ms] [ERROR] ./guitarforge/src/components/LearningCenterPage.tsx:688:10
Ecmascript file had an error
  686 | }
  687 |
> 688 | function ChromaticTuner() {
      |          ^^^^^^^^^^^^^^
  689 |   const [listening, setListening] = useState(false);
  690 |   const [detected, setDetected] = useState<{ note: string; octave: number; cents: number; freq: number } | null>(null);
  691 |   const ctxRef = useRef<AudioContext | null>(null);

the name `ChromaticTuner` is defined multiple times

Import traces:
  Client Component Browser:
    ./guitarforge/src/components/LearningCenterPage.tsx [Client Component Browser]
    ./guitarforge/src/components/GuitarForgeApp.tsx [Client Component Browser]
    ./guitarforge/src/components/GuitarForgeApp.tsx [Server Component]
    ./guitarforge/src/app/page.tsx [Server Component]

  Client Component SSR:
    ./guitarforge/src/components/LearningCenterPage.tsx [Client Component SSR]
    ./guitarforge/src/components/GuitarForgeApp.tsx [Client Component SSR]
    ./guitarforge/src/components/GuitarForgeApp.tsx [Server Component]
    ./guitarforge/src/app/page.tsx [Server Component] @ http://localhost:3001/_next/static/chunks/a266a_next_dist_cfedd8c2._.js:3127
[  154805ms] [ERROR] ./guitarforge/src/components/LearningCenterPage.tsx:688:10
Ecmascript file had an error
  686 | }
  687 |
> 688 | function ChromaticTuner() {
      |          ^^^^^^^^^^^^^^
  689 |   const [listening, setListening] = useState(false);
  690 |   const [detected, setDetected] = useState<{ note: string; octave: number; cents: number; freq: number } | null>(null);
  691 |   const ctxRef = useRef<AudioContext | null>(null);

the name `ChromaticTuner` is defined multiple times

Import traces:
  Client Component Browser:
    ./guitarforge/src/components/LearningCenterPage.tsx [Client Component Browser]
    ./guitarforge/src/components/GuitarForgeApp.tsx [Client Component Browser]
    ./guitarforge/src/components/GuitarForgeApp.tsx [Server Component]
    ./guitarforge/src/app/page.tsx [Server Component]

  Client Component SSR:
    ./guitarforge/src/components/LearningCenterPage.tsx [Client Component SSR]
    ./guitarforge/src/components/GuitarForgeApp.tsx [Client Component SSR]
    ./guitarforge/src/components/GuitarForgeApp.tsx [Server Component]
    ./guitarforge/src/app/page.tsx [Server Component] @ http://localhost:3001/_next/static/chunks/a266a_next_dist_cfedd8c2._.js:3127
[  154882ms] [ERROR] ./guitarforge/src/components/LearningCenterPage.tsx:688:10
Ecmascript file had an error
  686 | }
  687 |
> 688 | function ChromaticTuner() {
      |          ^^^^^^^^^^^^^^
  689 |   const [listening, setListening] = useState(false);
  690 |   const [detected, setDetected] = useState<{ note: string; octave: number; cents: number; freq: number } | null>(null);
  691 |   const ctxRef = useRef<AudioContext | null>(null);

the name `ChromaticTuner` is defined multiple times

Import traces:
  Client Component Browser:
    ./guitarforge/src/components/LearningCenterPage.tsx [Client Component Browser]
    ./guitarforge/src/components/GuitarForgeApp.tsx [Client Component Browser]
    ./guitarforge/src/components/GuitarForgeApp.tsx [Server Component]
    ./guitarforge/src/app/page.tsx [Server Component]

  Client Component SSR:
    ./guitarforge/src/components/LearningCenterPage.tsx [Client Component SSR]
    ./guitarforge/src/components/GuitarForgeApp.tsx [Client Component SSR]
    ./guitarforge/src/components/GuitarForgeApp.tsx [Server Component]
    ./guitarforge/src/app/page.tsx [Server Component] @ http://localhost:3001/_next/static/chunks/a266a_next_dist_cfedd8c2._.js:3127
[  154959ms] [ERROR] ./guitarforge/src/components/LearningCenterPage.tsx:688:10
Ecmascript file had an error
  686 | }
  687 |
> 688 | function ChromaticTuner() {
      |          ^^^^^^^^^^^^^^
  689 |   const [listening, setListening] = useState(false);
  690 |   const [detected, setDetected] = useState<{ note: string; octave: number; cents: number; freq: number } | null>(null);
  691 |   const ctxRef = useRef<AudioContext | null>(null);

the name `ChromaticTuner` is defined multiple times

Import traces:
  Client Component Browser:
    ./guitarforge/src/components/LearningCenterPage.tsx [Client Component Browser]
    ./guitarforge/src/components/GuitarForgeApp.tsx [Client Component Browser]
    ./guitarforge/src/components/GuitarForgeApp.tsx [Server Component]
    ./guitarforge/src/app/page.tsx [Server Component]

  Client Component SSR:
    ./guitarforge/src/components/LearningCenterPage.tsx [Client Component SSR]
    ./guitarforge/src/components/GuitarForgeApp.tsx [Client Component SSR]
    ./guitarforge/src/components/GuitarForgeApp.tsx [Server Component]
    ./guitarforge/src/app/page.tsx [Server Component] @ http://localhost:3001/_next/static/chunks/a266a_next_dist_cfedd8c2._.js:3127
[  155036ms] [ERROR] ./guitarforge/src/components/LearningCenterPage.tsx:688:10
Ecmascript file had an error
  686 | }
  687 |
> 688 | function ChromaticTuner() {
      |          ^^^^^^^^^^^^^^
  689 |   const [listening, setListening] = useState(false);
  690 |   const [detected, setDetected] = useState<{ note: string; octave: number; cents: number; freq: number } | null>(null);
  691 |   const ctxRef = useRef<AudioContext | null>(null);

the name `ChromaticTuner` is defined multiple times

Import traces:
  Client Component Browser:
    ./guitarforge/src/components/LearningCenterPage.tsx [Client Component Browser]
    ./guitarforge/src/components/GuitarForgeApp.tsx [Client Component Browser]
    ./guitarforge/src/components/GuitarForgeApp.tsx [Server Component]
    ./guitarforge/src/app/page.tsx [Server Component]

  Client Component SSR:
    ./guitarforge/src/components/LearningCenterPage.tsx [Client Component SSR]
    ./guitarforge/src/components/GuitarForgeApp.tsx [Client Component SSR]
    ./guitarforge/src/components/GuitarForgeApp.tsx [Server Component]
    ./guitarforge/src/app/page.tsx [Server Component] @ http://localhost:3001/_next/static/chunks/a266a_next_dist_cfedd8c2._.js:3127
[  155112ms] [ERROR] ./guitarforge/src/components/LearningCenterPage.tsx:688:10
Ecmascript file had an error
  686 | }
  687 |
> 688 | function ChromaticTuner() {
      |          ^^^^^^^^^^^^^^
  689 |   const [listening, setListening] = useState(false);
  690 |   const [detected, setDetected] = useState<{ note: string; octave: number; cents: number; freq: number } | null>(null);
  691 |   const ctxRef = useRef<AudioContext | null>(null);

the name `ChromaticTuner` is defined multiple times

Import traces:
  Client Component Browser:
    ./guitarforge/src/components/LearningCenterPage.tsx [Client Component Browser]
    ./guitarforge/src/components/GuitarForgeApp.tsx [Client Component Browser]
    ./guitarforge/src/components/GuitarForgeApp.tsx [Server Component]
    ./guitarforge/src/app/page.tsx [Server Component]

  Client Component SSR:
    ./guitarforge/src/components/LearningCenterPage.tsx [Client Component SSR]
    ./guitarforge/src/components/GuitarForgeApp.tsx [Client Component SSR]
    ./guitarforge/src/components/GuitarForgeApp.tsx [Server Component]
    ./guitarforge/src/app/page.tsx [Server Component] @ http://localhost:3001/_next/static/chunks/a266a_next_dist_cfedd8c2._.js:3127
[  155191ms] [ERROR] ./guitarforge/src/components/LearningCenterPage.tsx:688:10
Ecmascript file had an error
  686 | }
  687 |
> 688 | function ChromaticTuner() {
      |          ^^^^^^^^^^^^^^
  689 |   const [listening, setListening] = useState(false);
  690 |   const [detected, setDetected] = useState<{ note: string; octave: number; cents: number; freq: number } | null>(null);
  691 |   const ctxRef = useRef<AudioContext | null>(null);

the name `ChromaticTuner` is defined multiple times

Import traces:
  Client Component Browser:
    ./guitarforge/src/components/LearningCenterPage.tsx [Client Component Browser]
    ./guitarforge/src/components/GuitarForgeApp.tsx [Client Component Browser]
    ./guitarforge/src/components/GuitarForgeApp.tsx [Server Component]
    ./guitarforge/src/app/page.tsx [Server Component]

  Client Component SSR:
    ./guitarforge/src/components/LearningCenterPage.tsx [Client Component SSR]
    ./guitarforge/src/components/GuitarForgeApp.tsx [Client Component SSR]
    ./guitarforge/src/components/GuitarForgeApp.tsx [Server Component]
    ./guitarforge/src/app/page.tsx [Server Component] @ http://localhost:3001/_next/static/chunks/a266a_next_dist_cfedd8c2._.js:3127
[  155269ms] [ERROR] ./guitarforge/src/components/LearningCenterPage.tsx:688:10
Ecmascript file had an error
  686 | }
  687 |
> 688 | function ChromaticTuner() {
      |          ^^^^^^^^^^^^^^
  689 |   const [listening, setListening] = useState(false);
  690 |   const [detected, setDetected] = useState<{ note: string; octave: number; cents: number; freq: number } | null>(null);
  691 |   const ctxRef = useRef<AudioContext | null>(null);

the name `ChromaticTuner` is defined multiple times

Import traces:
  Client Component Browser:
    ./guitarforge/src/components/LearningCenterPage.tsx [Client Component Browser]
    ./guitarforge/src/components/GuitarForgeApp.tsx [Client Component Browser]
    ./guitarforge/src/components/GuitarForgeApp.tsx [Server Component]
    ./guitarforge/src/app/page.tsx [Server Component]

  Client Component SSR:
    ./guitarforge/src/components/LearningCenterPage.tsx [Client Component SSR]
    ./guitarforge/src/components/GuitarForgeApp.tsx [Client Component SSR]
    ./guitarforge/src/components/GuitarForgeApp.tsx [Server Component]
    ./guitarforge/src/app/page.tsx [Server Component] @ http://localhost:3001/_next/static/chunks/a266a_next_dist_cfedd8c2._.js:3127
[  155346ms] [ERROR] ./guitarforge/src/components/LearningCenterPage.tsx:688:10
Ecmascript file had an error
  686 | }
  687 |
> 688 | function ChromaticTuner() {
      |          ^^^^^^^^^^^^^^
  689 |   const [listening, setListening] = useState(false);
  690 |   const [detected, setDetected] = useState<{ note: string; octave: number; cents: number; freq: number } | null>(null);
  691 |   const ctxRef = useRef<AudioContext | null>(null);

the name `ChromaticTuner` is defined multiple times

Import traces:
  Client Component Browser:
    ./guitarforge/src/components/LearningCenterPage.tsx [Client Component Browser]
    ./guitarforge/src/components/GuitarForgeApp.tsx [Client Component Browser]
    ./guitarforge/src/components/GuitarForgeApp.tsx [Server Component]
    ./guitarforge/src/app/page.tsx [Server Component]

  Client Component SSR:
    ./guitarforge/src/components/LearningCenterPage.tsx [Client Component SSR]
    ./guitarforge/src/components/GuitarForgeApp.tsx [Client Component SSR]
    ./guitarforge/src/components/GuitarForgeApp.tsx [Server Component]
    ./guitarforge/src/app/page.tsx [Server Component] @ http://localhost:3001/_next/static/chunks/a266a_next_dist_cfedd8c2._.js:3127
[  155423ms] [ERROR] ./guitarforge/src/components/LearningCenterPage.tsx:688:10
Ecmascript file had an error
  686 | }
  687 |
> 688 | function ChromaticTuner() {
      |          ^^^^^^^^^^^^^^
  689 |   const [listening, setListening] = useState(false);
  690 |   const [detected, setDetected] = useState<{ note: string; octave: number; cents: number; freq: number } | null>(null);
  691 |   const ctxRef = useRef<AudioContext | null>(null);

the name `ChromaticTuner` is defined multiple times

Import traces:
  Client Component Browser:
    ./guitarforge/src/components/LearningCenterPage.tsx [Client Component Browser]
    ./guitarforge/src/components/GuitarForgeApp.tsx [Client Component Browser]
    ./guitarforge/src/components/GuitarForgeApp.tsx [Server Component]
    ./guitarforge/src/app/page.tsx [Server Component]

  Client Component SSR:
    ./guitarforge/src/components/LearningCenterPage.tsx [Client Component SSR]
    ./guitarforge/src/components/GuitarForgeApp.tsx [Client Component SSR]
    ./guitarforge/src/components/GuitarForgeApp.tsx [Server Component]
    ./guitarforge/src/app/page.tsx [Server Component] @ http://localhost:3001/_next/static/chunks/a266a_next_dist_cfedd8c2._.js:3127
[  155501ms] [ERROR] ./guitarforge/src/components/LearningCenterPage.tsx:688:10
Ecmascript file had an error
  686 | }
  687 |
> 688 | function ChromaticTuner() {
      |          ^^^^^^^^^^^^^^
  689 |   const [listening, setListening] = useState(false);
  690 |   const [detected, setDetected] = useState<{ note: string; octave: number; cents: number; freq: number } | null>(null);
  691 |   const ctxRef = useRef<AudioContext | null>(null);

the name `ChromaticTuner` is defined multiple times

Import traces:
  Client Component Browser:
    ./guitarforge/src/components/LearningCenterPage.tsx [Client Component Browser]
    ./guitarforge/src/components/GuitarForgeApp.tsx [Client Component Browser]
    ./guitarforge/src/components/GuitarForgeApp.tsx [Server Component]
    ./guitarforge/src/app/page.tsx [Server Component]

  Client Component SSR:
    ./guitarforge/src/components/LearningCenterPage.tsx [Client Component SSR]
    ./guitarforge/src/components/GuitarForgeApp.tsx [Client Component SSR]
    ./guitarforge/src/components/GuitarForgeApp.tsx [Server Component]
    ./guitarforge/src/app/page.tsx [Server Component] @ http://localhost:3001/_next/static/chunks/a266a_next_dist_cfedd8c2._.js:3127
[  155579ms] [ERROR] ./guitarforge/src/components/LearningCenterPage.tsx:688:10
Ecmascript file had an error
  686 | }
  687 |
> 688 | function ChromaticTuner() {
      |          ^^^^^^^^^^^^^^
  689 |   const [listening, setListening] = useState(false);
  690 |   const [detected, setDetected] = useState<{ note: string; octave: number; cents: number; freq: number } | null>(null);
  691 |   const ctxRef = useRef<AudioContext | null>(null);

the name `ChromaticTuner` is defined multiple times

Import traces:
  Client Component Browser:
    ./guitarforge/src/components/LearningCenterPage.tsx [Client Component Browser]
    ./guitarforge/src/components/GuitarForgeApp.tsx [Client Component Browser]
    ./guitarforge/src/components/GuitarForgeApp.tsx [Server Component]
    ./guitarforge/src/app/page.tsx [Server Component]

  Client Component SSR:
    ./guitarforge/src/components/LearningCenterPage.tsx [Client Component SSR]
    ./guitarforge/src/components/GuitarForgeApp.tsx [Client Component SSR]
    ./guitarforge/src/components/GuitarForgeApp.tsx [Server Component]
    ./guitarforge/src/app/page.tsx [Server Component] @ http://localhost:3001/_next/static/chunks/a266a_next_dist_cfedd8c2._.js:3127
[  155659ms] [ERROR] ./guitarforge/src/components/LearningCenterPage.tsx:688:10
Ecmascript file had an error
  686 | }
  687 |
> 688 | function ChromaticTuner() {
      |          ^^^^^^^^^^^^^^
  689 |   const [listening, setListening] = useState(false);
  690 |   const [detected, setDetected] = useState<{ note: string; octave: number; cents: number; freq: number } | null>(null);
  691 |   const ctxRef = useRef<AudioContext | null>(null);

the name `ChromaticTuner` is defined multiple times

Import traces:
  Client Component Browser:
    ./guitarforge/src/components/LearningCenterPage.tsx [Client Component Browser]
    ./guitarforge/src/components/GuitarForgeApp.tsx [Client Component Browser]
    ./guitarforge/src/components/GuitarForgeApp.tsx [Server Component]
    ./guitarforge/src/app/page.tsx [Server Component]

  Client Component SSR:
    ./guitarforge/src/components/LearningCenterPage.tsx [Client Component SSR]
    ./guitarforge/src/components/GuitarForgeApp.tsx [Client Component SSR]
    ./guitarforge/src/components/GuitarForgeApp.tsx [Server Component]
    ./guitarforge/src/app/page.tsx [Server Component] @ http://localhost:3001/_next/static/chunks/a266a_next_dist_cfedd8c2._.js:3127
[  155735ms] [ERROR] ./guitarforge/src/components/LearningCenterPage.tsx:688:10
Ecmascript file had an error
  686 | }
  687 |
> 688 | function ChromaticTuner() {
      |          ^^^^^^^^^^^^^^
  689 |   const [listening, setListening] = useState(false);
  690 |   const [detected, setDetected] = useState<{ note: string; octave: number; cents: number; freq: number } | null>(null);
  691 |   const ctxRef = useRef<AudioContext | null>(null);

the name `ChromaticTuner` is defined multiple times

Import traces:
  Client Component Browser:
    ./guitarforge/src/components/LearningCenterPage.tsx [Client Component Browser]
    ./guitarforge/src/components/GuitarForgeApp.tsx [Client Component Browser]
    ./guitarforge/src/components/GuitarForgeApp.tsx [Server Component]
    ./guitarforge/src/app/page.tsx [Server Component]

  Client Component SSR:
    ./guitarforge/src/components/LearningCenterPage.tsx [Client Component SSR]
    ./guitarforge/src/components/GuitarForgeApp.tsx [Client Component SSR]
    ./guitarforge/src/components/GuitarForgeApp.tsx [Server Component]
    ./guitarforge/src/app/page.tsx [Server Component] @ http://localhost:3001/_next/static/chunks/a266a_next_dist_cfedd8c2._.js:3127
[  155812ms] [ERROR] ./guitarforge/src/components/LearningCenterPage.tsx:688:10
Ecmascript file had an error
  686 | }
  687 |
> 688 | function ChromaticTuner() {
      |          ^^^^^^^^^^^^^^
  689 |   const [listening, setListening] = useState(false);
  690 |   const [detected, setDetected] = useState<{ note: string; octave: number; cents: number; freq: number } | null>(null);
  691 |   const ctxRef = useRef<AudioContext | null>(null);

the name `ChromaticTuner` is defined multiple times

Import traces:
  Client Component Browser:
    ./guitarforge/src/components/LearningCenterPage.tsx [Client Component Browser]
    ./guitarforge/src/components/GuitarForgeApp.tsx [Client Component Browser]
    ./guitarforge/src/components/GuitarForgeApp.tsx [Server Component]
    ./guitarforge/src/app/page.tsx [Server Component]

  Client Component SSR:
    ./guitarforge/src/components/LearningCenterPage.tsx [Client Component SSR]
    ./guitarforge/src/components/GuitarForgeApp.tsx [Client Component SSR]
    ./guitarforge/src/components/GuitarForgeApp.tsx [Server Component]
    ./guitarforge/src/app/page.tsx [Server Component] @ http://localhost:3001/_next/static/chunks/a266a_next_dist_cfedd8c2._.js:3127
[  155890ms] [ERROR] ./guitarforge/src/components/LearningCenterPage.tsx:688:10
Ecmascript file had an error
  686 | }
  687 |
> 688 | function ChromaticTuner() {
      |          ^^^^^^^^^^^^^^
  689 |   const [listening, setListening] = useState(false);
  690 |   const [detected, setDetected] = useState<{ note: string; octave: number; cents: number; freq: number } | null>(null);
  691 |   const ctxRef = useRef<AudioContext | null>(null);

the name `ChromaticTuner` is defined multiple times

Import traces:
  Client Component Browser:
    ./guitarforge/src/components/LearningCenterPage.tsx [Client Component Browser]
    ./guitarforge/src/components/GuitarForgeApp.tsx [Client Component Browser]
    ./guitarforge/src/components/GuitarForgeApp.tsx [Server Component]
    ./guitarforge/src/app/page.tsx [Server Component]

  Client Component SSR:
    ./guitarforge/src/components/LearningCenterPage.tsx [Client Component SSR]
    ./guitarforge/src/components/GuitarForgeApp.tsx [Client Component SSR]
    ./guitarforge/src/components/GuitarForgeApp.tsx [Server Component]
    ./guitarforge/src/app/page.tsx [Server Component] @ http://localhost:3001/_next/static/chunks/a266a_next_dist_cfedd8c2._.js:3127
[  155968ms] [ERROR] ./guitarforge/src/components/LearningCenterPage.tsx:688:10
Ecmascript file had an error
  686 | }
  687 |
> 688 | function ChromaticTuner() {
      |          ^^^^^^^^^^^^^^
  689 |   const [listening, setListening] = useState(false);
  690 |   const [detected, setDetected] = useState<{ note: string; octave: number; cents: number; freq: number } | null>(null);
  691 |   const ctxRef = useRef<AudioContext | null>(null);

the name `ChromaticTuner` is defined multiple times

Import traces:
  Client Component Browser:
    ./guitarforge/src/components/LearningCenterPage.tsx [Client Component Browser]
    ./guitarforge/src/components/GuitarForgeApp.tsx [Client Component Browser]
    ./guitarforge/src/components/GuitarForgeApp.tsx [Server Component]
    ./guitarforge/src/app/page.tsx [Server Component]

  Client Component SSR:
    ./guitarforge/src/components/LearningCenterPage.tsx [Client Component SSR]
    ./guitarforge/src/components/GuitarForgeApp.tsx [Client Component SSR]
    ./guitarforge/src/components/GuitarForgeApp.tsx [Server Component]
    ./guitarforge/src/app/page.tsx [Server Component] @ http://localhost:3001/_next/static/chunks/a266a_next_dist_cfedd8c2._.js:3127
[  156046ms] [ERROR] ./guitarforge/src/components/LearningCenterPage.tsx:688:10
Ecmascript file had an error
  686 | }
  687 |
> 688 | function ChromaticTuner() {
      |          ^^^^^^^^^^^^^^
  689 |   const [listening, setListening] = useState(false);
  690 |   const [detected, setDetected] = useState<{ note: string; octave: number; cents: number; freq: number } | null>(null);
  691 |   const ctxRef = useRef<AudioContext | null>(null);

the name `ChromaticTuner` is defined multiple times

Import traces:
  Client Component Browser:
    ./guitarforge/src/components/LearningCenterPage.tsx [Client Component Browser]
    ./guitarforge/src/components/GuitarForgeApp.tsx [Client Component Browser]
    ./guitarforge/src/components/GuitarForgeApp.tsx [Server Component]
    ./guitarforge/src/app/page.tsx [Server Component]

  Client Component SSR:
    ./guitarforge/src/components/LearningCenterPage.tsx [Client Component SSR]
    ./guitarforge/src/components/GuitarForgeApp.tsx [Client Component SSR]
    ./guitarforge/src/components/GuitarForgeApp.tsx [Server Component]
    ./guitarforge/src/app/page.tsx [Server Component] @ http://localhost:3001/_next/static/chunks/a266a_next_dist_cfedd8c2._.js:3127
[  156121ms] [ERROR] ./guitarforge/src/components/LearningCenterPage.tsx:688:10
Ecmascript file had an error
  686 | }
  687 |
> 688 | function ChromaticTuner() {
      |          ^^^^^^^^^^^^^^
  689 |   const [listening, setListening] = useState(false);
  690 |   const [detected, setDetected] = useState<{ note: string; octave: number; cents: number; freq: number } | null>(null);
  691 |   const ctxRef = useRef<AudioContext | null>(null);

the name `ChromaticTuner` is defined multiple times

Import traces:
  Client Component Browser:
    ./guitarforge/src/components/LearningCenterPage.tsx [Client Component Browser]
    ./guitarforge/src/components/GuitarForgeApp.tsx [Client Component Browser]
    ./guitarforge/src/components/GuitarForgeApp.tsx [Server Component]
    ./guitarforge/src/app/page.tsx [Server Component]

  Client Component SSR:
    ./guitarforge/src/components/LearningCenterPage.tsx [Client Component SSR]
    ./guitarforge/src/components/GuitarForgeApp.tsx [Client Component SSR]
    ./guitarforge/src/components/GuitarForgeApp.tsx [Server Component]
    ./guitarforge/src/app/page.tsx [Server Component] @ http://localhost:3001/_next/static/chunks/a266a_next_dist_cfedd8c2._.js:3127
[  156200ms] [ERROR] ./guitarforge/src/components/LearningCenterPage.tsx:688:10
Ecmascript file had an error
  686 | }
  687 |
> 688 | function ChromaticTuner() {
      |          ^^^^^^^^^^^^^^
  689 |   const [listening, setListening] = useState(false);
  690 |   const [detected, setDetected] = useState<{ note: string; octave: number; cents: number; freq: number } | null>(null);
  691 |   const ctxRef = useRef<AudioContext | null>(null);

the name `ChromaticTuner` is defined multiple times

Import traces:
  Client Component Browser:
    ./guitarforge/src/components/LearningCenterPage.tsx [Client Component Browser]
    ./guitarforge/src/components/GuitarForgeApp.tsx [Client Component Browser]
    ./guitarforge/src/components/GuitarForgeApp.tsx [Server Component]
    ./guitarforge/src/app/page.tsx [Server Component]

  Client Component SSR:
    ./guitarforge/src/components/LearningCenterPage.tsx [Client Component SSR]
    ./guitarforge/src/components/GuitarForgeApp.tsx [Client Component SSR]
    ./guitarforge/src/components/GuitarForgeApp.tsx [Server Component]
    ./guitarforge/src/app/page.tsx [Server Component] @ http://localhost:3001/_next/static/chunks/a266a_next_dist_cfedd8c2._.js:3127
[  156280ms] [ERROR] ./guitarforge/src/components/LearningCenterPage.tsx:688:10
Ecmascript file had an error
  686 | }
  687 |
> 688 | function ChromaticTuner() {
      |          ^^^^^^^^^^^^^^
  689 |   const [listening, setListening] = useState(false);
  690 |   const [detected, setDetected] = useState<{ note: string; octave: number; cents: number; freq: number } | null>(null);
  691 |   const ctxRef = useRef<AudioContext | null>(null);

the name `ChromaticTuner` is defined multiple times

Import traces:
  Client Component Browser:
    ./guitarforge/src/components/LearningCenterPage.tsx [Client Component Browser]
    ./guitarforge/src/components/GuitarForgeApp.tsx [Client Component Browser]
    ./guitarforge/src/components/GuitarForgeApp.tsx [Server Component]
    ./guitarforge/src/app/page.tsx [Server Component]

  Client Component SSR:
    ./guitarforge/src/components/LearningCenterPage.tsx [Client Component SSR]
    ./guitarforge/src/components/GuitarForgeApp.tsx [Client Component SSR]
    ./guitarforge/src/components/GuitarForgeApp.tsx [Server Component]
    ./guitarforge/src/app/page.tsx [Server Component] @ http://localhost:3001/_next/static/chunks/a266a_next_dist_cfedd8c2._.js:3127
[  156361ms] [ERROR] ./guitarforge/src/components/LearningCenterPage.tsx:688:10
Ecmascript file had an error
  686 | }
  687 |
> 688 | function ChromaticTuner() {
      |          ^^^^^^^^^^^^^^
  689 |   const [listening, setListening] = useState(false);
  690 |   const [detected, setDetected] = useState<{ note: string; octave: number; cents: number; freq: number } | null>(null);
  691 |   const ctxRef = useRef<AudioContext | null>(null);

the name `ChromaticTuner` is defined multiple times

Import traces:
  Client Component Browser:
    ./guitarforge/src/components/LearningCenterPage.tsx [Client Component Browser]
    ./guitarforge/src/components/GuitarForgeApp.tsx [Client Component Browser]
    ./guitarforge/src/components/GuitarForgeApp.tsx [Server Component]
    ./guitarforge/src/app/page.tsx [Server Component]

  Client Component SSR:
    ./guitarforge/src/components/LearningCenterPage.tsx [Client Component SSR]
    ./guitarforge/src/components/GuitarForgeApp.tsx [Client Component SSR]
    ./guitarforge/src/components/GuitarForgeApp.tsx [Server Component]
    ./guitarforge/src/app/page.tsx [Server Component] @ http://localhost:3001/_next/static/chunks/a266a_next_dist_cfedd8c2._.js:3127
[  156435ms] [ERROR] ./guitarforge/src/components/LearningCenterPage.tsx:688:10
Ecmascript file had an error
  686 | }
  687 |
> 688 | function ChromaticTuner() {
      |          ^^^^^^^^^^^^^^
  689 |   const [listening, setListening] = useState(false);
  690 |   const [detected, setDetected] = useState<{ note: string; octave: number; cents: number; freq: number } | null>(null);
  691 |   const ctxRef = useRef<AudioContext | null>(null);

the name `ChromaticTuner` is defined multiple times

Import traces:
  Client Component Browser:
    ./guitarforge/src/components/LearningCenterPage.tsx [Client Component Browser]
    ./guitarforge/src/components/GuitarForgeApp.tsx [Client Component Browser]
    ./guitarforge/src/components/GuitarForgeApp.tsx [Server Component]
    ./guitarforge/src/app/page.tsx [Server Component]

  Client Component SSR:
    ./guitarforge/src/components/LearningCenterPage.tsx [Client Component SSR]
    ./guitarforge/src/components/GuitarForgeApp.tsx [Client Component SSR]
    ./guitarforge/src/components/GuitarForgeApp.tsx [Server Component]
    ./guitarforge/src/app/page.tsx [Server Component] @ http://localhost:3001/_next/static/chunks/a266a_next_dist_cfedd8c2._.js:3127
[  156510ms] [ERROR] ./guitarforge/src/components/LearningCenterPage.tsx:688:10
Ecmascript file had an error
  686 | }
  687 |
> 688 | function ChromaticTuner() {
      |          ^^^^^^^^^^^^^^
  689 |   const [listening, setListening] = useState(false);
  690 |   const [detected, setDetected] = useState<{ note: string; octave: number; cents: number; freq: number } | null>(null);
  691 |   const ctxRef = useRef<AudioContext | null>(null);

the name `ChromaticTuner` is defined multiple times

Import traces:
  Client Component Browser:
    ./guitarforge/src/components/LearningCenterPage.tsx [Client Component Browser]
    ./guitarforge/src/components/GuitarForgeApp.tsx [Client Component Browser]
    ./guitarforge/src/components/GuitarForgeApp.tsx [Server Component]
    ./guitarforge/src/app/page.tsx [Server Component]

  Client Component SSR:
    ./guitarforge/src/components/LearningCenterPage.tsx [Client Component SSR]
    ./guitarforge/src/components/GuitarForgeApp.tsx [Client Component SSR]
    ./guitarforge/src/components/GuitarForgeApp.tsx [Server Component]
    ./guitarforge/src/app/page.tsx [Server Component] @ http://localhost:3001/_next/static/chunks/a266a_next_dist_cfedd8c2._.js:3127
[  156588ms] [ERROR] ./guitarforge/src/components/LearningCenterPage.tsx:688:10
Ecmascript file had an error
  686 | }
  687 |
> 688 | function ChromaticTuner() {
      |          ^^^^^^^^^^^^^^
  689 |   const [listening, setListening] = useState(false);
  690 |   const [detected, setDetected] = useState<{ note: string; octave: number; cents: number; freq: number } | null>(null);
  691 |   const ctxRef = useRef<AudioContext | null>(null);

the name `ChromaticTuner` is defined multiple times

Import traces:
  Client Component Browser:
    ./guitarforge/src/components/LearningCenterPage.tsx [Client Component Browser]
    ./guitarforge/src/components/GuitarForgeApp.tsx [Client Component Browser]
    ./guitarforge/src/components/GuitarForgeApp.tsx [Server Component]
    ./guitarforge/src/app/page.tsx [Server Component]

  Client Component SSR:
    ./guitarforge/src/components/LearningCenterPage.tsx [Client Component SSR]
    ./guitarforge/src/components/GuitarForgeApp.tsx [Client Component SSR]
    ./guitarforge/src/components/GuitarForgeApp.tsx [Server Component]
    ./guitarforge/src/app/page.tsx [Server Component] @ http://localhost:3001/_next/static/chunks/a266a_next_dist_cfedd8c2._.js:3127
[  156654ms] [ERROR] ./guitarforge/src/components/LearningCenterPage.tsx:688:10
Ecmascript file had an error
  686 | }
  687 |
> 688 | function ChromaticTuner() {
      |          ^^^^^^^^^^^^^^
  689 |   const [listening, setListening] = useState(false);
  690 |   const [detected, setDetected] = useState<{ note: string; octave: number; cents: number; freq: number } | null>(null);
  691 |   const ctxRef = useRef<AudioContext | null>(null);

the name `ChromaticTuner` is defined multiple times

Import traces:
  Client Component Browser:
    ./guitarforge/src/components/LearningCenterPage.tsx [Client Component Browser]
    ./guitarforge/src/components/GuitarForgeApp.tsx [Client Component Browser]
    ./guitarforge/src/components/GuitarForgeApp.tsx [Server Component]
    ./guitarforge/src/app/page.tsx [Server Component]

  Client Component SSR:
    ./guitarforge/src/components/LearningCenterPage.tsx [Client Component SSR]
    ./guitarforge/src/components/GuitarForgeApp.tsx [Client Component SSR]
    ./guitarforge/src/components/GuitarForgeApp.tsx [Server Component]
    ./guitarforge/src/app/page.tsx [Server Component] @ http://localhost:3001/_next/static/chunks/a266a_next_dist_cfedd8c2._.js:3127
[  156730ms] [ERROR] ./guitarforge/src/components/LearningCenterPage.tsx:688:10
Ecmascript file had an error
  686 | }
  687 |
> 688 | function ChromaticTuner() {
      |          ^^^^^^^^^^^^^^
  689 |   const [listening, setListening] = useState(false);
  690 |   const [detected, setDetected] = useState<{ note: string; octave: number; cents: number; freq: number } | null>(null);
  691 |   const ctxRef = useRef<AudioContext | null>(null);

the name `ChromaticTuner` is defined multiple times

Import traces:
  Client Component Browser:
    ./guitarforge/src/components/LearningCenterPage.tsx [Client Component Browser]
    ./guitarforge/src/components/GuitarForgeApp.tsx [Client Component Browser]
    ./guitarforge/src/components/GuitarForgeApp.tsx [Server Component]
    ./guitarforge/src/app/page.tsx [Server Component]

  Client Component SSR:
    ./guitarforge/src/components/LearningCenterPage.tsx [Client Component SSR]
    ./guitarforge/src/components/GuitarForgeApp.tsx [Client Component SSR]
    ./guitarforge/src/components/GuitarForgeApp.tsx [Server Component]
    ./guitarforge/src/app/page.tsx [Server Component] @ http://localhost:3001/_next/static/chunks/a266a_next_dist_cfedd8c2._.js:3127
[  156808ms] [ERROR] ./guitarforge/src/components/LearningCenterPage.tsx:688:10
Ecmascript file had an error
  686 | }
  687 |
> 688 | function ChromaticTuner() {
      |          ^^^^^^^^^^^^^^
  689 |   const [listening, setListening] = useState(false);
  690 |   const [detected, setDetected] = useState<{ note: string; octave: number; cents: number; freq: number } | null>(null);
  691 |   const ctxRef = useRef<AudioContext | null>(null);

the name `ChromaticTuner` is defined multiple times

Import traces:
  Client Component Browser:
    ./guitarforge/src/components/LearningCenterPage.tsx [Client Component Browser]
    ./guitarforge/src/components/GuitarForgeApp.tsx [Client Component Browser]
    ./guitarforge/src/components/GuitarForgeApp.tsx [Server Component]
    ./guitarforge/src/app/page.tsx [Server Component]

  Client Component SSR:
    ./guitarforge/src/components/LearningCenterPage.tsx [Client Component SSR]
    ./guitarforge/src/components/GuitarForgeApp.tsx [Client Component SSR]
    ./guitarforge/src/components/GuitarForgeApp.tsx [Server Component]
    ./guitarforge/src/app/page.tsx [Server Component] @ http://localhost:3001/_next/static/chunks/a266a_next_dist_cfedd8c2._.js:3127
[  156883ms] [ERROR] ./guitarforge/src/components/LearningCenterPage.tsx:688:10
Ecmascript file had an error
  686 | }
  687 |
> 688 | function ChromaticTuner() {
      |          ^^^^^^^^^^^^^^
  689 |   const [listening, setListening] = useState(false);
  690 |   const [detected, setDetected] = useState<{ note: string; octave: number; cents: number; freq: number } | null>(null);
  691 |   const ctxRef = useRef<AudioContext | null>(null);

the name `ChromaticTuner` is defined multiple times

Import traces:
  Client Component Browser:
    ./guitarforge/src/components/LearningCenterPage.tsx [Client Component Browser]
    ./guitarforge/src/components/GuitarForgeApp.tsx [Client Component Browser]
    ./guitarforge/src/components/GuitarForgeApp.tsx [Server Component]
    ./guitarforge/src/app/page.tsx [Server Component]

  Client Component SSR:
    ./guitarforge/src/components/LearningCenterPage.tsx [Client Component SSR]
    ./guitarforge/src/components/GuitarForgeApp.tsx [Client Component SSR]
    ./guitarforge/src/components/GuitarForgeApp.tsx [Server Component]
    ./guitarforge/src/app/page.tsx [Server Component] @ http://localhost:3001/_next/static/chunks/a266a_next_dist_cfedd8c2._.js:3127
[  156961ms] [ERROR] ./guitarforge/src/components/LearningCenterPage.tsx:688:10
Ecmascript file had an error
  686 | }
  687 |
> 688 | function ChromaticTuner() {
      |          ^^^^^^^^^^^^^^
  689 |   const [listening, setListening] = useState(false);
  690 |   const [detected, setDetected] = useState<{ note: string; octave: number; cents: number; freq: number } | null>(null);
  691 |   const ctxRef = useRef<AudioContext | null>(null);

the name `ChromaticTuner` is defined multiple times

Import traces:
  Client Component Browser:
    ./guitarforge/src/components/LearningCenterPage.tsx [Client Component Browser]
    ./guitarforge/src/components/GuitarForgeApp.tsx [Client Component Browser]
    ./guitarforge/src/components/GuitarForgeApp.tsx [Server Component]
    ./guitarforge/src/app/page.tsx [Server Component]

  Client Component SSR:
    ./guitarforge/src/components/LearningCenterPage.tsx [Client Component SSR]
    ./guitarforge/src/components/GuitarForgeApp.tsx [Client Component SSR]
    ./guitarforge/src/components/GuitarForgeApp.tsx [Server Component]
    ./guitarforge/src/app/page.tsx [Server Component] @ http://localhost:3001/_next/static/chunks/a266a_next_dist_cfedd8c2._.js:3127
[  157024ms] [ERROR] ./guitarforge/src/components/LearningCenterPage.tsx:688:10
Ecmascript file had an error
  686 | }
  687 |
> 688 | function ChromaticTuner() {
      |          ^^^^^^^^^^^^^^
  689 |   const [listening, setListening] = useState(false);
  690 |   const [detected, setDetected] = useState<{ note: string; octave: number; cents: number; freq: number } | null>(null);
  691 |   const ctxRef = useRef<AudioContext | null>(null);

the name `ChromaticTuner` is defined multiple times

Import traces:
  Client Component Browser:
    ./guitarforge/src/components/LearningCenterPage.tsx [Client Component Browser]
    ./guitarforge/src/components/GuitarForgeApp.tsx [Client Component Browser]
    ./guitarforge/src/components/GuitarForgeApp.tsx [Server Component]
    ./guitarforge/src/app/page.tsx [Server Component]

  Client Component SSR:
    ./guitarforge/src/components/LearningCenterPage.tsx [Client Component SSR]
    ./guitarforge/src/components/GuitarForgeApp.tsx [Client Component SSR]
    ./guitarforge/src/components/GuitarForgeApp.tsx [Server Component]
    ./guitarforge/src/app/page.tsx [Server Component] @ http://localhost:3001/_next/static/chunks/a266a_next_dist_cfedd8c2._.js:3127
[  157103ms] [ERROR] ./guitarforge/src/components/LearningCenterPage.tsx:688:10
Ecmascript file had an error
  686 | }
  687 |
> 688 | function ChromaticTuner() {
      |          ^^^^^^^^^^^^^^
  689 |   const [listening, setListening] = useState(false);
  690 |   const [detected, setDetected] = useState<{ note: string; octave: number; cents: number; freq: number } | null>(null);
  691 |   const ctxRef = useRef<AudioContext | null>(null);

the name `ChromaticTuner` is defined multiple times

Import traces:
  Client Component Browser:
    ./guitarforge/src/components/LearningCenterPage.tsx [Client Component Browser]
    ./guitarforge/src/components/GuitarForgeApp.tsx [Client Component Browser]
    ./guitarforge/src/components/GuitarForgeApp.tsx [Server Component]
    ./guitarforge/src/app/page.tsx [Server Component]

  Client Component SSR:
    ./guitarforge/src/components/LearningCenterPage.tsx [Client Component SSR]
    ./guitarforge/src/components/GuitarForgeApp.tsx [Client Component SSR]
    ./guitarforge/src/components/GuitarForgeApp.tsx [Server Component]
    ./guitarforge/src/app/page.tsx [Server Component] @ http://localhost:3001/_next/static/chunks/a266a_next_dist_cfedd8c2._.js:3127
[  157184ms] [ERROR] ./guitarforge/src/components/LearningCenterPage.tsx:688:10
Ecmascript file had an error
  686 | }
  687 |
> 688 | function ChromaticTuner() {
      |          ^^^^^^^^^^^^^^
  689 |   const [listening, setListening] = useState(false);
  690 |   const [detected, setDetected] = useState<{ note: string; octave: number; cents: number; freq: number } | null>(null);
  691 |   const ctxRef = useRef<AudioContext | null>(null);

the name `ChromaticTuner` is defined multiple times

Import traces:
  Client Component Browser:
    ./guitarforge/src/components/LearningCenterPage.tsx [Client Component Browser]
    ./guitarforge/src/components/GuitarForgeApp.tsx [Client Component Browser]
    ./guitarforge/src/components/GuitarForgeApp.tsx [Server Component]
    ./guitarforge/src/app/page.tsx [Server Component]

  Client Component SSR:
    ./guitarforge/src/components/LearningCenterPage.tsx [Client Component SSR]
    ./guitarforge/src/components/GuitarForgeApp.tsx [Client Component SSR]
    ./guitarforge/src/components/GuitarForgeApp.tsx [Server Component]
    ./guitarforge/src/app/page.tsx [Server Component] @ http://localhost:3001/_next/static/chunks/a266a_next_dist_cfedd8c2._.js:3127
[  157257ms] [ERROR] ./guitarforge/src/components/LearningCenterPage.tsx:688:10
Ecmascript file had an error
  686 | }
  687 |
> 688 | function ChromaticTuner() {
      |          ^^^^^^^^^^^^^^
  689 |   const [listening, setListening] = useState(false);
  690 |   const [detected, setDetected] = useState<{ note: string; octave: number; cents: number; freq: number } | null>(null);
  691 |   const ctxRef = useRef<AudioContext | null>(null);

the name `ChromaticTuner` is defined multiple times

Import traces:
  Client Component Browser:
    ./guitarforge/src/components/LearningCenterPage.tsx [Client Component Browser]
    ./guitarforge/src/components/GuitarForgeApp.tsx [Client Component Browser]
    ./guitarforge/src/components/GuitarForgeApp.tsx [Server Component]
    ./guitarforge/src/app/page.tsx [Server Component]

  Client Component SSR:
    ./guitarforge/src/components/LearningCenterPage.tsx [Client Component SSR]
    ./guitarforge/src/components/GuitarForgeApp.tsx [Client Component SSR]
    ./guitarforge/src/components/GuitarForgeApp.tsx [Server Component]
    ./guitarforge/src/app/page.tsx [Server Component] @ http://localhost:3001/_next/static/chunks/a266a_next_dist_cfedd8c2._.js:3127
[  157333ms] [ERROR] ./guitarforge/src/components/LearningCenterPage.tsx:688:10
Ecmascript file had an error
  686 | }
  687 |
> 688 | function ChromaticTuner() {
      |          ^^^^^^^^^^^^^^
  689 |   const [listening, setListening] = useState(false);
  690 |   const [detected, setDetected] = useState<{ note: string; octave: number; cents: number; freq: number } | null>(null);
  691 |   const ctxRef = useRef<AudioContext | null>(null);

the name `ChromaticTuner` is defined multiple times

Import traces:
  Client Component Browser:
    ./guitarforge/src/components/LearningCenterPage.tsx [Client Component Browser]
    ./guitarforge/src/components/GuitarForgeApp.tsx [Client Component Browser]
    ./guitarforge/src/components/GuitarForgeApp.tsx [Server Component]
    ./guitarforge/src/app/page.tsx [Server Component]

  Client Component SSR:
    ./guitarforge/src/components/LearningCenterPage.tsx [Client Component SSR]
    ./guitarforge/src/components/GuitarForgeApp.tsx [Client Component SSR]
    ./guitarforge/src/components/GuitarForgeApp.tsx [Server Component]
    ./guitarforge/src/app/page.tsx [Server Component] @ http://localhost:3001/_next/static/chunks/a266a_next_dist_cfedd8c2._.js:3127
[  157397ms] [ERROR] ./guitarforge/src/components/LearningCenterPage.tsx:688:10
Ecmascript file had an error
  686 | }
  687 |
> 688 | function ChromaticTuner() {
      |          ^^^^^^^^^^^^^^
  689 |   const [listening, setListening] = useState(false);
  690 |   const [detected, setDetected] = useState<{ note: string; octave: number; cents: number; freq: number } | null>(null);
  691 |   const ctxRef = useRef<AudioContext | null>(null);

the name `ChromaticTuner` is defined multiple times

Import traces:
  Client Component Browser:
    ./guitarforge/src/components/LearningCenterPage.tsx [Client Component Browser]
    ./guitarforge/src/components/GuitarForgeApp.tsx [Client Component Browser]
    ./guitarforge/src/components/GuitarForgeApp.tsx [Server Component]
    ./guitarforge/src/app/page.tsx [Server Component]

  Client Component SSR:
    ./guitarforge/src/components/LearningCenterPage.tsx [Client Component SSR]
    ./guitarforge/src/components/GuitarForgeApp.tsx [Client Component SSR]
    ./guitarforge/src/components/GuitarForgeApp.tsx [Server Component]
    ./guitarforge/src/app/page.tsx [Server Component] @ http://localhost:3001/_next/static/chunks/a266a_next_dist_cfedd8c2._.js:3127
[  157475ms] [ERROR] ./guitarforge/src/components/LearningCenterPage.tsx:688:10
Ecmascript file had an error
  686 | }
  687 |
> 688 | function ChromaticTuner() {
      |          ^^^^^^^^^^^^^^
  689 |   const [listening, setListening] = useState(false);
  690 |   const [detected, setDetected] = useState<{ note: string; octave: number; cents: number; freq: number } | null>(null);
  691 |   const ctxRef = useRef<AudioContext | null>(null);

the name `ChromaticTuner` is defined multiple times

Import traces:
  Client Component Browser:
    ./guitarforge/src/components/LearningCenterPage.tsx [Client Component Browser]
    ./guitarforge/src/components/GuitarForgeApp.tsx [Client Component Browser]
    ./guitarforge/src/components/GuitarForgeApp.tsx [Server Component]
    ./guitarforge/src/app/page.tsx [Server Component]

  Client Component SSR:
    ./guitarforge/src/components/LearningCenterPage.tsx [Client Component SSR]
    ./guitarforge/src/components/GuitarForgeApp.tsx [Client Component SSR]
    ./guitarforge/src/components/GuitarForgeApp.tsx [Server Component]
    ./guitarforge/src/app/page.tsx [Server Component] @ http://localhost:3001/_next/static/chunks/a266a_next_dist_cfedd8c2._.js:3127
[  157555ms] [ERROR] ./guitarforge/src/components/LearningCenterPage.tsx:688:10
Ecmascript file had an error
  686 | }
  687 |
> 688 | function ChromaticTuner() {
      |          ^^^^^^^^^^^^^^
  689 |   const [listening, setListening] = useState(false);
  690 |   const [detected, setDetected] = useState<{ note: string; octave: number; cents: number; freq: number } | null>(null);
  691 |   const ctxRef = useRef<AudioContext | null>(null);

the name `ChromaticTuner` is defined multiple times

Import traces:
  Client Component Browser:
    ./guitarforge/src/components/LearningCenterPage.tsx [Client Component Browser]
    ./guitarforge/src/components/GuitarForgeApp.tsx [Client Component Browser]
    ./guitarforge/src/components/GuitarForgeApp.tsx [Server Component]
    ./guitarforge/src/app/page.tsx [Server Component]

  Client Component SSR:
    ./guitarforge/src/components/LearningCenterPage.tsx [Client Component SSR]
    ./guitarforge/src/components/GuitarForgeApp.tsx [Client Component SSR]
    ./guitarforge/src/components/GuitarForgeApp.tsx [Server Component]
    ./guitarforge/src/app/page.tsx [Server Component] @ http://localhost:3001/_next/static/chunks/a266a_next_dist_cfedd8c2._.js:3127
[  157630ms] [ERROR] ./guitarforge/src/components/LearningCenterPage.tsx:688:10
Ecmascript file had an error
  686 | }
  687 |
> 688 | function ChromaticTuner() {
      |          ^^^^^^^^^^^^^^
  689 |   const [listening, setListening] = useState(false);
  690 |   const [detected, setDetected] = useState<{ note: string; octave: number; cents: number; freq: number } | null>(null);
  691 |   const ctxRef = useRef<AudioContext | null>(null);

the name `ChromaticTuner` is defined multiple times

Import traces:
  Client Component Browser:
    ./guitarforge/src/components/LearningCenterPage.tsx [Client Component Browser]
    ./guitarforge/src/components/GuitarForgeApp.tsx [Client Component Browser]
    ./guitarforge/src/components/GuitarForgeApp.tsx [Server Component]
    ./guitarforge/src/app/page.tsx [Server Component]

  Client Component SSR:
    ./guitarforge/src/components/LearningCenterPage.tsx [Client Component SSR]
    ./guitarforge/src/components/GuitarForgeApp.tsx [Client Component SSR]
    ./guitarforge/src/components/GuitarForgeApp.tsx [Server Component]
    ./guitarforge/src/app/page.tsx [Server Component] @ http://localhost:3001/_next/static/chunks/a266a_next_dist_cfedd8c2._.js:3127
[  157708ms] [ERROR] ./guitarforge/src/components/LearningCenterPage.tsx:688:10
Ecmascript file had an error
  686 | }
  687 |
> 688 | function ChromaticTuner() {
      |          ^^^^^^^^^^^^^^
  689 |   const [listening, setListening] = useState(false);
  690 |   const [detected, setDetected] = useState<{ note: string; octave: number; cents: number; freq: number } | null>(null);
  691 |   const ctxRef = useRef<AudioContext | null>(null);

the name `ChromaticTuner` is defined multiple times

Import traces:
  Client Component Browser:
    ./guitarforge/src/components/LearningCenterPage.tsx [Client Component Browser]
    ./guitarforge/src/components/GuitarForgeApp.tsx [Client Component Browser]
    ./guitarforge/src/components/GuitarForgeApp.tsx [Server Component]
    ./guitarforge/src/app/page.tsx [Server Component]

  Client Component SSR:
    ./guitarforge/src/components/LearningCenterPage.tsx [Client Component SSR]
    ./guitarforge/src/components/GuitarForgeApp.tsx [Client Component SSR]
    ./guitarforge/src/components/GuitarForgeApp.tsx [Server Component]
    ./guitarforge/src/app/page.tsx [Server Component] @ http://localhost:3001/_next/static/chunks/a266a_next_dist_cfedd8c2._.js:3127
[  157787ms] [ERROR] ./guitarforge/src/components/LearningCenterPage.tsx:688:10
Ecmascript file had an error
  686 | }
  687 |
> 688 | function ChromaticTuner() {
      |          ^^^^^^^^^^^^^^
  689 |   const [listening, setListening] = useState(false);
  690 |   const [detected, setDetected] = useState<{ note: string; octave: number; cents: number; freq: number } | null>(null);
  691 |   const ctxRef = useRef<AudioContext | null>(null);

the name `ChromaticTuner` is defined multiple times

Import traces:
  Client Component Browser:
    ./guitarforge/src/components/LearningCenterPage.tsx [Client Component Browser]
    ./guitarforge/src/components/GuitarForgeApp.tsx [Client Component Browser]
    ./guitarforge/src/components/GuitarForgeApp.tsx [Server Component]
    ./guitarforge/src/app/page.tsx [Server Component]

  Client Component SSR:
    ./guitarforge/src/components/LearningCenterPage.tsx [Client Component SSR]
    ./guitarforge/src/components/GuitarForgeApp.tsx [Client Component SSR]
    ./guitarforge/src/components/GuitarForgeApp.tsx [Server Component]
    ./guitarforge/src/app/page.tsx [Server Component] @ http://localhost:3001/_next/static/chunks/a266a_next_dist_cfedd8c2._.js:3127
[  157864ms] [ERROR] ./guitarforge/src/components/LearningCenterPage.tsx:688:10
Ecmascript file had an error
  686 | }
  687 |
> 688 | function ChromaticTuner() {
      |          ^^^^^^^^^^^^^^
  689 |   const [listening, setListening] = useState(false);
  690 |   const [detected, setDetected] = useState<{ note: string; octave: number; cents: number; freq: number } | null>(null);
  691 |   const ctxRef = useRef<AudioContext | null>(null);

the name `ChromaticTuner` is defined multiple times

Import traces:
  Client Component Browser:
    ./guitarforge/src/components/LearningCenterPage.tsx [Client Component Browser]
    ./guitarforge/src/components/GuitarForgeApp.tsx [Client Component Browser]
    ./guitarforge/src/components/GuitarForgeApp.tsx [Server Component]
    ./guitarforge/src/app/page.tsx [Server Component]

  Client Component SSR:
    ./guitarforge/src/components/LearningCenterPage.tsx [Client Component SSR]
    ./guitarforge/src/components/GuitarForgeApp.tsx [Client Component SSR]
    ./guitarforge/src/components/GuitarForgeApp.tsx [Server Component]
    ./guitarforge/src/app/page.tsx [Server Component] @ http://localhost:3001/_next/static/chunks/a266a_next_dist_cfedd8c2._.js:3127
[  157943ms] [ERROR] ./guitarforge/src/components/LearningCenterPage.tsx:688:10
Ecmascript file had an error
  686 | }
  687 |
> 688 | function ChromaticTuner() {
      |          ^^^^^^^^^^^^^^
  689 |   const [listening, setListening] = useState(false);
  690 |   const [detected, setDetected] = useState<{ note: string; octave: number; cents: number; freq: number } | null>(null);
  691 |   const ctxRef = useRef<AudioContext | null>(null);

the name `ChromaticTuner` is defined multiple times

Import traces:
  Client Component Browser:
    ./guitarforge/src/components/LearningCenterPage.tsx [Client Component Browser]
    ./guitarforge/src/components/GuitarForgeApp.tsx [Client Component Browser]
    ./guitarforge/src/components/GuitarForgeApp.tsx [Server Component]
    ./guitarforge/src/app/page.tsx [Server Component]

  Client Component SSR:
    ./guitarforge/src/components/LearningCenterPage.tsx [Client Component SSR]
    ./guitarforge/src/components/GuitarForgeApp.tsx [Client Component SSR]
    ./guitarforge/src/components/GuitarForgeApp.tsx [Server Component]
    ./guitarforge/src/app/page.tsx [Server Component] @ http://localhost:3001/_next/static/chunks/a266a_next_dist_cfedd8c2._.js:3127
[  158019ms] [ERROR] ./guitarforge/src/components/LearningCenterPage.tsx:688:10
Ecmascript file had an error
  686 | }
  687 |
> 688 | function ChromaticTuner() {
      |          ^^^^^^^^^^^^^^
  689 |   const [listening, setListening] = useState(false);
  690 |   const [detected, setDetected] = useState<{ note: string; octave: number; cents: number; freq: number } | null>(null);
  691 |   const ctxRef = useRef<AudioContext | null>(null);

the name `ChromaticTuner` is defined multiple times

Import traces:
  Client Component Browser:
    ./guitarforge/src/components/LearningCenterPage.tsx [Client Component Browser]
    ./guitarforge/src/components/GuitarForgeApp.tsx [Client Component Browser]
    ./guitarforge/src/components/GuitarForgeApp.tsx [Server Component]
    ./guitarforge/src/app/page.tsx [Server Component]

  Client Component SSR:
    ./guitarforge/src/components/LearningCenterPage.tsx [Client Component SSR]
    ./guitarforge/src/components/GuitarForgeApp.tsx [Client Component SSR]
    ./guitarforge/src/components/GuitarForgeApp.tsx [Server Component]
    ./guitarforge/src/app/page.tsx [Server Component] @ http://localhost:3001/_next/static/chunks/a266a_next_dist_cfedd8c2._.js:3127
[  158067ms] [ERROR] ./guitarforge/src/components/LearningCenterPage.tsx:688:10
Ecmascript file had an error
  686 | }
  687 |
> 688 | function ChromaticTuner() {
      |          ^^^^^^^^^^^^^^
  689 |   const [listening, setListening] = useState(false);
  690 |   const [detected, setDetected] = useState<{ note: string; octave: number; cents: number; freq: number } | null>(null);
  691 |   const ctxRef = useRef<AudioContext | null>(null);

the name `ChromaticTuner` is defined multiple times

Import traces:
  Client Component Browser:
    ./guitarforge/src/components/LearningCenterPage.tsx [Client Component Browser]
    ./guitarforge/src/components/GuitarForgeApp.tsx [Client Component Browser]
    ./guitarforge/src/components/GuitarForgeApp.tsx [Server Component]
    ./guitarforge/src/app/page.tsx [Server Component]

  Client Component SSR:
    ./guitarforge/src/components/LearningCenterPage.tsx [Client Component SSR]
    ./guitarforge/src/components/GuitarForgeApp.tsx [Client Component SSR]
    ./guitarforge/src/components/GuitarForgeApp.tsx [Server Component]
    ./guitarforge/src/app/page.tsx [Server Component] @ http://localhost:3001/_next/static/chunks/a266a_next_dist_cfedd8c2._.js:3127
[  158131ms] [ERROR] ./guitarforge/src/components/LearningCenterPage.tsx:688:10
Ecmascript file had an error
  686 | }
  687 |
> 688 | function ChromaticTuner() {
      |          ^^^^^^^^^^^^^^
  689 |   const [listening, setListening] = useState(false);
  690 |   const [detected, setDetected] = useState<{ note: string; octave: number; cents: number; freq: number } | null>(null);
  691 |   const ctxRef = useRef<AudioContext | null>(null);

the name `ChromaticTuner` is defined multiple times

Import traces:
  Client Component Browser:
    ./guitarforge/src/components/LearningCenterPage.tsx [Client Component Browser]
    ./guitarforge/src/components/GuitarForgeApp.tsx [Client Component Browser]
    ./guitarforge/src/components/GuitarForgeApp.tsx [Server Component]
    ./guitarforge/src/app/page.tsx [Server Component]

  Client Component SSR:
    ./guitarforge/src/components/LearningCenterPage.tsx [Client Component SSR]
    ./guitarforge/src/components/GuitarForgeApp.tsx [Client Component SSR]
    ./guitarforge/src/components/GuitarForgeApp.tsx [Server Component]
    ./guitarforge/src/app/page.tsx [Server Component] @ http://localhost:3001/_next/static/chunks/a266a_next_dist_cfedd8c2._.js:3127
[  158209ms] [ERROR] ./guitarforge/src/components/LearningCenterPage.tsx:688:10
Ecmascript file had an error
  686 | }
  687 |
> 688 | function ChromaticTuner() {
      |          ^^^^^^^^^^^^^^
  689 |   const [listening, setListening] = useState(false);
  690 |   const [detected, setDetected] = useState<{ note: string; octave: number; cents: number; freq: number } | null>(null);
  691 |   const ctxRef = useRef<AudioContext | null>(null);

the name `ChromaticTuner` is defined multiple times

Import traces:
  Client Component Browser:
    ./guitarforge/src/components/LearningCenterPage.tsx [Client Component Browser]
    ./guitarforge/src/components/GuitarForgeApp.tsx [Client Component Browser]
    ./guitarforge/src/components/GuitarForgeApp.tsx [Server Component]
    ./guitarforge/src/app/page.tsx [Server Component]

  Client Component SSR:
    ./guitarforge/src/components/LearningCenterPage.tsx [Client Component SSR]
    ./guitarforge/src/components/GuitarForgeApp.tsx [Client Component SSR]
    ./guitarforge/src/components/GuitarForgeApp.tsx [Server Component]
    ./guitarforge/src/app/page.tsx [Server Component] @ http://localhost:3001/_next/static/chunks/a266a_next_dist_cfedd8c2._.js:3127
[  158285ms] [ERROR] ./guitarforge/src/components/LearningCenterPage.tsx:688:10
Ecmascript file had an error
  686 | }
  687 |
> 688 | function ChromaticTuner() {
      |          ^^^^^^^^^^^^^^
  689 |   const [listening, setListening] = useState(false);
  690 |   const [detected, setDetected] = useState<{ note: string; octave: number; cents: number; freq: number } | null>(null);
  691 |   const ctxRef = useRef<AudioContext | null>(null);

the name `ChromaticTuner` is defined multiple times

Import traces:
  Client Component Browser:
    ./guitarforge/src/components/LearningCenterPage.tsx [Client Component Browser]
    ./guitarforge/src/components/GuitarForgeApp.tsx [Client Component Browser]
    ./guitarforge/src/components/GuitarForgeApp.tsx [Server Component]
    ./guitarforge/src/app/page.tsx [Server Component]

  Client Component SSR:
    ./guitarforge/src/components/LearningCenterPage.tsx [Client Component SSR]
    ./guitarforge/src/components/GuitarForgeApp.tsx [Client Component SSR]
    ./guitarforge/src/components/GuitarForgeApp.tsx [Server Component]
    ./guitarforge/src/app/page.tsx [Server Component] @ http://localhost:3001/_next/static/chunks/a266a_next_dist_cfedd8c2._.js:3127
[  158360ms] [ERROR] ./guitarforge/src/components/LearningCenterPage.tsx:688:10
Ecmascript file had an error
  686 | }
  687 |
> 688 | function ChromaticTuner() {
      |          ^^^^^^^^^^^^^^
  689 |   const [listening, setListening] = useState(false);
  690 |   const [detected, setDetected] = useState<{ note: string; octave: number; cents: number; freq: number } | null>(null);
  691 |   const ctxRef = useRef<AudioContext | null>(null);

the name `ChromaticTuner` is defined multiple times

Import traces:
  Client Component Browser:
    ./guitarforge/src/components/LearningCenterPage.tsx [Client Component Browser]
    ./guitarforge/src/components/GuitarForgeApp.tsx [Client Component Browser]
    ./guitarforge/src/components/GuitarForgeApp.tsx [Server Component]
    ./guitarforge/src/app/page.tsx [Server Component]

  Client Component SSR:
    ./guitarforge/src/components/LearningCenterPage.tsx [Client Component SSR]
    ./guitarforge/src/components/GuitarForgeApp.tsx [Client Component SSR]
    ./guitarforge/src/components/GuitarForgeApp.tsx [Server Component]
    ./guitarforge/src/app/page.tsx [Server Component] @ http://localhost:3001/_next/static/chunks/a266a_next_dist_cfedd8c2._.js:3127
[  158423ms] [ERROR] ./guitarforge/src/components/LearningCenterPage.tsx:688:10
Ecmascript file had an error
  686 | }
  687 |
> 688 | function ChromaticTuner() {
      |          ^^^^^^^^^^^^^^
  689 |   const [listening, setListening] = useState(false);
  690 |   const [detected, setDetected] = useState<{ note: string; octave: number; cents: number; freq: number } | null>(null);
  691 |   const ctxRef = useRef<AudioContext | null>(null);

the name `ChromaticTuner` is defined multiple times

Import traces:
  Client Component Browser:
    ./guitarforge/src/components/LearningCenterPage.tsx [Client Component Browser]
    ./guitarforge/src/components/GuitarForgeApp.tsx [Client Component Browser]
    ./guitarforge/src/components/GuitarForgeApp.tsx [Server Component]
    ./guitarforge/src/app/page.tsx [Server Component]

  Client Component SSR:
    ./guitarforge/src/components/LearningCenterPage.tsx [Client Component SSR]
    ./guitarforge/src/components/GuitarForgeApp.tsx [Client Component SSR]
    ./guitarforge/src/components/GuitarForgeApp.tsx [Server Component]
    ./guitarforge/src/app/page.tsx [Server Component] @ http://localhost:3001/_next/static/chunks/a266a_next_dist_cfedd8c2._.js:3127
[  158502ms] [ERROR] ./guitarforge/src/components/LearningCenterPage.tsx:688:10
Ecmascript file had an error
  686 | }
  687 |
> 688 | function ChromaticTuner() {
      |          ^^^^^^^^^^^^^^
  689 |   const [listening, setListening] = useState(false);
  690 |   const [detected, setDetected] = useState<{ note: string; octave: number; cents: number; freq: number } | null>(null);
  691 |   const ctxRef = useRef<AudioContext | null>(null);

the name `ChromaticTuner` is defined multiple times

Import traces:
  Client Component Browser:
    ./guitarforge/src/components/LearningCenterPage.tsx [Client Component Browser]
    ./guitarforge/src/components/GuitarForgeApp.tsx [Client Component Browser]
    ./guitarforge/src/components/GuitarForgeApp.tsx [Server Component]
    ./guitarforge/src/app/page.tsx [Server Component]

  Client Component SSR:
    ./guitarforge/src/components/LearningCenterPage.tsx [Client Component SSR]
    ./guitarforge/src/components/GuitarForgeApp.tsx [Client Component SSR]
    ./guitarforge/src/components/GuitarForgeApp.tsx [Server Component]
    ./guitarforge/src/app/page.tsx [Server Component] @ http://localhost:3001/_next/static/chunks/a266a_next_dist_cfedd8c2._.js:3127
[  158582ms] [ERROR] ./guitarforge/src/components/LearningCenterPage.tsx:688:10
Ecmascript file had an error
  686 | }
  687 |
> 688 | function ChromaticTuner() {
      |          ^^^^^^^^^^^^^^
  689 |   const [listening, setListening] = useState(false);
  690 |   const [detected, setDetected] = useState<{ note: string; octave: number; cents: number; freq: number } | null>(null);
  691 |   const ctxRef = useRef<AudioContext | null>(null);

the name `ChromaticTuner` is defined multiple times

Import traces:
  Client Component Browser:
    ./guitarforge/src/components/LearningCenterPage.tsx [Client Component Browser]
    ./guitarforge/src/components/GuitarForgeApp.tsx [Client Component Browser]
    ./guitarforge/src/components/GuitarForgeApp.tsx [Server Component]
    ./guitarforge/src/app/page.tsx [Server Component]

  Client Component SSR:
    ./guitarforge/src/components/LearningCenterPage.tsx [Client Component SSR]
    ./guitarforge/src/components/GuitarForgeApp.tsx [Client Component SSR]
    ./guitarforge/src/components/GuitarForgeApp.tsx [Server Component]
    ./guitarforge/src/app/page.tsx [Server Component] @ http://localhost:3001/_next/static/chunks/a266a_next_dist_cfedd8c2._.js:3127
[  158658ms] [ERROR] ./guitarforge/src/components/LearningCenterPage.tsx:688:10
Ecmascript file had an error
  686 | }
  687 |
> 688 | function ChromaticTuner() {
      |          ^^^^^^^^^^^^^^
  689 |   const [listening, setListening] = useState(false);
  690 |   const [detected, setDetected] = useState<{ note: string; octave: number; cents: number; freq: number } | null>(null);
  691 |   const ctxRef = useRef<AudioContext | null>(null);

the name `ChromaticTuner` is defined multiple times

Import traces:
  Client Component Browser:
    ./guitarforge/src/components/LearningCenterPage.tsx [Client Component Browser]
    ./guitarforge/src/components/GuitarForgeApp.tsx [Client Component Browser]
    ./guitarforge/src/components/GuitarForgeApp.tsx [Server Component]
    ./guitarforge/src/app/page.tsx [Server Component]

  Client Component SSR:
    ./guitarforge/src/components/LearningCenterPage.tsx [Client Component SSR]
    ./guitarforge/src/components/GuitarForgeApp.tsx [Client Component SSR]
    ./guitarforge/src/components/GuitarForgeApp.tsx [Server Component]
    ./guitarforge/src/app/page.tsx [Server Component] @ http://localhost:3001/_next/static/chunks/a266a_next_dist_cfedd8c2._.js:3127
[  158735ms] [ERROR] ./guitarforge/src/components/LearningCenterPage.tsx:688:10
Ecmascript file had an error
  686 | }
  687 |
> 688 | function ChromaticTuner() {
      |          ^^^^^^^^^^^^^^
  689 |   const [listening, setListening] = useState(false);
  690 |   const [detected, setDetected] = useState<{ note: string; octave: number; cents: number; freq: number } | null>(null);
  691 |   const ctxRef = useRef<AudioContext | null>(null);

the name `ChromaticTuner` is defined multiple times

Import traces:
  Client Component Browser:
    ./guitarforge/src/components/LearningCenterPage.tsx [Client Component Browser]
    ./guitarforge/src/components/GuitarForgeApp.tsx [Client Component Browser]
    ./guitarforge/src/components/GuitarForgeApp.tsx [Server Component]
    ./guitarforge/src/app/page.tsx [Server Component]

  Client Component SSR:
    ./guitarforge/src/components/LearningCenterPage.tsx [Client Component SSR]
    ./guitarforge/src/components/GuitarForgeApp.tsx [Client Component SSR]
    ./guitarforge/src/components/GuitarForgeApp.tsx [Server Component]
    ./guitarforge/src/app/page.tsx [Server Component] @ http://localhost:3001/_next/static/chunks/a266a_next_dist_cfedd8c2._.js:3127
[  158812ms] [ERROR] ./guitarforge/src/components/LearningCenterPage.tsx:688:10
Ecmascript file had an error
  686 | }
  687 |
> 688 | function ChromaticTuner() {
      |          ^^^^^^^^^^^^^^
  689 |   const [listening, setListening] = useState(false);
  690 |   const [detected, setDetected] = useState<{ note: string; octave: number; cents: number; freq: number } | null>(null);
  691 |   const ctxRef = useRef<AudioContext | null>(null);

the name `ChromaticTuner` is defined multiple times

Import traces:
  Client Component Browser:
    ./guitarforge/src/components/LearningCenterPage.tsx [Client Component Browser]
    ./guitarforge/src/components/GuitarForgeApp.tsx [Client Component Browser]
    ./guitarforge/src/components/GuitarForgeApp.tsx [Server Component]
    ./guitarforge/src/app/page.tsx [Server Component]

  Client Component SSR:
    ./guitarforge/src/components/LearningCenterPage.tsx [Client Component SSR]
    ./guitarforge/src/components/GuitarForgeApp.tsx [Client Component SSR]
    ./guitarforge/src/components/GuitarForgeApp.tsx [Server Component]
    ./guitarforge/src/app/page.tsx [Server Component] @ http://localhost:3001/_next/static/chunks/a266a_next_dist_cfedd8c2._.js:3127
[  158890ms] [ERROR] ./guitarforge/src/components/LearningCenterPage.tsx:688:10
Ecmascript file had an error
  686 | }
  687 |
> 688 | function ChromaticTuner() {
      |          ^^^^^^^^^^^^^^
  689 |   const [listening, setListening] = useState(false);
  690 |   const [detected, setDetected] = useState<{ note: string; octave: number; cents: number; freq: number } | null>(null);
  691 |   const ctxRef = useRef<AudioContext | null>(null);

the name `ChromaticTuner` is defined multiple times

Import traces:
  Client Component Browser:
    ./guitarforge/src/components/LearningCenterPage.tsx [Client Component Browser]
    ./guitarforge/src/components/GuitarForgeApp.tsx [Client Component Browser]
    ./guitarforge/src/components/GuitarForgeApp.tsx [Server Component]
    ./guitarforge/src/app/page.tsx [Server Component]

  Client Component SSR:
    ./guitarforge/src/components/LearningCenterPage.tsx [Client Component SSR]
    ./guitarforge/src/components/GuitarForgeApp.tsx [Client Component SSR]
    ./guitarforge/src/components/GuitarForgeApp.tsx [Server Component]
    ./guitarforge/src/app/page.tsx [Server Component] @ http://localhost:3001/_next/static/chunks/a266a_next_dist_cfedd8c2._.js:3127
[  158970ms] [ERROR] ./guitarforge/src/components/LearningCenterPage.tsx:688:10
Ecmascript file had an error
  686 | }
  687 |
> 688 | function ChromaticTuner() {
      |          ^^^^^^^^^^^^^^
  689 |   const [listening, setListening] = useState(false);
  690 |   const [detected, setDetected] = useState<{ note: string; octave: number; cents: number; freq: number } | null>(null);
  691 |   const ctxRef = useRef<AudioContext | null>(null);

the name `ChromaticTuner` is defined multiple times

Import traces:
  Client Component Browser:
    ./guitarforge/src/components/LearningCenterPage.tsx [Client Component Browser]
    ./guitarforge/src/components/GuitarForgeApp.tsx [Client Component Browser]
    ./guitarforge/src/components/GuitarForgeApp.tsx [Server Component]
    ./guitarforge/src/app/page.tsx [Server Component]

  Client Component SSR:
    ./guitarforge/src/components/LearningCenterPage.tsx [Client Component SSR]
    ./guitarforge/src/components/GuitarForgeApp.tsx [Client Component SSR]
    ./guitarforge/src/components/GuitarForgeApp.tsx [Server Component]
    ./guitarforge/src/app/page.tsx [Server Component] @ http://localhost:3001/_next/static/chunks/a266a_next_dist_cfedd8c2._.js:3127
[  159047ms] [ERROR] ./guitarforge/src/components/LearningCenterPage.tsx:688:10
Ecmascript file had an error
  686 | }
  687 |
> 688 | function ChromaticTuner() {
      |          ^^^^^^^^^^^^^^
  689 |   const [listening, setListening] = useState(false);
  690 |   const [detected, setDetected] = useState<{ note: string; octave: number; cents: number; freq: number } | null>(null);
  691 |   const ctxRef = useRef<AudioContext | null>(null);

the name `ChromaticTuner` is defined multiple times

Import traces:
  Client Component Browser:
    ./guitarforge/src/components/LearningCenterPage.tsx [Client Component Browser]
    ./guitarforge/src/components/GuitarForgeApp.tsx [Client Component Browser]
    ./guitarforge/src/components/GuitarForgeApp.tsx [Server Component]
    ./guitarforge/src/app/page.tsx [Server Component]

  Client Component SSR:
    ./guitarforge/src/components/LearningCenterPage.tsx [Client Component SSR]
    ./guitarforge/src/components/GuitarForgeApp.tsx [Client Component SSR]
    ./guitarforge/src/components/GuitarForgeApp.tsx [Server Component]
    ./guitarforge/src/app/page.tsx [Server Component] @ http://localhost:3001/_next/static/chunks/a266a_next_dist_cfedd8c2._.js:3127
[  159123ms] [ERROR] ./guitarforge/src/components/LearningCenterPage.tsx:688:10
Ecmascript file had an error
  686 | }
  687 |
> 688 | function ChromaticTuner() {
      |          ^^^^^^^^^^^^^^
  689 |   const [listening, setListening] = useState(false);
  690 |   const [detected, setDetected] = useState<{ note: string; octave: number; cents: number; freq: number } | null>(null);
  691 |   const ctxRef = useRef<AudioContext | null>(null);

the name `ChromaticTuner` is defined multiple times

Import traces:
  Client Component Browser:
    ./guitarforge/src/components/LearningCenterPage.tsx [Client Component Browser]
    ./guitarforge/src/components/GuitarForgeApp.tsx [Client Component Browser]
    ./guitarforge/src/components/GuitarForgeApp.tsx [Server Component]
    ./guitarforge/src/app/page.tsx [Server Component]

  Client Component SSR:
    ./guitarforge/src/components/LearningCenterPage.tsx [Client Component SSR]
    ./guitarforge/src/components/GuitarForgeApp.tsx [Client Component SSR]
    ./guitarforge/src/components/GuitarForgeApp.tsx [Server Component]
    ./guitarforge/src/app/page.tsx [Server Component] @ http://localhost:3001/_next/static/chunks/a266a_next_dist_cfedd8c2._.js:3127
[  159190ms] [ERROR] ./guitarforge/src/components/LearningCenterPage.tsx:688:10
Ecmascript file had an error
  686 | }
  687 |
> 688 | function ChromaticTuner() {
      |          ^^^^^^^^^^^^^^
  689 |   const [listening, setListening] = useState(false);
  690 |   const [detected, setDetected] = useState<{ note: string; octave: number; cents: number; freq: number } | null>(null);
  691 |   const ctxRef = useRef<AudioContext | null>(null);

the name `ChromaticTuner` is defined multiple times

Import traces:
  Client Component Browser:
    ./guitarforge/src/components/LearningCenterPage.tsx [Client Component Browser]
    ./guitarforge/src/components/GuitarForgeApp.tsx [Client Component Browser]
    ./guitarforge/src/components/GuitarForgeApp.tsx [Server Component]
    ./guitarforge/src/app/page.tsx [Server Component]

  Client Component SSR:
    ./guitarforge/src/components/LearningCenterPage.tsx [Client Component SSR]
    ./guitarforge/src/components/GuitarForgeApp.tsx [Client Component SSR]
    ./guitarforge/src/components/GuitarForgeApp.tsx [Server Component]
    ./guitarforge/src/app/page.tsx [Server Component] @ http://localhost:3001/_next/static/chunks/a266a_next_dist_cfedd8c2._.js:3127
[  159250ms] [ERROR] ./guitarforge/src/components/LearningCenterPage.tsx:688:10
Ecmascript file had an error
  686 | }
  687 |
> 688 | function ChromaticTuner() {
      |          ^^^^^^^^^^^^^^
  689 |   const [listening, setListening] = useState(false);
  690 |   const [detected, setDetected] = useState<{ note: string; octave: number; cents: number; freq: number } | null>(null);
  691 |   const ctxRef = useRef<AudioContext | null>(null);

the name `ChromaticTuner` is defined multiple times

Import traces:
  Client Component Browser:
    ./guitarforge/src/components/LearningCenterPage.tsx [Client Component Browser]
    ./guitarforge/src/components/GuitarForgeApp.tsx [Client Component Browser]
    ./guitarforge/src/components/GuitarForgeApp.tsx [Server Component]
    ./guitarforge/src/app/page.tsx [Server Component]

  Client Component SSR:
    ./guitarforge/src/components/LearningCenterPage.tsx [Client Component SSR]
    ./guitarforge/src/components/GuitarForgeApp.tsx [Client Component SSR]
    ./guitarforge/src/components/GuitarForgeApp.tsx [Server Component]
    ./guitarforge/src/app/page.tsx [Server Component] @ http://localhost:3001/_next/static/chunks/a266a_next_dist_cfedd8c2._.js:3127
[  159329ms] [ERROR] ./guitarforge/src/components/LearningCenterPage.tsx:688:10
Ecmascript file had an error
  686 | }
  687 |
> 688 | function ChromaticTuner() {
      |          ^^^^^^^^^^^^^^
  689 |   const [listening, setListening] = useState(false);
  690 |   const [detected, setDetected] = useState<{ note: string; octave: number; cents: number; freq: number } | null>(null);
  691 |   const ctxRef = useRef<AudioContext | null>(null);

the name `ChromaticTuner` is defined multiple times

Import traces:
  Client Component Browser:
    ./guitarforge/src/components/LearningCenterPage.tsx [Client Component Browser]
    ./guitarforge/src/components/GuitarForgeApp.tsx [Client Component Browser]
    ./guitarforge/src/components/GuitarForgeApp.tsx [Server Component]
    ./guitarforge/src/app/page.tsx [Server Component]

  Client Component SSR:
    ./guitarforge/src/components/LearningCenterPage.tsx [Client Component SSR]
    ./guitarforge/src/components/GuitarForgeApp.tsx [Client Component SSR]
    ./guitarforge/src/components/GuitarForgeApp.tsx [Server Component]
    ./guitarforge/src/app/page.tsx [Server Component] @ http://localhost:3001/_next/static/chunks/a266a_next_dist_cfedd8c2._.js:3127
[  159406ms] [ERROR] ./guitarforge/src/components/LearningCenterPage.tsx:688:10
Ecmascript file had an error
  686 | }
  687 |
> 688 | function ChromaticTuner() {
      |          ^^^^^^^^^^^^^^
  689 |   const [listening, setListening] = useState(false);
  690 |   const [detected, setDetected] = useState<{ note: string; octave: number; cents: number; freq: number } | null>(null);
  691 |   const ctxRef = useRef<AudioContext | null>(null);

the name `ChromaticTuner` is defined multiple times

Import traces:
  Client Component Browser:
    ./guitarforge/src/components/LearningCenterPage.tsx [Client Component Browser]
    ./guitarforge/src/components/GuitarForgeApp.tsx [Client Component Browser]
    ./guitarforge/src/components/GuitarForgeApp.tsx [Server Component]
    ./guitarforge/src/app/page.tsx [Server Component]

  Client Component SSR:
    ./guitarforge/src/components/LearningCenterPage.tsx [Client Component SSR]
    ./guitarforge/src/components/GuitarForgeApp.tsx [Client Component SSR]
    ./guitarforge/src/components/GuitarForgeApp.tsx [Server Component]
    ./guitarforge/src/app/page.tsx [Server Component] @ http://localhost:3001/_next/static/chunks/a266a_next_dist_cfedd8c2._.js:3127
[  159484ms] [ERROR] ./guitarforge/src/components/LearningCenterPage.tsx:688:10
Ecmascript file had an error
  686 | }
  687 |
> 688 | function ChromaticTuner() {
      |          ^^^^^^^^^^^^^^
  689 |   const [listening, setListening] = useState(false);
  690 |   const [detected, setDetected] = useState<{ note: string; octave: number; cents: number; freq: number } | null>(null);
  691 |   const ctxRef = useRef<AudioContext | null>(null);

the name `ChromaticTuner` is defined multiple times

Import traces:
  Client Component Browser:
    ./guitarforge/src/components/LearningCenterPage.tsx [Client Component Browser]
    ./guitarforge/src/components/GuitarForgeApp.tsx [Client Component Browser]
    ./guitarforge/src/components/GuitarForgeApp.tsx [Server Component]
    ./guitarforge/src/app/page.tsx [Server Component]

  Client Component SSR:
    ./guitarforge/src/components/LearningCenterPage.tsx [Client Component SSR]
    ./guitarforge/src/components/GuitarForgeApp.tsx [Client Component SSR]
    ./guitarforge/src/components/GuitarForgeApp.tsx [Server Component]
    ./guitarforge/src/app/page.tsx [Server Component] @ http://localhost:3001/_next/static/chunks/a266a_next_dist_cfedd8c2._.js:3127
[  159561ms] [ERROR] ./guitarforge/src/components/LearningCenterPage.tsx:688:10
Ecmascript file had an error
  686 | }
  687 |
> 688 | function ChromaticTuner() {
      |          ^^^^^^^^^^^^^^
  689 |   const [listening, setListening] = useState(false);
  690 |   const [detected, setDetected] = useState<{ note: string; octave: number; cents: number; freq: number } | null>(null);
  691 |   const ctxRef = useRef<AudioContext | null>(null);

the name `ChromaticTuner` is defined multiple times

Import traces:
  Client Component Browser:
    ./guitarforge/src/components/LearningCenterPage.tsx [Client Component Browser]
    ./guitarforge/src/components/GuitarForgeApp.tsx [Client Component Browser]
    ./guitarforge/src/components/GuitarForgeApp.tsx [Server Component]
    ./guitarforge/src/app/page.tsx [Server Component]

  Client Component SSR:
    ./guitarforge/src/components/LearningCenterPage.tsx [Client Component SSR]
    ./guitarforge/src/components/GuitarForgeApp.tsx [Client Component SSR]
    ./guitarforge/src/components/GuitarForgeApp.tsx [Server Component]
    ./guitarforge/src/app/page.tsx [Server Component] @ http://localhost:3001/_next/static/chunks/a266a_next_dist_cfedd8c2._.js:3127
[  159642ms] [ERROR] ./guitarforge/src/components/LearningCenterPage.tsx:688:10
Ecmascript file had an error
  686 | }
  687 |
> 688 | function ChromaticTuner() {
      |          ^^^^^^^^^^^^^^
  689 |   const [listening, setListening] = useState(false);
  690 |   const [detected, setDetected] = useState<{ note: string; octave: number; cents: number; freq: number } | null>(null);
  691 |   const ctxRef = useRef<AudioContext | null>(null);

the name `ChromaticTuner` is defined multiple times

Import traces:
  Client Component Browser:
    ./guitarforge/src/components/LearningCenterPage.tsx [Client Component Browser]
    ./guitarforge/src/components/GuitarForgeApp.tsx [Client Component Browser]
    ./guitarforge/src/components/GuitarForgeApp.tsx [Server Component]
    ./guitarforge/src/app/page.tsx [Server Component]

  Client Component SSR:
    ./guitarforge/src/components/LearningCenterPage.tsx [Client Component SSR]
    ./guitarforge/src/components/GuitarForgeApp.tsx [Client Component SSR]
    ./guitarforge/src/components/GuitarForgeApp.tsx [Server Component]
    ./guitarforge/src/app/page.tsx [Server Component] @ http://localhost:3001/_next/static/chunks/a266a_next_dist_cfedd8c2._.js:3127
[  159722ms] [ERROR] ./guitarforge/src/components/LearningCenterPage.tsx:688:10
Ecmascript file had an error
  686 | }
  687 |
> 688 | function ChromaticTuner() {
      |          ^^^^^^^^^^^^^^
  689 |   const [listening, setListening] = useState(false);
  690 |   const [detected, setDetected] = useState<{ note: string; octave: number; cents: number; freq: number } | null>(null);
  691 |   const ctxRef = useRef<AudioContext | null>(null);

the name `ChromaticTuner` is defined multiple times

Import traces:
  Client Component Browser:
    ./guitarforge/src/components/LearningCenterPage.tsx [Client Component Browser]
    ./guitarforge/src/components/GuitarForgeApp.tsx [Client Component Browser]
    ./guitarforge/src/components/GuitarForgeApp.tsx [Server Component]
    ./guitarforge/src/app/page.tsx [Server Component]

  Client Component SSR:
    ./guitarforge/src/components/LearningCenterPage.tsx [Client Component SSR]
    ./guitarforge/src/components/GuitarForgeApp.tsx [Client Component SSR]
    ./guitarforge/src/components/GuitarForgeApp.tsx [Server Component]
    ./guitarforge/src/app/page.tsx [Server Component] @ http://localhost:3001/_next/static/chunks/a266a_next_dist_cfedd8c2._.js:3127
[  159798ms] [ERROR] ./guitarforge/src/components/LearningCenterPage.tsx:688:10
Ecmascript file had an error
  686 | }
  687 |
> 688 | function ChromaticTuner() {
      |          ^^^^^^^^^^^^^^
  689 |   const [listening, setListening] = useState(false);
  690 |   const [detected, setDetected] = useState<{ note: string; octave: number; cents: number; freq: number } | null>(null);
  691 |   const ctxRef = useRef<AudioContext | null>(null);

the name `ChromaticTuner` is defined multiple times

Import traces:
  Client Component Browser:
    ./guitarforge/src/components/LearningCenterPage.tsx [Client Component Browser]
    ./guitarforge/src/components/GuitarForgeApp.tsx [Client Component Browser]
    ./guitarforge/src/components/GuitarForgeApp.tsx [Server Component]
    ./guitarforge/src/app/page.tsx [Server Component]

  Client Component SSR:
    ./guitarforge/src/components/LearningCenterPage.tsx [Client Component SSR]
    ./guitarforge/src/components/GuitarForgeApp.tsx [Client Component SSR]
    ./guitarforge/src/components/GuitarForgeApp.tsx [Server Component]
    ./guitarforge/src/app/page.tsx [Server Component] @ http://localhost:3001/_next/static/chunks/a266a_next_dist_cfedd8c2._.js:3127
[  159874ms] [ERROR] ./guitarforge/src/components/LearningCenterPage.tsx:688:10
Ecmascript file had an error
  686 | }
  687 |
> 688 | function ChromaticTuner() {
      |          ^^^^^^^^^^^^^^
  689 |   const [listening, setListening] = useState(false);
  690 |   const [detected, setDetected] = useState<{ note: string; octave: number; cents: number; freq: number } | null>(null);
  691 |   const ctxRef = useRef<AudioContext | null>(null);

the name `ChromaticTuner` is defined multiple times

Import traces:
  Client Component Browser:
    ./guitarforge/src/components/LearningCenterPage.tsx [Client Component Browser]
    ./guitarforge/src/components/GuitarForgeApp.tsx [Client Component Browser]
    ./guitarforge/src/components/GuitarForgeApp.tsx [Server Component]
    ./guitarforge/src/app/page.tsx [Server Component]

  Client Component SSR:
    ./guitarforge/src/components/LearningCenterPage.tsx [Client Component SSR]
    ./guitarforge/src/components/GuitarForgeApp.tsx [Client Component SSR]
    ./guitarforge/src/components/GuitarForgeApp.tsx [Server Component]
    ./guitarforge/src/app/page.tsx [Server Component] @ http://localhost:3001/_next/static/chunks/a266a_next_dist_cfedd8c2._.js:3127
[  159953ms] [ERROR] ./guitarforge/src/components/LearningCenterPage.tsx:688:10
Ecmascript file had an error
  686 | }
  687 |
> 688 | function ChromaticTuner() {
      |          ^^^^^^^^^^^^^^
  689 |   const [listening, setListening] = useState(false);
  690 |   const [detected, setDetected] = useState<{ note: string; octave: number; cents: number; freq: number } | null>(null);
  691 |   const ctxRef = useRef<AudioContext | null>(null);

the name `ChromaticTuner` is defined multiple times

Import traces:
  Client Component Browser:
    ./guitarforge/src/components/LearningCenterPage.tsx [Client Component Browser]
    ./guitarforge/src/components/GuitarForgeApp.tsx [Client Component Browser]
    ./guitarforge/src/components/GuitarForgeApp.tsx [Server Component]
    ./guitarforge/src/app/page.tsx [Server Component]

  Client Component SSR:
    ./guitarforge/src/components/LearningCenterPage.tsx [Client Component SSR]
    ./guitarforge/src/components/GuitarForgeApp.tsx [Client Component SSR]
    ./guitarforge/src/components/GuitarForgeApp.tsx [Server Component]
    ./guitarforge/src/app/page.tsx [Server Component] @ http://localhost:3001/_next/static/chunks/a266a_next_dist_cfedd8c2._.js:3127
[  160029ms] [ERROR] ./guitarforge/src/components/LearningCenterPage.tsx:688:10
Ecmascript file had an error
  686 | }
  687 |
> 688 | function ChromaticTuner() {
      |          ^^^^^^^^^^^^^^
  689 |   const [listening, setListening] = useState(false);
  690 |   const [detected, setDetected] = useState<{ note: string; octave: number; cents: number; freq: number } | null>(null);
  691 |   const ctxRef = useRef<AudioContext | null>(null);

the name `ChromaticTuner` is defined multiple times

Import traces:
  Client Component Browser:
    ./guitarforge/src/components/LearningCenterPage.tsx [Client Component Browser]
    ./guitarforge/src/components/GuitarForgeApp.tsx [Client Component Browser]
    ./guitarforge/src/components/GuitarForgeApp.tsx [Server Component]
    ./guitarforge/src/app/page.tsx [Server Component]

  Client Component SSR:
    ./guitarforge/src/components/LearningCenterPage.tsx [Client Component SSR]
    ./guitarforge/src/components/GuitarForgeApp.tsx [Client Component SSR]
    ./guitarforge/src/components/GuitarForgeApp.tsx [Server Component]
    ./guitarforge/src/app/page.tsx [Server Component] @ http://localhost:3001/_next/static/chunks/a266a_next_dist_cfedd8c2._.js:3127
[  160111ms] [ERROR] ./guitarforge/src/components/LearningCenterPage.tsx:688:10
Ecmascript file had an error
  686 | }
  687 |
> 688 | function ChromaticTuner() {
      |          ^^^^^^^^^^^^^^
  689 |   const [listening, setListening] = useState(false);
  690 |   const [detected, setDetected] = useState<{ note: string; octave: number; cents: number; freq: number } | null>(null);
  691 |   const ctxRef = useRef<AudioContext | null>(null);

the name `ChromaticTuner` is defined multiple times

Import traces:
  Client Component Browser:
    ./guitarforge/src/components/LearningCenterPage.tsx [Client Component Browser]
    ./guitarforge/src/components/GuitarForgeApp.tsx [Client Component Browser]
    ./guitarforge/src/components/GuitarForgeApp.tsx [Server Component]
    ./guitarforge/src/app/page.tsx [Server Component]

  Client Component SSR:
    ./guitarforge/src/components/LearningCenterPage.tsx [Client Component SSR]
    ./guitarforge/src/components/GuitarForgeApp.tsx [Client Component SSR]
    ./guitarforge/src/components/GuitarForgeApp.tsx [Server Component]
    ./guitarforge/src/app/page.tsx [Server Component] @ http://localhost:3001/_next/static/chunks/a266a_next_dist_cfedd8c2._.js:3127
[  160187ms] [ERROR] ./guitarforge/src/components/LearningCenterPage.tsx:688:10
Ecmascript file had an error
  686 | }
  687 |
> 688 | function ChromaticTuner() {
      |          ^^^^^^^^^^^^^^
  689 |   const [listening, setListening] = useState(false);
  690 |   const [detected, setDetected] = useState<{ note: string; octave: number; cents: number; freq: number } | null>(null);
  691 |   const ctxRef = useRef<AudioContext | null>(null);

the name `ChromaticTuner` is defined multiple times

Import traces:
  Client Component Browser:
    ./guitarforge/src/components/LearningCenterPage.tsx [Client Component Browser]
    ./guitarforge/src/components/GuitarForgeApp.tsx [Client Component Browser]
    ./guitarforge/src/components/GuitarForgeApp.tsx [Server Component]
    ./guitarforge/src/app/page.tsx [Server Component]

  Client Component SSR:
    ./guitarforge/src/components/LearningCenterPage.tsx [Client Component SSR]
    ./guitarforge/src/components/GuitarForgeApp.tsx [Client Component SSR]
    ./guitarforge/src/components/GuitarForgeApp.tsx [Server Component]
    ./guitarforge/src/app/page.tsx [Server Component] @ http://localhost:3001/_next/static/chunks/a266a_next_dist_cfedd8c2._.js:3127
[  160263ms] [ERROR] ./guitarforge/src/components/LearningCenterPage.tsx:688:10
Ecmascript file had an error
  686 | }
  687 |
> 688 | function ChromaticTuner() {
      |          ^^^^^^^^^^^^^^
  689 |   const [listening, setListening] = useState(false);
  690 |   const [detected, setDetected] = useState<{ note: string; octave: number; cents: number; freq: number } | null>(null);
  691 |   const ctxRef = useRef<AudioContext | null>(null);

the name `ChromaticTuner` is defined multiple times

Import traces:
  Client Component Browser:
    ./guitarforge/src/components/LearningCenterPage.tsx [Client Component Browser]
    ./guitarforge/src/components/GuitarForgeApp.tsx [Client Component Browser]
    ./guitarforge/src/components/GuitarForgeApp.tsx [Server Component]
    ./guitarforge/src/app/page.tsx [Server Component]

  Client Component SSR:
    ./guitarforge/src/components/LearningCenterPage.tsx [Client Component SSR]
    ./guitarforge/src/components/GuitarForgeApp.tsx [Client Component SSR]
    ./guitarforge/src/components/GuitarForgeApp.tsx [Server Component]
    ./guitarforge/src/app/page.tsx [Server Component] @ http://localhost:3001/_next/static/chunks/a266a_next_dist_cfedd8c2._.js:3127
[  160341ms] [ERROR] ./guitarforge/src/components/LearningCenterPage.tsx:688:10
Ecmascript file had an error
  686 | }
  687 |
> 688 | function ChromaticTuner() {
      |          ^^^^^^^^^^^^^^
  689 |   const [listening, setListening] = useState(false);
  690 |   const [detected, setDetected] = useState<{ note: string; octave: number; cents: number; freq: number } | null>(null);
  691 |   const ctxRef = useRef<AudioContext | null>(null);

the name `ChromaticTuner` is defined multiple times

Import traces:
  Client Component Browser:
    ./guitarforge/src/components/LearningCenterPage.tsx [Client Component Browser]
    ./guitarforge/src/components/GuitarForgeApp.tsx [Client Component Browser]
    ./guitarforge/src/components/GuitarForgeApp.tsx [Server Component]
    ./guitarforge/src/app/page.tsx [Server Component]

  Client Component SSR:
    ./guitarforge/src/components/LearningCenterPage.tsx [Client Component SSR]
    ./guitarforge/src/components/GuitarForgeApp.tsx [Client Component SSR]
    ./guitarforge/src/components/GuitarForgeApp.tsx [Server Component]
    ./guitarforge/src/app/page.tsx [Server Component] @ http://localhost:3001/_next/static/chunks/a266a_next_dist_cfedd8c2._.js:3127
[  160420ms] [ERROR] ./guitarforge/src/components/LearningCenterPage.tsx:688:10
Ecmascript file had an error
  686 | }
  687 |
> 688 | function ChromaticTuner() {
      |          ^^^^^^^^^^^^^^
  689 |   const [listening, setListening] = useState(false);
  690 |   const [detected, setDetected] = useState<{ note: string; octave: number; cents: number; freq: number } | null>(null);
  691 |   const ctxRef = useRef<AudioContext | null>(null);

the name `ChromaticTuner` is defined multiple times

Import traces:
  Client Component Browser:
    ./guitarforge/src/components/LearningCenterPage.tsx [Client Component Browser]
    ./guitarforge/src/components/GuitarForgeApp.tsx [Client Component Browser]
    ./guitarforge/src/components/GuitarForgeApp.tsx [Server Component]
    ./guitarforge/src/app/page.tsx [Server Component]

  Client Component SSR:
    ./guitarforge/src/components/LearningCenterPage.tsx [Client Component SSR]
    ./guitarforge/src/components/GuitarForgeApp.tsx [Client Component SSR]
    ./guitarforge/src/components/GuitarForgeApp.tsx [Server Component]
    ./guitarforge/src/app/page.tsx [Server Component] @ http://localhost:3001/_next/static/chunks/a266a_next_dist_cfedd8c2._.js:3127
[  160497ms] [ERROR] ./guitarforge/src/components/LearningCenterPage.tsx:688:10
Ecmascript file had an error
  686 | }
  687 |
> 688 | function ChromaticTuner() {
      |          ^^^^^^^^^^^^^^
  689 |   const [listening, setListening] = useState(false);
  690 |   const [detected, setDetected] = useState<{ note: string; octave: number; cents: number; freq: number } | null>(null);
  691 |   const ctxRef = useRef<AudioContext | null>(null);

the name `ChromaticTuner` is defined multiple times

Import traces:
  Client Component Browser:
    ./guitarforge/src/components/LearningCenterPage.tsx [Client Component Browser]
    ./guitarforge/src/components/GuitarForgeApp.tsx [Client Component Browser]
    ./guitarforge/src/components/GuitarForgeApp.tsx [Server Component]
    ./guitarforge/src/app/page.tsx [Server Component]

  Client Component SSR:
    ./guitarforge/src/components/LearningCenterPage.tsx [Client Component SSR]
    ./guitarforge/src/components/GuitarForgeApp.tsx [Client Component SSR]
    ./guitarforge/src/components/GuitarForgeApp.tsx [Server Component]
    ./guitarforge/src/app/page.tsx [Server Component] @ http://localhost:3001/_next/static/chunks/a266a_next_dist_cfedd8c2._.js:3127
[  160580ms] [ERROR] ./guitarforge/src/components/LearningCenterPage.tsx:688:10
Ecmascript file had an error
  686 | }
  687 |
> 688 | function ChromaticTuner() {
      |          ^^^^^^^^^^^^^^
  689 |   const [listening, setListening] = useState(false);
  690 |   const [detected, setDetected] = useState<{ note: string; octave: number; cents: number; freq: number } | null>(null);
  691 |   const ctxRef = useRef<AudioContext | null>(null);

the name `ChromaticTuner` is defined multiple times

Import traces:
  Client Component Browser:
    ./guitarforge/src/components/LearningCenterPage.tsx [Client Component Browser]
    ./guitarforge/src/components/GuitarForgeApp.tsx [Client Component Browser]
    ./guitarforge/src/components/GuitarForgeApp.tsx [Server Component]
    ./guitarforge/src/app/page.tsx [Server Component]

  Client Component SSR:
    ./guitarforge/src/components/LearningCenterPage.tsx [Client Component SSR]
    ./guitarforge/src/components/GuitarForgeApp.tsx [Client Component SSR]
    ./guitarforge/src/components/GuitarForgeApp.tsx [Server Component]
    ./guitarforge/src/app/page.tsx [Server Component] @ http://localhost:3001/_next/static/chunks/a266a_next_dist_cfedd8c2._.js:3127
[  160652ms] [ERROR] ./guitarforge/src/components/LearningCenterPage.tsx:688:10
Ecmascript file had an error
  686 | }
  687 |
> 688 | function ChromaticTuner() {
      |          ^^^^^^^^^^^^^^
  689 |   const [listening, setListening] = useState(false);
  690 |   const [detected, setDetected] = useState<{ note: string; octave: number; cents: number; freq: number } | null>(null);
  691 |   const ctxRef = useRef<AudioContext | null>(null);

the name `ChromaticTuner` is defined multiple times

Import traces:
  Client Component Browser:
    ./guitarforge/src/components/LearningCenterPage.tsx [Client Component Browser]
    ./guitarforge/src/components/GuitarForgeApp.tsx [Client Component Browser]
    ./guitarforge/src/components/GuitarForgeApp.tsx [Server Component]
    ./guitarforge/src/app/page.tsx [Server Component]

  Client Component SSR:
    ./guitarforge/src/components/LearningCenterPage.tsx [Client Component SSR]
    ./guitarforge/src/components/GuitarForgeApp.tsx [Client Component SSR]
    ./guitarforge/src/components/GuitarForgeApp.tsx [Server Component]
    ./guitarforge/src/app/page.tsx [Server Component] @ http://localhost:3001/_next/static/chunks/a266a_next_dist_cfedd8c2._.js:3127
[  160730ms] [ERROR] ./guitarforge/src/components/LearningCenterPage.tsx:688:10
Ecmascript file had an error
  686 | }
  687 |
> 688 | function ChromaticTuner() {
      |          ^^^^^^^^^^^^^^
  689 |   const [listening, setListening] = useState(false);
  690 |   const [detected, setDetected] = useState<{ note: string; octave: number; cents: number; freq: number } | null>(null);
  691 |   const ctxRef = useRef<AudioContext | null>(null);

the name `ChromaticTuner` is defined multiple times

Import traces:
  Client Component Browser:
    ./guitarforge/src/components/LearningCenterPage.tsx [Client Component Browser]
    ./guitarforge/src/components/GuitarForgeApp.tsx [Client Component Browser]
    ./guitarforge/src/components/GuitarForgeApp.tsx [Server Component]
    ./guitarforge/src/app/page.tsx [Server Component]

  Client Component SSR:
    ./guitarforge/src/components/LearningCenterPage.tsx [Client Component SSR]
    ./guitarforge/src/components/GuitarForgeApp.tsx [Client Component SSR]
    ./guitarforge/src/components/GuitarForgeApp.tsx [Server Component]
    ./guitarforge/src/app/page.tsx [Server Component] @ http://localhost:3001/_next/static/chunks/a266a_next_dist_cfedd8c2._.js:3127
[  160808ms] [ERROR] ./guitarforge/src/components/LearningCenterPage.tsx:688:10
Ecmascript file had an error
  686 | }
  687 |
> 688 | function ChromaticTuner() {
      |          ^^^^^^^^^^^^^^
  689 |   const [listening, setListening] = useState(false);
  690 |   const [detected, setDetected] = useState<{ note: string; octave: number; cents: number; freq: number } | null>(null);
  691 |   const ctxRef = useRef<AudioContext | null>(null);

the name `ChromaticTuner` is defined multiple times

Import traces:
  Client Component Browser:
    ./guitarforge/src/components/LearningCenterPage.tsx [Client Component Browser]
    ./guitarforge/src/components/GuitarForgeApp.tsx [Client Component Browser]
    ./guitarforge/src/components/GuitarForgeApp.tsx [Server Component]
    ./guitarforge/src/app/page.tsx [Server Component]

  Client Component SSR:
    ./guitarforge/src/components/LearningCenterPage.tsx [Client Component SSR]
    ./guitarforge/src/components/GuitarForgeApp.tsx [Client Component SSR]
    ./guitarforge/src/components/GuitarForgeApp.tsx [Server Component]
    ./guitarforge/src/app/page.tsx [Server Component] @ http://localhost:3001/_next/static/chunks/a266a_next_dist_cfedd8c2._.js:3127
[  160887ms] [ERROR] ./guitarforge/src/components/LearningCenterPage.tsx:688:10
Ecmascript file had an error
  686 | }
  687 |
> 688 | function ChromaticTuner() {
      |          ^^^^^^^^^^^^^^
  689 |   const [listening, setListening] = useState(false);
  690 |   const [detected, setDetected] = useState<{ note: string; octave: number; cents: number; freq: number } | null>(null);
  691 |   const ctxRef = useRef<AudioContext | null>(null);

the name `ChromaticTuner` is defined multiple times

Import traces:
  Client Component Browser:
    ./guitarforge/src/components/LearningCenterPage.tsx [Client Component Browser]
    ./guitarforge/src/components/GuitarForgeApp.tsx [Client Component Browser]
    ./guitarforge/src/components/GuitarForgeApp.tsx [Server Component]
    ./guitarforge/src/app/page.tsx [Server Component]

  Client Component SSR:
    ./guitarforge/src/components/LearningCenterPage.tsx [Client Component SSR]
    ./guitarforge/src/components/GuitarForgeApp.tsx [Client Component SSR]
    ./guitarforge/src/components/GuitarForgeApp.tsx [Server Component]
    ./guitarforge/src/app/page.tsx [Server Component] @ http://localhost:3001/_next/static/chunks/a266a_next_dist_cfedd8c2._.js:3127
[  160965ms] [ERROR] ./guitarforge/src/components/LearningCenterPage.tsx:688:10
Ecmascript file had an error
  686 | }
  687 |
> 688 | function ChromaticTuner() {
      |          ^^^^^^^^^^^^^^
  689 |   const [listening, setListening] = useState(false);
  690 |   const [detected, setDetected] = useState<{ note: string; octave: number; cents: number; freq: number } | null>(null);
  691 |   const ctxRef = useRef<AudioContext | null>(null);

the name `ChromaticTuner` is defined multiple times

Import traces:
  Client Component Browser:
    ./guitarforge/src/components/LearningCenterPage.tsx [Client Component Browser]
    ./guitarforge/src/components/GuitarForgeApp.tsx [Client Component Browser]
    ./guitarforge/src/components/GuitarForgeApp.tsx [Server Component]
    ./guitarforge/src/app/page.tsx [Server Component]

  Client Component SSR:
    ./guitarforge/src/components/LearningCenterPage.tsx [Client Component SSR]
    ./guitarforge/src/components/GuitarForgeApp.tsx [Client Component SSR]
    ./guitarforge/src/components/GuitarForgeApp.tsx [Server Component]
    ./guitarforge/src/app/page.tsx [Server Component] @ http://localhost:3001/_next/static/chunks/a266a_next_dist_cfedd8c2._.js:3127
[  161041ms] [ERROR] ./guitarforge/src/components/LearningCenterPage.tsx:688:10
Ecmascript file had an error
  686 | }
  687 |
> 688 | function ChromaticTuner() {
      |          ^^^^^^^^^^^^^^
  689 |   const [listening, setListening] = useState(false);
  690 |   const [detected, setDetected] = useState<{ note: string; octave: number; cents: number; freq: number } | null>(null);
  691 |   const ctxRef = useRef<AudioContext | null>(null);

the name `ChromaticTuner` is defined multiple times

Import traces:
  Client Component Browser:
    ./guitarforge/src/components/LearningCenterPage.tsx [Client Component Browser]
    ./guitarforge/src/components/GuitarForgeApp.tsx [Client Component Browser]
    ./guitarforge/src/components/GuitarForgeApp.tsx [Server Component]
    ./guitarforge/src/app/page.tsx [Server Component]

  Client Component SSR:
    ./guitarforge/src/components/LearningCenterPage.tsx [Client Component SSR]
    ./guitarforge/src/components/GuitarForgeApp.tsx [Client Component SSR]
    ./guitarforge/src/components/GuitarForgeApp.tsx [Server Component]
    ./guitarforge/src/app/page.tsx [Server Component] @ http://localhost:3001/_next/static/chunks/a266a_next_dist_cfedd8c2._.js:3127
[  161119ms] [ERROR] ./guitarforge/src/components/LearningCenterPage.tsx:688:10
Ecmascript file had an error
  686 | }
  687 |
> 688 | function ChromaticTuner() {
      |          ^^^^^^^^^^^^^^
  689 |   const [listening, setListening] = useState(false);
  690 |   const [detected, setDetected] = useState<{ note: string; octave: number; cents: number; freq: number } | null>(null);
  691 |   const ctxRef = useRef<AudioContext | null>(null);

the name `ChromaticTuner` is defined multiple times

Import traces:
  Client Component Browser:
    ./guitarforge/src/components/LearningCenterPage.tsx [Client Component Browser]
    ./guitarforge/src/components/GuitarForgeApp.tsx [Client Component Browser]
    ./guitarforge/src/components/GuitarForgeApp.tsx [Server Component]
    ./guitarforge/src/app/page.tsx [Server Component]

  Client Component SSR:
    ./guitarforge/src/components/LearningCenterPage.tsx [Client Component SSR]
    ./guitarforge/src/components/GuitarForgeApp.tsx [Client Component SSR]
    ./guitarforge/src/components/GuitarForgeApp.tsx [Server Component]
    ./guitarforge/src/app/page.tsx [Server Component] @ http://localhost:3001/_next/static/chunks/a266a_next_dist_cfedd8c2._.js:3127
[  161198ms] [ERROR] ./guitarforge/src/components/LearningCenterPage.tsx:688:10
Ecmascript file had an error
  686 | }
  687 |
> 688 | function ChromaticTuner() {
      |          ^^^^^^^^^^^^^^
  689 |   const [listening, setListening] = useState(false);
  690 |   const [detected, setDetected] = useState<{ note: string; octave: number; cents: number; freq: number } | null>(null);
  691 |   const ctxRef = useRef<AudioContext | null>(null);

the name `ChromaticTuner` is defined multiple times

Import traces:
  Client Component Browser:
    ./guitarforge/src/components/LearningCenterPage.tsx [Client Component Browser]
    ./guitarforge/src/components/GuitarForgeApp.tsx [Client Component Browser]
    ./guitarforge/src/components/GuitarForgeApp.tsx [Server Component]
    ./guitarforge/src/app/page.tsx [Server Component]

  Client Component SSR:
    ./guitarforge/src/components/LearningCenterPage.tsx [Client Component SSR]
    ./guitarforge/src/components/GuitarForgeApp.tsx [Client Component SSR]
    ./guitarforge/src/components/GuitarForgeApp.tsx [Server Component]
    ./guitarforge/src/app/page.tsx [Server Component] @ http://localhost:3001/_next/static/chunks/a266a_next_dist_cfedd8c2._.js:3127
[  161274ms] [ERROR] ./guitarforge/src/components/LearningCenterPage.tsx:688:10
Ecmascript file had an error
  686 | }
  687 |
> 688 | function ChromaticTuner() {
      |          ^^^^^^^^^^^^^^
  689 |   const [listening, setListening] = useState(false);
  690 |   const [detected, setDetected] = useState<{ note: string; octave: number; cents: number; freq: number } | null>(null);
  691 |   const ctxRef = useRef<AudioContext | null>(null);

the name `ChromaticTuner` is defined multiple times

Import traces:
  Client Component Browser:
    ./guitarforge/src/components/LearningCenterPage.tsx [Client Component Browser]
    ./guitarforge/src/components/GuitarForgeApp.tsx [Client Component Browser]
    ./guitarforge/src/components/GuitarForgeApp.tsx [Server Component]
    ./guitarforge/src/app/page.tsx [Server Component]

  Client Component SSR:
    ./guitarforge/src/components/LearningCenterPage.tsx [Client Component SSR]
    ./guitarforge/src/components/GuitarForgeApp.tsx [Client Component SSR]
    ./guitarforge/src/components/GuitarForgeApp.tsx [Server Component]
    ./guitarforge/src/app/page.tsx [Server Component] @ http://localhost:3001/_next/static/chunks/a266a_next_dist_cfedd8c2._.js:3127
[  161355ms] [ERROR] ./guitarforge/src/components/LearningCenterPage.tsx:688:10
Ecmascript file had an error
  686 | }
  687 |
> 688 | function ChromaticTuner() {
      |          ^^^^^^^^^^^^^^
  689 |   const [listening, setListening] = useState(false);
  690 |   const [detected, setDetected] = useState<{ note: string; octave: number; cents: number; freq: number } | null>(null);
  691 |   const ctxRef = useRef<AudioContext | null>(null);

the name `ChromaticTuner` is defined multiple times

Import traces:
  Client Component Browser:
    ./guitarforge/src/components/LearningCenterPage.tsx [Client Component Browser]
    ./guitarforge/src/components/GuitarForgeApp.tsx [Client Component Browser]
    ./guitarforge/src/components/GuitarForgeApp.tsx [Server Component]
    ./guitarforge/src/app/page.tsx [Server Component]

  Client Component SSR:
    ./guitarforge/src/components/LearningCenterPage.tsx [Client Component SSR]
    ./guitarforge/src/components/GuitarForgeApp.tsx [Client Component SSR]
    ./guitarforge/src/components/GuitarForgeApp.tsx [Server Component]
    ./guitarforge/src/app/page.tsx [Server Component] @ http://localhost:3001/_next/static/chunks/a266a_next_dist_cfedd8c2._.js:3127
[  161432ms] [ERROR] ./guitarforge/src/components/LearningCenterPage.tsx:688:10
Ecmascript file had an error
  686 | }
  687 |
> 688 | function ChromaticTuner() {
      |          ^^^^^^^^^^^^^^
  689 |   const [listening, setListening] = useState(false);
  690 |   const [detected, setDetected] = useState<{ note: string; octave: number; cents: number; freq: number } | null>(null);
  691 |   const ctxRef = useRef<AudioContext | null>(null);

the name `ChromaticTuner` is defined multiple times

Import traces:
  Client Component Browser:
    ./guitarforge/src/components/LearningCenterPage.tsx [Client Component Browser]
    ./guitarforge/src/components/GuitarForgeApp.tsx [Client Component Browser]
    ./guitarforge/src/components/GuitarForgeApp.tsx [Server Component]
    ./guitarforge/src/app/page.tsx [Server Component]

  Client Component SSR:
    ./guitarforge/src/components/LearningCenterPage.tsx [Client Component SSR]
    ./guitarforge/src/components/GuitarForgeApp.tsx [Client Component SSR]
    ./guitarforge/src/components/GuitarForgeApp.tsx [Server Component]
    ./guitarforge/src/app/page.tsx [Server Component] @ http://localhost:3001/_next/static/chunks/a266a_next_dist_cfedd8c2._.js:3127
[  161511ms] [ERROR] ./guitarforge/src/components/LearningCenterPage.tsx:688:10
Ecmascript file had an error
  686 | }
  687 |
> 688 | function ChromaticTuner() {
      |          ^^^^^^^^^^^^^^
  689 |   const [listening, setListening] = useState(false);
  690 |   const [detected, setDetected] = useState<{ note: string; octave: number; cents: number; freq: number } | null>(null);
  691 |   const ctxRef = useRef<AudioContext | null>(null);

the name `ChromaticTuner` is defined multiple times

Import traces:
  Client Component Browser:
    ./guitarforge/src/components/LearningCenterPage.tsx [Client Component Browser]
    ./guitarforge/src/components/GuitarForgeApp.tsx [Client Component Browser]
    ./guitarforge/src/components/GuitarForgeApp.tsx [Server Component]
    ./guitarforge/src/app/page.tsx [Server Component]

  Client Component SSR:
    ./guitarforge/src/components/LearningCenterPage.tsx [Client Component SSR]
    ./guitarforge/src/components/GuitarForgeApp.tsx [Client Component SSR]
    ./guitarforge/src/components/GuitarForgeApp.tsx [Server Component]
    ./guitarforge/src/app/page.tsx [Server Component] @ http://localhost:3001/_next/static/chunks/a266a_next_dist_cfedd8c2._.js:3127
[  161585ms] [ERROR] ./guitarforge/src/components/LearningCenterPage.tsx:688:10
Ecmascript file had an error
  686 | }
  687 |
> 688 | function ChromaticTuner() {
      |          ^^^^^^^^^^^^^^
  689 |   const [listening, setListening] = useState(false);
  690 |   const [detected, setDetected] = useState<{ note: string; octave: number; cents: number; freq: number } | null>(null);
  691 |   const ctxRef = useRef<AudioContext | null>(null);

the name `ChromaticTuner` is defined multiple times

Import traces:
  Client Component Browser:
    ./guitarforge/src/components/LearningCenterPage.tsx [Client Component Browser]
    ./guitarforge/src/components/GuitarForgeApp.tsx [Client Component Browser]
    ./guitarforge/src/components/GuitarForgeApp.tsx [Server Component]
    ./guitarforge/src/app/page.tsx [Server Component]

  Client Component SSR:
    ./guitarforge/src/components/LearningCenterPage.tsx [Client Component SSR]
    ./guitarforge/src/components/GuitarForgeApp.tsx [Client Component SSR]
    ./guitarforge/src/components/GuitarForgeApp.tsx [Server Component]
    ./guitarforge/src/app/page.tsx [Server Component] @ http://localhost:3001/_next/static/chunks/a266a_next_dist_cfedd8c2._.js:3127
[  161664ms] [ERROR] ./guitarforge/src/components/LearningCenterPage.tsx:688:10
Ecmascript file had an error
  686 | }
  687 |
> 688 | function ChromaticTuner() {
      |          ^^^^^^^^^^^^^^
  689 |   const [listening, setListening] = useState(false);
  690 |   const [detected, setDetected] = useState<{ note: string; octave: number; cents: number; freq: number } | null>(null);
  691 |   const ctxRef = useRef<AudioContext | null>(null);

the name `ChromaticTuner` is defined multiple times

Import traces:
  Client Component Browser:
    ./guitarforge/src/components/LearningCenterPage.tsx [Client Component Browser]
    ./guitarforge/src/components/GuitarForgeApp.tsx [Client Component Browser]
    ./guitarforge/src/components/GuitarForgeApp.tsx [Server Component]
    ./guitarforge/src/app/page.tsx [Server Component]

  Client Component SSR:
    ./guitarforge/src/components/LearningCenterPage.tsx [Client Component SSR]
    ./guitarforge/src/components/GuitarForgeApp.tsx [Client Component SSR]
    ./guitarforge/src/components/GuitarForgeApp.tsx [Server Component]
    ./guitarforge/src/app/page.tsx [Server Component] @ http://localhost:3001/_next/static/chunks/a266a_next_dist_cfedd8c2._.js:3127
[  161728ms] [ERROR] ./guitarforge/src/components/LearningCenterPage.tsx:688:10
Ecmascript file had an error
  686 | }
  687 |
> 688 | function ChromaticTuner() {
      |          ^^^^^^^^^^^^^^
  689 |   const [listening, setListening] = useState(false);
  690 |   const [detected, setDetected] = useState<{ note: string; octave: number; cents: number; freq: number } | null>(null);
  691 |   const ctxRef = useRef<AudioContext | null>(null);

the name `ChromaticTuner` is defined multiple times

Import traces:
  Client Component Browser:
    ./guitarforge/src/components/LearningCenterPage.tsx [Client Component Browser]
    ./guitarforge/src/components/GuitarForgeApp.tsx [Client Component Browser]
    ./guitarforge/src/components/GuitarForgeApp.tsx [Server Component]
    ./guitarforge/src/app/page.tsx [Server Component]

  Client Component SSR:
    ./guitarforge/src/components/LearningCenterPage.tsx [Client Component SSR]
    ./guitarforge/src/components/GuitarForgeApp.tsx [Client Component SSR]
    ./guitarforge/src/components/GuitarForgeApp.tsx [Server Component]
    ./guitarforge/src/app/page.tsx [Server Component] @ http://localhost:3001/_next/static/chunks/a266a_next_dist_cfedd8c2._.js:3127
[  161807ms] [ERROR] ./guitarforge/src/components/LearningCenterPage.tsx:688:10
Ecmascript file had an error
  686 | }
  687 |
> 688 | function ChromaticTuner() {
      |          ^^^^^^^^^^^^^^
  689 |   const [listening, setListening] = useState(false);
  690 |   const [detected, setDetected] = useState<{ note: string; octave: number; cents: number; freq: number } | null>(null);
  691 |   const ctxRef = useRef<AudioContext | null>(null);

the name `ChromaticTuner` is defined multiple times

Import traces:
  Client Component Browser:
    ./guitarforge/src/components/LearningCenterPage.tsx [Client Component Browser]
    ./guitarforge/src/components/GuitarForgeApp.tsx [Client Component Browser]
    ./guitarforge/src/components/GuitarForgeApp.tsx [Server Component]
    ./guitarforge/src/app/page.tsx [Server Component]

  Client Component SSR:
    ./guitarforge/src/components/LearningCenterPage.tsx [Client Component SSR]
    ./guitarforge/src/components/GuitarForgeApp.tsx [Client Component SSR]
    ./guitarforge/src/components/GuitarForgeApp.tsx [Server Component]
    ./guitarforge/src/app/page.tsx [Server Component] @ http://localhost:3001/_next/static/chunks/a266a_next_dist_cfedd8c2._.js:3127
[  161886ms] [ERROR] ./guitarforge/src/components/LearningCenterPage.tsx:688:10
Ecmascript file had an error
  686 | }
  687 |
> 688 | function ChromaticTuner() {
      |          ^^^^^^^^^^^^^^
  689 |   const [listening, setListening] = useState(false);
  690 |   const [detected, setDetected] = useState<{ note: string; octave: number; cents: number; freq: number } | null>(null);
  691 |   const ctxRef = useRef<AudioContext | null>(null);

the name `ChromaticTuner` is defined multiple times

Import traces:
  Client Component Browser:
    ./guitarforge/src/components/LearningCenterPage.tsx [Client Component Browser]
    ./guitarforge/src/components/GuitarForgeApp.tsx [Client Component Browser]
    ./guitarforge/src/components/GuitarForgeApp.tsx [Server Component]
    ./guitarforge/src/app/page.tsx [Server Component]

  Client Component SSR:
    ./guitarforge/src/components/LearningCenterPage.tsx [Client Component SSR]
    ./guitarforge/src/components/GuitarForgeApp.tsx [Client Component SSR]
    ./guitarforge/src/components/GuitarForgeApp.tsx [Server Component]
    ./guitarforge/src/app/page.tsx [Server Component] @ http://localhost:3001/_next/static/chunks/a266a_next_dist_cfedd8c2._.js:3127
[  161959ms] [ERROR] ./guitarforge/src/components/LearningCenterPage.tsx:688:10
Ecmascript file had an error
  686 | }
  687 |
> 688 | function ChromaticTuner() {
      |          ^^^^^^^^^^^^^^
  689 |   const [listening, setListening] = useState(false);
  690 |   const [detected, setDetected] = useState<{ note: string; octave: number; cents: number; freq: number } | null>(null);
  691 |   const ctxRef = useRef<AudioContext | null>(null);

the name `ChromaticTuner` is defined multiple times

Import traces:
  Client Component Browser:
    ./guitarforge/src/components/LearningCenterPage.tsx [Client Component Browser]
    ./guitarforge/src/components/GuitarForgeApp.tsx [Client Component Browser]
    ./guitarforge/src/components/GuitarForgeApp.tsx [Server Component]
    ./guitarforge/src/app/page.tsx [Server Component]

  Client Component SSR:
    ./guitarforge/src/components/LearningCenterPage.tsx [Client Component SSR]
    ./guitarforge/src/components/GuitarForgeApp.tsx [Client Component SSR]
    ./guitarforge/src/components/GuitarForgeApp.tsx [Server Component]
    ./guitarforge/src/app/page.tsx [Server Component] @ http://localhost:3001/_next/static/chunks/a266a_next_dist_cfedd8c2._.js:3127
[  162022ms] [ERROR] ./guitarforge/src/components/LearningCenterPage.tsx:688:10
Ecmascript file had an error
  686 | }
  687 |
> 688 | function ChromaticTuner() {
      |          ^^^^^^^^^^^^^^
  689 |   const [listening, setListening] = useState(false);
  690 |   const [detected, setDetected] = useState<{ note: string; octave: number; cents: number; freq: number } | null>(null);
  691 |   const ctxRef = useRef<AudioContext | null>(null);

the name `ChromaticTuner` is defined multiple times

Import traces:
  Client Component Browser:
    ./guitarforge/src/components/LearningCenterPage.tsx [Client Component Browser]
    ./guitarforge/src/components/GuitarForgeApp.tsx [Client Component Browser]
    ./guitarforge/src/components/GuitarForgeApp.tsx [Server Component]
    ./guitarforge/src/app/page.tsx [Server Component]

  Client Component SSR:
    ./guitarforge/src/components/LearningCenterPage.tsx [Client Component SSR]
    ./guitarforge/src/components/GuitarForgeApp.tsx [Client Component SSR]
    ./guitarforge/src/components/GuitarForgeApp.tsx [Server Component]
    ./guitarforge/src/app/page.tsx [Server Component] @ http://localhost:3001/_next/static/chunks/a266a_next_dist_cfedd8c2._.js:3127
[  162085ms] [ERROR] ./guitarforge/src/components/LearningCenterPage.tsx:688:10
Ecmascript file had an error
  686 | }
  687 |
> 688 | function ChromaticTuner() {
      |          ^^^^^^^^^^^^^^
  689 |   const [listening, setListening] = useState(false);
  690 |   const [detected, setDetected] = useState<{ note: string; octave: number; cents: number; freq: number } | null>(null);
  691 |   const ctxRef = useRef<AudioContext | null>(null);

the name `ChromaticTuner` is defined multiple times

Import traces:
  Client Component Browser:
    ./guitarforge/src/components/LearningCenterPage.tsx [Client Component Browser]
    ./guitarforge/src/components/GuitarForgeApp.tsx [Client Component Browser]
    ./guitarforge/src/components/GuitarForgeApp.tsx [Server Component]
    ./guitarforge/src/app/page.tsx [Server Component]

  Client Component SSR:
    ./guitarforge/src/components/LearningCenterPage.tsx [Client Component SSR]
    ./guitarforge/src/components/GuitarForgeApp.tsx [Client Component SSR]
    ./guitarforge/src/components/GuitarForgeApp.tsx [Server Component]
    ./guitarforge/src/app/page.tsx [Server Component] @ http://localhost:3001/_next/static/chunks/a266a_next_dist_cfedd8c2._.js:3127
[  162164ms] [ERROR] ./guitarforge/src/components/LearningCenterPage.tsx:688:10
Ecmascript file had an error
  686 | }
  687 |
> 688 | function ChromaticTuner() {
      |          ^^^^^^^^^^^^^^
  689 |   const [listening, setListening] = useState(false);
  690 |   const [detected, setDetected] = useState<{ note: string; octave: number; cents: number; freq: number } | null>(null);
  691 |   const ctxRef = useRef<AudioContext | null>(null);

the name `ChromaticTuner` is defined multiple times

Import traces:
  Client Component Browser:
    ./guitarforge/src/components/LearningCenterPage.tsx [Client Component Browser]
    ./guitarforge/src/components/GuitarForgeApp.tsx [Client Component Browser]
    ./guitarforge/src/components/GuitarForgeApp.tsx [Server Component]
    ./guitarforge/src/app/page.tsx [Server Component]

  Client Component SSR:
    ./guitarforge/src/components/LearningCenterPage.tsx [Client Component SSR]
    ./guitarforge/src/components/GuitarForgeApp.tsx [Client Component SSR]
    ./guitarforge/src/components/GuitarForgeApp.tsx [Server Component]
    ./guitarforge/src/app/page.tsx [Server Component] @ http://localhost:3001/_next/static/chunks/a266a_next_dist_cfedd8c2._.js:3127
[  162244ms] [ERROR] ./guitarforge/src/components/LearningCenterPage.tsx:688:10
Ecmascript file had an error
  686 | }
  687 |
> 688 | function ChromaticTuner() {
      |          ^^^^^^^^^^^^^^
  689 |   const [listening, setListening] = useState(false);
  690 |   const [detected, setDetected] = useState<{ note: string; octave: number; cents: number; freq: number } | null>(null);
  691 |   const ctxRef = useRef<AudioContext | null>(null);

the name `ChromaticTuner` is defined multiple times

Import traces:
  Client Component Browser:
    ./guitarforge/src/components/LearningCenterPage.tsx [Client Component Browser]
    ./guitarforge/src/components/GuitarForgeApp.tsx [Client Component Browser]
    ./guitarforge/src/components/GuitarForgeApp.tsx [Server Component]
    ./guitarforge/src/app/page.tsx [Server Component]

  Client Component SSR:
    ./guitarforge/src/components/LearningCenterPage.tsx [Client Component SSR]
    ./guitarforge/src/components/GuitarForgeApp.tsx [Client Component SSR]
    ./guitarforge/src/components/GuitarForgeApp.tsx [Server Component]
    ./guitarforge/src/app/page.tsx [Server Component] @ http://localhost:3001/_next/static/chunks/a266a_next_dist_cfedd8c2._.js:3127
[  162318ms] [ERROR] ./guitarforge/src/components/LearningCenterPage.tsx:688:10
Ecmascript file had an error
  686 | }
  687 |
> 688 | function ChromaticTuner() {
      |          ^^^^^^^^^^^^^^
  689 |   const [listening, setListening] = useState(false);
  690 |   const [detected, setDetected] = useState<{ note: string; octave: number; cents: number; freq: number } | null>(null);
  691 |   const ctxRef = useRef<AudioContext | null>(null);

the name `ChromaticTuner` is defined multiple times

Import traces:
  Client Component Browser:
    ./guitarforge/src/components/LearningCenterPage.tsx [Client Component Browser]
    ./guitarforge/src/components/GuitarForgeApp.tsx [Client Component Browser]
    ./guitarforge/src/components/GuitarForgeApp.tsx [Server Component]
    ./guitarforge/src/app/page.tsx [Server Component]

  Client Component SSR:
    ./guitarforge/src/components/LearningCenterPage.tsx [Client Component SSR]
    ./guitarforge/src/components/GuitarForgeApp.tsx [Client Component SSR]
    ./guitarforge/src/components/GuitarForgeApp.tsx [Server Component]
    ./guitarforge/src/app/page.tsx [Server Component] @ http://localhost:3001/_next/static/chunks/a266a_next_dist_cfedd8c2._.js:3127
[  162396ms] [ERROR] ./guitarforge/src/components/LearningCenterPage.tsx:688:10
Ecmascript file had an error
  686 | }
  687 |
> 688 | function ChromaticTuner() {
      |          ^^^^^^^^^^^^^^
  689 |   const [listening, setListening] = useState(false);
  690 |   const [detected, setDetected] = useState<{ note: string; octave: number; cents: number; freq: number } | null>(null);
  691 |   const ctxRef = useRef<AudioContext | null>(null);

the name `ChromaticTuner` is defined multiple times

Import traces:
  Client Component Browser:
    ./guitarforge/src/components/LearningCenterPage.tsx [Client Component Browser]
    ./guitarforge/src/components/GuitarForgeApp.tsx [Client Component Browser]
    ./guitarforge/src/components/GuitarForgeApp.tsx [Server Component]
    ./guitarforge/src/app/page.tsx [Server Component]

  Client Component SSR:
    ./guitarforge/src/components/LearningCenterPage.tsx [Client Component SSR]
    ./guitarforge/src/components/GuitarForgeApp.tsx [Client Component SSR]
    ./guitarforge/src/components/GuitarForgeApp.tsx [Server Component]
    ./guitarforge/src/app/page.tsx [Server Component] @ http://localhost:3001/_next/static/chunks/a266a_next_dist_cfedd8c2._.js:3127
[  162475ms] [ERROR] ./guitarforge/src/components/LearningCenterPage.tsx:688:10
Ecmascript file had an error
  686 | }
  687 |
> 688 | function ChromaticTuner() {
      |          ^^^^^^^^^^^^^^
  689 |   const [listening, setListening] = useState(false);
  690 |   const [detected, setDetected] = useState<{ note: string; octave: number; cents: number; freq: number } | null>(null);
  691 |   const ctxRef = useRef<AudioContext | null>(null);

the name `ChromaticTuner` is defined multiple times

Import traces:
  Client Component Browser:
    ./guitarforge/src/components/LearningCenterPage.tsx [Client Component Browser]
    ./guitarforge/src/components/GuitarForgeApp.tsx [Client Component Browser]
    ./guitarforge/src/components/GuitarForgeApp.tsx [Server Component]
    ./guitarforge/src/app/page.tsx [Server Component]

  Client Component SSR:
    ./guitarforge/src/components/LearningCenterPage.tsx [Client Component SSR]
    ./guitarforge/src/components/GuitarForgeApp.tsx [Client Component SSR]
    ./guitarforge/src/components/GuitarForgeApp.tsx [Server Component]
    ./guitarforge/src/app/page.tsx [Server Component] @ http://localhost:3001/_next/static/chunks/a266a_next_dist_cfedd8c2._.js:3127
[  162551ms] [ERROR] ./guitarforge/src/components/LearningCenterPage.tsx:688:10
Ecmascript file had an error
  686 | }
  687 |
> 688 | function ChromaticTuner() {
      |          ^^^^^^^^^^^^^^
  689 |   const [listening, setListening] = useState(false);
  690 |   const [detected, setDetected] = useState<{ note: string; octave: number; cents: number; freq: number } | null>(null);
  691 |   const ctxRef = useRef<AudioContext | null>(null);

the name `ChromaticTuner` is defined multiple times

Import traces:
  Client Component Browser:
    ./guitarforge/src/components/LearningCenterPage.tsx [Client Component Browser]
    ./guitarforge/src/components/GuitarForgeApp.tsx [Client Component Browser]
    ./guitarforge/src/components/GuitarForgeApp.tsx [Server Component]
    ./guitarforge/src/app/page.tsx [Server Component]

  Client Component SSR:
    ./guitarforge/src/components/LearningCenterPage.tsx [Client Component SSR]
    ./guitarforge/src/components/GuitarForgeApp.tsx [Client Component SSR]
    ./guitarforge/src/components/GuitarForgeApp.tsx [Server Component]
    ./guitarforge/src/app/page.tsx [Server Component] @ http://localhost:3001/_next/static/chunks/a266a_next_dist_cfedd8c2._.js:3127
[  162629ms] [ERROR] ./guitarforge/src/components/LearningCenterPage.tsx:688:10
Ecmascript file had an error
  686 | }
  687 |
> 688 | function ChromaticTuner() {
      |          ^^^^^^^^^^^^^^
  689 |   const [listening, setListening] = useState(false);
  690 |   const [detected, setDetected] = useState<{ note: string; octave: number; cents: number; freq: number } | null>(null);
  691 |   const ctxRef = useRef<AudioContext | null>(null);

the name `ChromaticTuner` is defined multiple times

Import traces:
  Client Component Browser:
    ./guitarforge/src/components/LearningCenterPage.tsx [Client Component Browser]
    ./guitarforge/src/components/GuitarForgeApp.tsx [Client Component Browser]
    ./guitarforge/src/components/GuitarForgeApp.tsx [Server Component]
    ./guitarforge/src/app/page.tsx [Server Component]

  Client Component SSR:
    ./guitarforge/src/components/LearningCenterPage.tsx [Client Component SSR]
    ./guitarforge/src/components/GuitarForgeApp.tsx [Client Component SSR]
    ./guitarforge/src/components/GuitarForgeApp.tsx [Server Component]
    ./guitarforge/src/app/page.tsx [Server Component] @ http://localhost:3001/_next/static/chunks/a266a_next_dist_cfedd8c2._.js:3127
[  162706ms] [ERROR] ./guitarforge/src/components/LearningCenterPage.tsx:688:10
Ecmascript file had an error
  686 | }
  687 |
> 688 | function ChromaticTuner() {
      |          ^^^^^^^^^^^^^^
  689 |   const [listening, setListening] = useState(false);
  690 |   const [detected, setDetected] = useState<{ note: string; octave: number; cents: number; freq: number } | null>(null);
  691 |   const ctxRef = useRef<AudioContext | null>(null);

the name `ChromaticTuner` is defined multiple times

Import traces:
  Client Component Browser:
    ./guitarforge/src/components/LearningCenterPage.tsx [Client Component Browser]
    ./guitarforge/src/components/GuitarForgeApp.tsx [Client Component Browser]
    ./guitarforge/src/components/GuitarForgeApp.tsx [Server Component]
    ./guitarforge/src/app/page.tsx [Server Component]

  Client Component SSR:
    ./guitarforge/src/components/LearningCenterPage.tsx [Client Component SSR]
    ./guitarforge/src/components/GuitarForgeApp.tsx [Client Component SSR]
    ./guitarforge/src/components/GuitarForgeApp.tsx [Server Component]
    ./guitarforge/src/app/page.tsx [Server Component] @ http://localhost:3001/_next/static/chunks/a266a_next_dist_cfedd8c2._.js:3127
[  162783ms] [ERROR] ./guitarforge/src/components/LearningCenterPage.tsx:688:10
Ecmascript file had an error
  686 | }
  687 |
> 688 | function ChromaticTuner() {
      |          ^^^^^^^^^^^^^^
  689 |   const [listening, setListening] = useState(false);
  690 |   const [detected, setDetected] = useState<{ note: string; octave: number; cents: number; freq: number } | null>(null);
  691 |   const ctxRef = useRef<AudioContext | null>(null);

the name `ChromaticTuner` is defined multiple times

Import traces:
  Client Component Browser:
    ./guitarforge/src/components/LearningCenterPage.tsx [Client Component Browser]
    ./guitarforge/src/components/GuitarForgeApp.tsx [Client Component Browser]
    ./guitarforge/src/components/GuitarForgeApp.tsx [Server Component]
    ./guitarforge/src/app/page.tsx [Server Component]

  Client Component SSR:
    ./guitarforge/src/components/LearningCenterPage.tsx [Client Component SSR]
    ./guitarforge/src/components/GuitarForgeApp.tsx [Client Component SSR]
    ./guitarforge/src/components/GuitarForgeApp.tsx [Server Component]
    ./guitarforge/src/app/page.tsx [Server Component] @ http://localhost:3001/_next/static/chunks/a266a_next_dist_cfedd8c2._.js:3127
[  162862ms] [ERROR] ./guitarforge/src/components/LearningCenterPage.tsx:688:10
Ecmascript file had an error
  686 | }
  687 |
> 688 | function ChromaticTuner() {
      |          ^^^^^^^^^^^^^^
  689 |   const [listening, setListening] = useState(false);
  690 |   const [detected, setDetected] = useState<{ note: string; octave: number; cents: number; freq: number } | null>(null);
  691 |   const ctxRef = useRef<AudioContext | null>(null);

the name `ChromaticTuner` is defined multiple times

Import traces:
  Client Component Browser:
    ./guitarforge/src/components/LearningCenterPage.tsx [Client Component Browser]
    ./guitarforge/src/components/GuitarForgeApp.tsx [Client Component Browser]
    ./guitarforge/src/components/GuitarForgeApp.tsx [Server Component]
    ./guitarforge/src/app/page.tsx [Server Component]

  Client Component SSR:
    ./guitarforge/src/components/LearningCenterPage.tsx [Client Component SSR]
    ./guitarforge/src/components/GuitarForgeApp.tsx [Client Component SSR]
    ./guitarforge/src/components/GuitarForgeApp.tsx [Server Component]
    ./guitarforge/src/app/page.tsx [Server Component] @ http://localhost:3001/_next/static/chunks/a266a_next_dist_cfedd8c2._.js:3127
[  162940ms] [ERROR] ./guitarforge/src/components/LearningCenterPage.tsx:688:10
Ecmascript file had an error
  686 | }
  687 |
> 688 | function ChromaticTuner() {
      |          ^^^^^^^^^^^^^^
  689 |   const [listening, setListening] = useState(false);
  690 |   const [detected, setDetected] = useState<{ note: string; octave: number; cents: number; freq: number } | null>(null);
  691 |   const ctxRef = useRef<AudioContext | null>(null);

the name `ChromaticTuner` is defined multiple times

Import traces:
  Client Component Browser:
    ./guitarforge/src/components/LearningCenterPage.tsx [Client Component Browser]
    ./guitarforge/src/components/GuitarForgeApp.tsx [Client Component Browser]
    ./guitarforge/src/components/GuitarForgeApp.tsx [Server Component]
    ./guitarforge/src/app/page.tsx [Server Component]

  Client Component SSR:
    ./guitarforge/src/components/LearningCenterPage.tsx [Client Component SSR]
    ./guitarforge/src/components/GuitarForgeApp.tsx [Client Component SSR]
    ./guitarforge/src/components/GuitarForgeApp.tsx [Server Component]
    ./guitarforge/src/app/page.tsx [Server Component] @ http://localhost:3001/_next/static/chunks/a266a_next_dist_cfedd8c2._.js:3127
[  163019ms] [ERROR] ./guitarforge/src/components/LearningCenterPage.tsx:688:10
Ecmascript file had an error
  686 | }
  687 |
> 688 | function ChromaticTuner() {
      |          ^^^^^^^^^^^^^^
  689 |   const [listening, setListening] = useState(false);
  690 |   const [detected, setDetected] = useState<{ note: string; octave: number; cents: number; freq: number } | null>(null);
  691 |   const ctxRef = useRef<AudioContext | null>(null);

the name `ChromaticTuner` is defined multiple times

Import traces:
  Client Component Browser:
    ./guitarforge/src/components/LearningCenterPage.tsx [Client Component Browser]
    ./guitarforge/src/components/GuitarForgeApp.tsx [Client Component Browser]
    ./guitarforge/src/components/GuitarForgeApp.tsx [Server Component]
    ./guitarforge/src/app/page.tsx [Server Component]

  Client Component SSR:
    ./guitarforge/src/components/LearningCenterPage.tsx [Client Component SSR]
    ./guitarforge/src/components/GuitarForgeApp.tsx [Client Component SSR]
    ./guitarforge/src/components/GuitarForgeApp.tsx [Server Component]
    ./guitarforge/src/app/page.tsx [Server Component] @ http://localhost:3001/_next/static/chunks/a266a_next_dist_cfedd8c2._.js:3127
[  163092ms] [ERROR] ./guitarforge/src/components/LearningCenterPage.tsx:688:10
Ecmascript file had an error
  686 | }
  687 |
> 688 | function ChromaticTuner() {
      |          ^^^^^^^^^^^^^^
  689 |   const [listening, setListening] = useState(false);
  690 |   const [detected, setDetected] = useState<{ note: string; octave: number; cents: number; freq: number } | null>(null);
  691 |   const ctxRef = useRef<AudioContext | null>(null);

the name `ChromaticTuner` is defined multiple times

Import traces:
  Client Component Browser:
    ./guitarforge/src/components/LearningCenterPage.tsx [Client Component Browser]
    ./guitarforge/src/components/GuitarForgeApp.tsx [Client Component Browser]
    ./guitarforge/src/components/GuitarForgeApp.tsx [Server Component]
    ./guitarforge/src/app/page.tsx [Server Component]

  Client Component SSR:
    ./guitarforge/src/components/LearningCenterPage.tsx [Client Component SSR]
    ./guitarforge/src/components/GuitarForgeApp.tsx [Client Component SSR]
    ./guitarforge/src/components/GuitarForgeApp.tsx [Server Component]
    ./guitarforge/src/app/page.tsx [Server Component] @ http://localhost:3001/_next/static/chunks/a266a_next_dist_cfedd8c2._.js:3127
[  163155ms] [ERROR] ./guitarforge/src/components/LearningCenterPage.tsx:688:10
Ecmascript file had an error
  686 | }
  687 |
> 688 | function ChromaticTuner() {
      |          ^^^^^^^^^^^^^^
  689 |   const [listening, setListening] = useState(false);
  690 |   const [detected, setDetected] = useState<{ note: string; octave: number; cents: number; freq: number } | null>(null);
  691 |   const ctxRef = useRef<AudioContext | null>(null);

the name `ChromaticTuner` is defined multiple times

Import traces:
  Client Component Browser:
    ./guitarforge/src/components/LearningCenterPage.tsx [Client Component Browser]
    ./guitarforge/src/components/GuitarForgeApp.tsx [Client Component Browser]
    ./guitarforge/src/components/GuitarForgeApp.tsx [Server Component]
    ./guitarforge/src/app/page.tsx [Server Component]

  Client Component SSR:
    ./guitarforge/src/components/LearningCenterPage.tsx [Client Component SSR]
    ./guitarforge/src/components/GuitarForgeApp.tsx [Client Component SSR]
    ./guitarforge/src/components/GuitarForgeApp.tsx [Server Component]
    ./guitarforge/src/app/page.tsx [Server Component] @ http://localhost:3001/_next/static/chunks/a266a_next_dist_cfedd8c2._.js:3127
[  163233ms] [ERROR] ./guitarforge/src/components/LearningCenterPage.tsx:688:10
Ecmascript file had an error
  686 | }
  687 |
> 688 | function ChromaticTuner() {
      |          ^^^^^^^^^^^^^^
  689 |   const [listening, setListening] = useState(false);
  690 |   const [detected, setDetected] = useState<{ note: string; octave: number; cents: number; freq: number } | null>(null);
  691 |   const ctxRef = useRef<AudioContext | null>(null);

the name `ChromaticTuner` is defined multiple times

Import traces:
  Client Component Browser:
    ./guitarforge/src/components/LearningCenterPage.tsx [Client Component Browser]
    ./guitarforge/src/components/GuitarForgeApp.tsx [Client Component Browser]
    ./guitarforge/src/components/GuitarForgeApp.tsx [Server Component]
    ./guitarforge/src/app/page.tsx [Server Component]

  Client Component SSR:
    ./guitarforge/src/components/LearningCenterPage.tsx [Client Component SSR]
    ./guitarforge/src/components/GuitarForgeApp.tsx [Client Component SSR]
    ./guitarforge/src/components/GuitarForgeApp.tsx [Server Component]
    ./guitarforge/src/app/page.tsx [Server Component] @ http://localhost:3001/_next/static/chunks/a266a_next_dist_cfedd8c2._.js:3127
[  163313ms] [ERROR] ./guitarforge/src/components/LearningCenterPage.tsx:688:10
Ecmascript file had an error
  686 | }
  687 |
> 688 | function ChromaticTuner() {
      |          ^^^^^^^^^^^^^^
  689 |   const [listening, setListening] = useState(false);
  690 |   const [detected, setDetected] = useState<{ note: string; octave: number; cents: number; freq: number } | null>(null);
  691 |   const ctxRef = useRef<AudioContext | null>(null);

the name `ChromaticTuner` is defined multiple times

Import traces:
  Client Component Browser:
    ./guitarforge/src/components/LearningCenterPage.tsx [Client Component Browser]
    ./guitarforge/src/components/GuitarForgeApp.tsx [Client Component Browser]
    ./guitarforge/src/components/GuitarForgeApp.tsx [Server Component]
    ./guitarforge/src/app/page.tsx [Server Component]

  Client Component SSR:
    ./guitarforge/src/components/LearningCenterPage.tsx [Client Component SSR]
    ./guitarforge/src/components/GuitarForgeApp.tsx [Client Component SSR]
    ./guitarforge/src/components/GuitarForgeApp.tsx [Server Component]
    ./guitarforge/src/app/page.tsx [Server Component] @ http://localhost:3001/_next/static/chunks/a266a_next_dist_cfedd8c2._.js:3127
[  163389ms] [ERROR] ./guitarforge/src/components/LearningCenterPage.tsx:688:10
Ecmascript file had an error
  686 | }
  687 |
> 688 | function ChromaticTuner() {
      |          ^^^^^^^^^^^^^^
  689 |   const [listening, setListening] = useState(false);
  690 |   const [detected, setDetected] = useState<{ note: string; octave: number; cents: number; freq: number } | null>(null);
  691 |   const ctxRef = useRef<AudioContext | null>(null);

the name `ChromaticTuner` is defined multiple times

Import traces:
  Client Component Browser:
    ./guitarforge/src/components/LearningCenterPage.tsx [Client Component Browser]
    ./guitarforge/src/components/GuitarForgeApp.tsx [Client Component Browser]
    ./guitarforge/src/components/GuitarForgeApp.tsx [Server Component]
    ./guitarforge/src/app/page.tsx [Server Component]

  Client Component SSR:
    ./guitarforge/src/components/LearningCenterPage.tsx [Client Component SSR]
    ./guitarforge/src/components/GuitarForgeApp.tsx [Client Component SSR]
    ./guitarforge/src/components/GuitarForgeApp.tsx [Server Component]
    ./guitarforge/src/app/page.tsx [Server Component] @ http://localhost:3001/_next/static/chunks/a266a_next_dist_cfedd8c2._.js:3127
[  163466ms] [ERROR] ./guitarforge/src/components/LearningCenterPage.tsx:688:10
Ecmascript file had an error
  686 | }
  687 |
> 688 | function ChromaticTuner() {
      |          ^^^^^^^^^^^^^^
  689 |   const [listening, setListening] = useState(false);
  690 |   const [detected, setDetected] = useState<{ note: string; octave: number; cents: number; freq: number } | null>(null);
  691 |   const ctxRef = useRef<AudioContext | null>(null);

the name `ChromaticTuner` is defined multiple times

Import traces:
  Client Component Browser:
    ./guitarforge/src/components/LearningCenterPage.tsx [Client Component Browser]
    ./guitarforge/src/components/GuitarForgeApp.tsx [Client Component Browser]
    ./guitarforge/src/components/GuitarForgeApp.tsx [Server Component]
    ./guitarforge/src/app/page.tsx [Server Component]

  Client Component SSR:
    ./guitarforge/src/components/LearningCenterPage.tsx [Client Component SSR]
    ./guitarforge/src/components/GuitarForgeApp.tsx [Client Component SSR]
    ./guitarforge/src/components/GuitarForgeApp.tsx [Server Component]
    ./guitarforge/src/app/page.tsx [Server Component] @ http://localhost:3001/_next/static/chunks/a266a_next_dist_cfedd8c2._.js:3127
[  163543ms] [ERROR] ./guitarforge/src/components/LearningCenterPage.tsx:688:10
Ecmascript file had an error
  686 | }
  687 |
> 688 | function ChromaticTuner() {
      |          ^^^^^^^^^^^^^^
  689 |   const [listening, setListening] = useState(false);
  690 |   const [detected, setDetected] = useState<{ note: string; octave: number; cents: number; freq: number } | null>(null);
  691 |   const ctxRef = useRef<AudioContext | null>(null);

the name `ChromaticTuner` is defined multiple times

Import traces:
  Client Component Browser:
    ./guitarforge/src/components/LearningCenterPage.tsx [Client Component Browser]
    ./guitarforge/src/components/GuitarForgeApp.tsx [Client Component Browser]
    ./guitarforge/src/components/GuitarForgeApp.tsx [Server Component]
    ./guitarforge/src/app/page.tsx [Server Component]

  Client Component SSR:
    ./guitarforge/src/components/LearningCenterPage.tsx [Client Component SSR]
    ./guitarforge/src/components/GuitarForgeApp.tsx [Client Component SSR]
    ./guitarforge/src/components/GuitarForgeApp.tsx [Server Component]
    ./guitarforge/src/app/page.tsx [Server Component] @ http://localhost:3001/_next/static/chunks/a266a_next_dist_cfedd8c2._.js:3127
[  163621ms] [ERROR] ./guitarforge/src/components/LearningCenterPage.tsx:688:10
Ecmascript file had an error
  686 | }
  687 |
> 688 | function ChromaticTuner() {
      |          ^^^^^^^^^^^^^^
  689 |   const [listening, setListening] = useState(false);
  690 |   const [detected, setDetected] = useState<{ note: string; octave: number; cents: number; freq: number } | null>(null);
  691 |   const ctxRef = useRef<AudioContext | null>(null);

the name `ChromaticTuner` is defined multiple times

Import traces:
  Client Component Browser:
    ./guitarforge/src/components/LearningCenterPage.tsx [Client Component Browser]
    ./guitarforge/src/components/GuitarForgeApp.tsx [Client Component Browser]
    ./guitarforge/src/components/GuitarForgeApp.tsx [Server Component]
    ./guitarforge/src/app/page.tsx [Server Component]

  Client Component SSR:
    ./guitarforge/src/components/LearningCenterPage.tsx [Client Component SSR]
    ./guitarforge/src/components/GuitarForgeApp.tsx [Client Component SSR]
    ./guitarforge/src/components/GuitarForgeApp.tsx [Server Component]
    ./guitarforge/src/app/page.tsx [Server Component] @ http://localhost:3001/_next/static/chunks/a266a_next_dist_cfedd8c2._.js:3127
[  163669ms] [LOG] [Fast Refresh] rebuilding @ http://localhost:3001/_next/static/chunks/a266a_next_dist_cfedd8c2._.js:2297
[  163750ms] [ERROR] ./guitarforge/src/components/LearningCenterPage.tsx:688:10
Ecmascript file had an error
  686 | }
  687 |
> 688 | function ChromaticTuner() {
      |          ^^^^^^^^^^^^^^
  689 |   const [listening, setListening] = useState(false);
  690 |   const [detected, setDetected] = useState<{ note: string; octave: number; cents: number; freq: number } | null>(null);
  691 |   const ctxRef = useRef<AudioContext | null>(null);

the name `ChromaticTuner` is defined multiple times

Import traces:
  Client Component Browser:
    ./guitarforge/src/components/LearningCenterPage.tsx [Client Component Browser]
    ./guitarforge/src/components/GuitarForgeApp.tsx [Client Component Browser]
    ./guitarforge/src/components/GuitarForgeApp.tsx [Server Component]
    ./guitarforge/src/app/page.tsx [Server Component]

  Client Component SSR:
    ./guitarforge/src/components/LearningCenterPage.tsx [Client Component SSR]
    ./guitarforge/src/components/GuitarForgeApp.tsx [Client Component SSR]
    ./guitarforge/src/components/GuitarForgeApp.tsx [Server Component]
    ./guitarforge/src/app/page.tsx [Server Component] @ http://localhost:3001/_next/static/chunks/a266a_next_dist_cfedd8c2._.js:3127
[  163824ms] [ERROR] ./guitarforge/src/components/LearningCenterPage.tsx:688:10
Ecmascript file had an error
  686 | }
  687 |
> 688 | function ChromaticTuner() {
      |          ^^^^^^^^^^^^^^
  689 |   const [listening, setListening] = useState(false);
  690 |   const [detected, setDetected] = useState<{ note: string; octave: number; cents: number; freq: number } | null>(null);
  691 |   const ctxRef = useRef<AudioContext | null>(null);

the name `ChromaticTuner` is defined multiple times

Import traces:
  Client Component Browser:
    ./guitarforge/src/components/LearningCenterPage.tsx [Client Component Browser]
    ./guitarforge/src/components/GuitarForgeApp.tsx [Client Component Browser]
    ./guitarforge/src/components/GuitarForgeApp.tsx [Server Component]
    ./guitarforge/src/app/page.tsx [Server Component]

  Client Component SSR:
    ./guitarforge/src/components/LearningCenterPage.tsx [Client Component SSR]
    ./guitarforge/src/components/GuitarForgeApp.tsx [Client Component SSR]
    ./guitarforge/src/components/GuitarForgeApp.tsx [Server Component]
    ./guitarforge/src/app/page.tsx [Server Component] @ http://localhost:3001/_next/static/chunks/a266a_next_dist_cfedd8c2._.js:3127
[  163902ms] [ERROR] ./guitarforge/src/components/LearningCenterPage.tsx:688:10
Ecmascript file had an error
  686 | }
  687 |
> 688 | function ChromaticTuner() {
      |          ^^^^^^^^^^^^^^
  689 |   const [listening, setListening] = useState(false);
  690 |   const [detected, setDetected] = useState<{ note: string; octave: number; cents: number; freq: number } | null>(null);
  691 |   const ctxRef = useRef<AudioContext | null>(null);

the name `ChromaticTuner` is defined multiple times

Import traces:
  Client Component Browser:
    ./guitarforge/src/components/LearningCenterPage.tsx [Client Component Browser]
    ./guitarforge/src/components/GuitarForgeApp.tsx [Client Component Browser]
    ./guitarforge/src/components/GuitarForgeApp.tsx [Server Component]
    ./guitarforge/src/app/page.tsx [Server Component]

  Client Component SSR:
    ./guitarforge/src/components/LearningCenterPage.tsx [Client Component SSR]
    ./guitarforge/src/components/GuitarForgeApp.tsx [Client Component SSR]
    ./guitarforge/src/components/GuitarForgeApp.tsx [Server Component]
    ./guitarforge/src/app/page.tsx [Server Component] @ http://localhost:3001/_next/static/chunks/a266a_next_dist_cfedd8c2._.js:3127
[  163979ms] [ERROR] ./guitarforge/src/components/LearningCenterPage.tsx:688:10
Ecmascript file had an error
  686 | }
  687 |
> 688 | function ChromaticTuner() {
      |          ^^^^^^^^^^^^^^
  689 |   const [listening, setListening] = useState(false);
  690 |   const [detected, setDetected] = useState<{ note: string; octave: number; cents: number; freq: number } | null>(null);
  691 |   const ctxRef = useRef<AudioContext | null>(null);

the name `ChromaticTuner` is defined multiple times

Import traces:
  Client Component Browser:
    ./guitarforge/src/components/LearningCenterPage.tsx [Client Component Browser]
    ./guitarforge/src/components/GuitarForgeApp.tsx [Client Component Browser]
    ./guitarforge/src/components/GuitarForgeApp.tsx [Server Component]
    ./guitarforge/src/app/page.tsx [Server Component]

  Client Component SSR:
    ./guitarforge/src/components/LearningCenterPage.tsx [Client Component SSR]
    ./guitarforge/src/components/GuitarForgeApp.tsx [Client Component SSR]
    ./guitarforge/src/components/GuitarForgeApp.tsx [Server Component]
    ./guitarforge/src/app/page.tsx [Server Component] @ http://localhost:3001/_next/static/chunks/a266a_next_dist_cfedd8c2._.js:3127
[  164058ms] [ERROR] ./guitarforge/src/components/LearningCenterPage.tsx:688:10
Ecmascript file had an error
  686 | }
  687 |
> 688 | function ChromaticTuner() {
      |          ^^^^^^^^^^^^^^
  689 |   const [listening, setListening] = useState(false);
  690 |   const [detected, setDetected] = useState<{ note: string; octave: number; cents: number; freq: number } | null>(null);
  691 |   const ctxRef = useRef<AudioContext | null>(null);

the name `ChromaticTuner` is defined multiple times

Import traces:
  Client Component Browser:
    ./guitarforge/src/components/LearningCenterPage.tsx [Client Component Browser]
    ./guitarforge/src/components/GuitarForgeApp.tsx [Client Component Browser]
    ./guitarforge/src/components/GuitarForgeApp.tsx [Server Component]
    ./guitarforge/src/app/page.tsx [Server Component]

  Client Component SSR:
    ./guitarforge/src/components/LearningCenterPage.tsx [Client Component SSR]
    ./guitarforge/src/components/GuitarForgeApp.tsx [Client Component SSR]
    ./guitarforge/src/components/GuitarForgeApp.tsx [Server Component]
    ./guitarforge/src/app/page.tsx [Server Component] @ http://localhost:3001/_next/static/chunks/a266a_next_dist_cfedd8c2._.js:3127
[  164136ms] [ERROR] ./guitarforge/src/components/LearningCenterPage.tsx:688:10
Ecmascript file had an error
  686 | }
  687 |
> 688 | function ChromaticTuner() {
      |          ^^^^^^^^^^^^^^
  689 |   const [listening, setListening] = useState(false);
  690 |   const [detected, setDetected] = useState<{ note: string; octave: number; cents: number; freq: number } | null>(null);
  691 |   const ctxRef = useRef<AudioContext | null>(null);

the name `ChromaticTuner` is defined multiple times

Import traces:
  Client Component Browser:
    ./guitarforge/src/components/LearningCenterPage.tsx [Client Component Browser]
    ./guitarforge/src/components/GuitarForgeApp.tsx [Client Component Browser]
    ./guitarforge/src/components/GuitarForgeApp.tsx [Server Component]
    ./guitarforge/src/app/page.tsx [Server Component]

  Client Component SSR:
    ./guitarforge/src/components/LearningCenterPage.tsx [Client Component SSR]
    ./guitarforge/src/components/GuitarForgeApp.tsx [Client Component SSR]
    ./guitarforge/src/components/GuitarForgeApp.tsx [Server Component]
    ./guitarforge/src/app/page.tsx [Server Component] @ http://localhost:3001/_next/static/chunks/a266a_next_dist_cfedd8c2._.js:3127
[  164212ms] [ERROR] ./guitarforge/src/components/LearningCenterPage.tsx:688:10
Ecmascript file had an error
  686 | }
  687 |
> 688 | function ChromaticTuner() {
      |          ^^^^^^^^^^^^^^
  689 |   const [listening, setListening] = useState(false);
  690 |   const [detected, setDetected] = useState<{ note: string; octave: number; cents: number; freq: number } | null>(null);
  691 |   const ctxRef = useRef<AudioContext | null>(null);

the name `ChromaticTuner` is defined multiple times

Import traces:
  Client Component Browser:
    ./guitarforge/src/components/LearningCenterPage.tsx [Client Component Browser]
    ./guitarforge/src/components/GuitarForgeApp.tsx [Client Component Browser]
    ./guitarforge/src/components/GuitarForgeApp.tsx [Server Component]
    ./guitarforge/src/app/page.tsx [Server Component]

  Client Component SSR:
    ./guitarforge/src/components/LearningCenterPage.tsx [Client Component SSR]
    ./guitarforge/src/components/GuitarForgeApp.tsx [Client Component SSR]
    ./guitarforge/src/components/GuitarForgeApp.tsx [Server Component]
    ./guitarforge/src/app/page.tsx [Server Component] @ http://localhost:3001/_next/static/chunks/a266a_next_dist_cfedd8c2._.js:3127
[  164289ms] [ERROR] ./guitarforge/src/components/LearningCenterPage.tsx:688:10
Ecmascript file had an error
  686 | }
  687 |
> 688 | function ChromaticTuner() {
      |          ^^^^^^^^^^^^^^
  689 |   const [listening, setListening] = useState(false);
  690 |   const [detected, setDetected] = useState<{ note: string; octave: number; cents: number; freq: number } | null>(null);
  691 |   const ctxRef = useRef<AudioContext | null>(null);

the name `ChromaticTuner` is defined multiple times

Import traces:
  Client Component Browser:
    ./guitarforge/src/components/LearningCenterPage.tsx [Client Component Browser]
    ./guitarforge/src/components/GuitarForgeApp.tsx [Client Component Browser]
    ./guitarforge/src/components/GuitarForgeApp.tsx [Server Component]
    ./guitarforge/src/app/page.tsx [Server Component]

  Client Component SSR:
    ./guitarforge/src/components/LearningCenterPage.tsx [Client Component SSR]
    ./guitarforge/src/components/GuitarForgeApp.tsx [Client Component SSR]
    ./guitarforge/src/components/GuitarForgeApp.tsx [Server Component]
    ./guitarforge/src/app/page.tsx [Server Component] @ http://localhost:3001/_next/static/chunks/a266a_next_dist_cfedd8c2._.js:3127
[  164369ms] [ERROR] ./guitarforge/src/components/LearningCenterPage.tsx:688:10
Ecmascript file had an error
  686 | }
  687 |
> 688 | function ChromaticTuner() {
      |          ^^^^^^^^^^^^^^
  689 |   const [listening, setListening] = useState(false);
  690 |   const [detected, setDetected] = useState<{ note: string; octave: number; cents: number; freq: number } | null>(null);
  691 |   const ctxRef = useRef<AudioContext | null>(null);

the name `ChromaticTuner` is defined multiple times

Import traces:
  Client Component Browser:
    ./guitarforge/src/components/LearningCenterPage.tsx [Client Component Browser]
    ./guitarforge/src/components/GuitarForgeApp.tsx [Client Component Browser]
    ./guitarforge/src/components/GuitarForgeApp.tsx [Server Component]
    ./guitarforge/src/app/page.tsx [Server Component]

  Client Component SSR:
    ./guitarforge/src/components/LearningCenterPage.tsx [Client Component SSR]
    ./guitarforge/src/components/GuitarForgeApp.tsx [Client Component SSR]
    ./guitarforge/src/components/GuitarForgeApp.tsx [Server Component]
    ./guitarforge/src/app/page.tsx [Server Component] @ http://localhost:3001/_next/static/chunks/a266a_next_dist_cfedd8c2._.js:3127
[  164446ms] [ERROR] ./guitarforge/src/components/LearningCenterPage.tsx:688:10
Ecmascript file had an error
  686 | }
  687 |
> 688 | function ChromaticTuner() {
      |          ^^^^^^^^^^^^^^
  689 |   const [listening, setListening] = useState(false);
  690 |   const [detected, setDetected] = useState<{ note: string; octave: number; cents: number; freq: number } | null>(null);
  691 |   const ctxRef = useRef<AudioContext | null>(null);

the name `ChromaticTuner` is defined multiple times

Import traces:
  Client Component Browser:
    ./guitarforge/src/components/LearningCenterPage.tsx [Client Component Browser]
    ./guitarforge/src/components/GuitarForgeApp.tsx [Client Component Browser]
    ./guitarforge/src/components/GuitarForgeApp.tsx [Server Component]
    ./guitarforge/src/app/page.tsx [Server Component]

  Client Component SSR:
    ./guitarforge/src/components/LearningCenterPage.tsx [Client Component SSR]
    ./guitarforge/src/components/GuitarForgeApp.tsx [Client Component SSR]
    ./guitarforge/src/components/GuitarForgeApp.tsx [Server Component]
    ./guitarforge/src/app/page.tsx [Server Component] @ http://localhost:3001/_next/static/chunks/a266a_next_dist_cfedd8c2._.js:3127
[  164527ms] [ERROR] ./guitarforge/src/components/LearningCenterPage.tsx:688:10
Ecmascript file had an error
  686 | }
  687 |
> 688 | function ChromaticTuner() {
      |          ^^^^^^^^^^^^^^
  689 |   const [listening, setListening] = useState(false);
  690 |   const [detected, setDetected] = useState<{ note: string; octave: number; cents: number; freq: number } | null>(null);
  691 |   const ctxRef = useRef<AudioContext | null>(null);

the name `ChromaticTuner` is defined multiple times

Import traces:
  Client Component Browser:
    ./guitarforge/src/components/LearningCenterPage.tsx [Client Component Browser]
    ./guitarforge/src/components/GuitarForgeApp.tsx [Client Component Browser]
    ./guitarforge/src/components/GuitarForgeApp.tsx [Server Component]
    ./guitarforge/src/app/page.tsx [Server Component]

  Client Component SSR:
    ./guitarforge/src/components/LearningCenterPage.tsx [Client Component SSR]
    ./guitarforge/src/components/GuitarForgeApp.tsx [Client Component SSR]
    ./guitarforge/src/components/GuitarForgeApp.tsx [Server Component]
    ./guitarforge/src/app/page.tsx [Server Component] @ http://localhost:3001/_next/static/chunks/a266a_next_dist_cfedd8c2._.js:3127
[  164602ms] [ERROR] ./guitarforge/src/components/LearningCenterPage.tsx:688:10
Ecmascript file had an error
  686 | }
  687 |
> 688 | function ChromaticTuner() {
      |          ^^^^^^^^^^^^^^
  689 |   const [listening, setListening] = useState(false);
  690 |   const [detected, setDetected] = useState<{ note: string; octave: number; cents: number; freq: number } | null>(null);
  691 |   const ctxRef = useRef<AudioContext | null>(null);

the name `ChromaticTuner` is defined multiple times

Import traces:
  Client Component Browser:
    ./guitarforge/src/components/LearningCenterPage.tsx [Client Component Browser]
    ./guitarforge/src/components/GuitarForgeApp.tsx [Client Component Browser]
    ./guitarforge/src/components/GuitarForgeApp.tsx [Server Component]
    ./guitarforge/src/app/page.tsx [Server Component]

  Client Component SSR:
    ./guitarforge/src/components/LearningCenterPage.tsx [Client Component SSR]
    ./guitarforge/src/components/GuitarForgeApp.tsx [Client Component SSR]
    ./guitarforge/src/components/GuitarForgeApp.tsx [Server Component]
    ./guitarforge/src/app/page.tsx [Server Component] @ http://localhost:3001/_next/static/chunks/a266a_next_dist_cfedd8c2._.js:3127
[  164679ms] [ERROR] ./guitarforge/src/components/LearningCenterPage.tsx:688:10
Ecmascript file had an error
  686 | }
  687 |
> 688 | function ChromaticTuner() {
      |          ^^^^^^^^^^^^^^
  689 |   const [listening, setListening] = useState(false);
  690 |   const [detected, setDetected] = useState<{ note: string; octave: number; cents: number; freq: number } | null>(null);
  691 |   const ctxRef = useRef<AudioContext | null>(null);

the name `ChromaticTuner` is defined multiple times

Import traces:
  Client Component Browser:
    ./guitarforge/src/components/LearningCenterPage.tsx [Client Component Browser]
    ./guitarforge/src/components/GuitarForgeApp.tsx [Client Component Browser]
    ./guitarforge/src/components/GuitarForgeApp.tsx [Server Component]
    ./guitarforge/src/app/page.tsx [Server Component]

  Client Component SSR:
    ./guitarforge/src/components/LearningCenterPage.tsx [Client Component SSR]
    ./guitarforge/src/components/GuitarForgeApp.tsx [Client Component SSR]
    ./guitarforge/src/components/GuitarForgeApp.tsx [Server Component]
    ./guitarforge/src/app/page.tsx [Server Component] @ http://localhost:3001/_next/static/chunks/a266a_next_dist_cfedd8c2._.js:3127
[  164758ms] [ERROR] ./guitarforge/src/components/LearningCenterPage.tsx:688:10
Ecmascript file had an error
  686 | }
  687 |
> 688 | function ChromaticTuner() {
      |          ^^^^^^^^^^^^^^
  689 |   const [listening, setListening] = useState(false);
  690 |   const [detected, setDetected] = useState<{ note: string; octave: number; cents: number; freq: number } | null>(null);
  691 |   const ctxRef = useRef<AudioContext | null>(null);

the name `ChromaticTuner` is defined multiple times

Import traces:
  Client Component Browser:
    ./guitarforge/src/components/LearningCenterPage.tsx [Client Component Browser]
    ./guitarforge/src/components/GuitarForgeApp.tsx [Client Component Browser]
    ./guitarforge/src/components/GuitarForgeApp.tsx [Server Component]
    ./guitarforge/src/app/page.tsx [Server Component]

  Client Component SSR:
    ./guitarforge/src/components/LearningCenterPage.tsx [Client Component SSR]
    ./guitarforge/src/components/GuitarForgeApp.tsx [Client Component SSR]
    ./guitarforge/src/components/GuitarForgeApp.tsx [Server Component]
    ./guitarforge/src/app/page.tsx [Server Component] @ http://localhost:3001/_next/static/chunks/a266a_next_dist_cfedd8c2._.js:3127
[  164821ms] [ERROR] ./guitarforge/src/components/LearningCenterPage.tsx:688:10
Ecmascript file had an error
  686 | }
  687 |
> 688 | function ChromaticTuner() {
      |          ^^^^^^^^^^^^^^
  689 |   const [listening, setListening] = useState(false);
  690 |   const [detected, setDetected] = useState<{ note: string; octave: number; cents: number; freq: number } | null>(null);
  691 |   const ctxRef = useRef<AudioContext | null>(null);

the name `ChromaticTuner` is defined multiple times

Import traces:
  Client Component Browser:
    ./guitarforge/src/components/LearningCenterPage.tsx [Client Component Browser]
    ./guitarforge/src/components/GuitarForgeApp.tsx [Client Component Browser]
    ./guitarforge/src/components/GuitarForgeApp.tsx [Server Component]
    ./guitarforge/src/app/page.tsx [Server Component]

  Client Component SSR:
    ./guitarforge/src/components/LearningCenterPage.tsx [Client Component SSR]
    ./guitarforge/src/components/GuitarForgeApp.tsx [Client Component SSR]
    ./guitarforge/src/components/GuitarForgeApp.tsx [Server Component]
    ./guitarforge/src/app/page.tsx [Server Component] @ http://localhost:3001/_next/static/chunks/a266a_next_dist_cfedd8c2._.js:3127
[  164898ms] [ERROR] ./guitarforge/src/components/LearningCenterPage.tsx:688:10
Ecmascript file had an error
  686 | }
  687 |
> 688 | function ChromaticTuner() {
      |          ^^^^^^^^^^^^^^
  689 |   const [listening, setListening] = useState(false);
  690 |   const [detected, setDetected] = useState<{ note: string; octave: number; cents: number; freq: number } | null>(null);
  691 |   const ctxRef = useRef<AudioContext | null>(null);

the name `ChromaticTuner` is defined multiple times

Import traces:
  Client Component Browser:
    ./guitarforge/src/components/LearningCenterPage.tsx [Client Component Browser]
    ./guitarforge/src/components/GuitarForgeApp.tsx [Client Component Browser]
    ./guitarforge/src/components/GuitarForgeApp.tsx [Server Component]
    ./guitarforge/src/app/page.tsx [Server Component]

  Client Component SSR:
    ./guitarforge/src/components/LearningCenterPage.tsx [Client Component SSR]
    ./guitarforge/src/components/GuitarForgeApp.tsx [Client Component SSR]
    ./guitarforge/src/components/GuitarForgeApp.tsx [Server Component]
    ./guitarforge/src/app/page.tsx [Server Component] @ http://localhost:3001/_next/static/chunks/a266a_next_dist_cfedd8c2._.js:3127
[  164978ms] [ERROR] ./guitarforge/src/components/LearningCenterPage.tsx:688:10
Ecmascript file had an error
  686 | }
  687 |
> 688 | function ChromaticTuner() {
      |          ^^^^^^^^^^^^^^
  689 |   const [listening, setListening] = useState(false);
  690 |   const [detected, setDetected] = useState<{ note: string; octave: number; cents: number; freq: number } | null>(null);
  691 |   const ctxRef = useRef<AudioContext | null>(null);

the name `ChromaticTuner` is defined multiple times

Import traces:
  Client Component Browser:
    ./guitarforge/src/components/LearningCenterPage.tsx [Client Component Browser]
    ./guitarforge/src/components/GuitarForgeApp.tsx [Client Component Browser]
    ./guitarforge/src/components/GuitarForgeApp.tsx [Server Component]
    ./guitarforge/src/app/page.tsx [Server Component]

  Client Component SSR:
    ./guitarforge/src/components/LearningCenterPage.tsx [Client Component SSR]
    ./guitarforge/src/components/GuitarForgeApp.tsx [Client Component SSR]
    ./guitarforge/src/components/GuitarForgeApp.tsx [Server Component]
    ./guitarforge/src/app/page.tsx [Server Component] @ http://localhost:3001/_next/static/chunks/a266a_next_dist_cfedd8c2._.js:3127
[  165052ms] [ERROR] ./guitarforge/src/components/LearningCenterPage.tsx:688:10
Ecmascript file had an error
  686 | }
  687 |
> 688 | function ChromaticTuner() {
      |          ^^^^^^^^^^^^^^
  689 |   const [listening, setListening] = useState(false);
  690 |   const [detected, setDetected] = useState<{ note: string; octave: number; cents: number; freq: number } | null>(null);
  691 |   const ctxRef = useRef<AudioContext | null>(null);

the name `ChromaticTuner` is defined multiple times

Import traces:
  Client Component Browser:
    ./guitarforge/src/components/LearningCenterPage.tsx [Client Component Browser]
    ./guitarforge/src/components/GuitarForgeApp.tsx [Client Component Browser]
    ./guitarforge/src/components/GuitarForgeApp.tsx [Server Component]
    ./guitarforge/src/app/page.tsx [Server Component]

  Client Component SSR:
    ./guitarforge/src/components/LearningCenterPage.tsx [Client Component SSR]
    ./guitarforge/src/components/GuitarForgeApp.tsx [Client Component SSR]
    ./guitarforge/src/components/GuitarForgeApp.tsx [Server Component]
    ./guitarforge/src/app/page.tsx [Server Component] @ http://localhost:3001/_next/static/chunks/a266a_next_dist_cfedd8c2._.js:3127
[  165114ms] [ERROR] ./guitarforge/src/components/LearningCenterPage.tsx:688:10
Ecmascript file had an error
  686 | }
  687 |
> 688 | function ChromaticTuner() {
      |          ^^^^^^^^^^^^^^
  689 |   const [listening, setListening] = useState(false);
  690 |   const [detected, setDetected] = useState<{ note: string; octave: number; cents: number; freq: number } | null>(null);
  691 |   const ctxRef = useRef<AudioContext | null>(null);

the name `ChromaticTuner` is defined multiple times

Import traces:
  Client Component Browser:
    ./guitarforge/src/components/LearningCenterPage.tsx [Client Component Browser]
    ./guitarforge/src/components/GuitarForgeApp.tsx [Client Component Browser]
    ./guitarforge/src/components/GuitarForgeApp.tsx [Server Component]
    ./guitarforge/src/app/page.tsx [Server Component]

  Client Component SSR:
    ./guitarforge/src/components/LearningCenterPage.tsx [Client Component SSR]
    ./guitarforge/src/components/GuitarForgeApp.tsx [Client Component SSR]
    ./guitarforge/src/components/GuitarForgeApp.tsx [Server Component]
    ./guitarforge/src/app/page.tsx [Server Component] @ http://localhost:3001/_next/static/chunks/a266a_next_dist_cfedd8c2._.js:3127
[  165193ms] [ERROR] ./guitarforge/src/components/LearningCenterPage.tsx:688:10
Ecmascript file had an error
  686 | }
  687 |
> 688 | function ChromaticTuner() {
      |          ^^^^^^^^^^^^^^
  689 |   const [listening, setListening] = useState(false);
  690 |   const [detected, setDetected] = useState<{ note: string; octave: number; cents: number; freq: number } | null>(null);
  691 |   const ctxRef = useRef<AudioContext | null>(null);

the name `ChromaticTuner` is defined multiple times

Import traces:
  Client Component Browser:
    ./guitarforge/src/components/LearningCenterPage.tsx [Client Component Browser]
    ./guitarforge/src/components/GuitarForgeApp.tsx [Client Component Browser]
    ./guitarforge/src/components/GuitarForgeApp.tsx [Server Component]
    ./guitarforge/src/app/page.tsx [Server Component]

  Client Component SSR:
    ./guitarforge/src/components/LearningCenterPage.tsx [Client Component SSR]
    ./guitarforge/src/components/GuitarForgeApp.tsx [Client Component SSR]
    ./guitarforge/src/components/GuitarForgeApp.tsx [Server Component]
    ./guitarforge/src/app/page.tsx [Server Component] @ http://localhost:3001/_next/static/chunks/a266a_next_dist_cfedd8c2._.js:3127
[  165271ms] [ERROR] ./guitarforge/src/components/LearningCenterPage.tsx:688:10
Ecmascript file had an error
  686 | }
  687 |
> 688 | function ChromaticTuner() {
      |          ^^^^^^^^^^^^^^
  689 |   const [listening, setListening] = useState(false);
  690 |   const [detected, setDetected] = useState<{ note: string; octave: number; cents: number; freq: number } | null>(null);
  691 |   const ctxRef = useRef<AudioContext | null>(null);

the name `ChromaticTuner` is defined multiple times

Import traces:
  Client Component Browser:
    ./guitarforge/src/components/LearningCenterPage.tsx [Client Component Browser]
    ./guitarforge/src/components/GuitarForgeApp.tsx [Client Component Browser]
    ./guitarforge/src/components/GuitarForgeApp.tsx [Server Component]
    ./guitarforge/src/app/page.tsx [Server Component]

  Client Component SSR:
    ./guitarforge/src/components/LearningCenterPage.tsx [Client Component SSR]
    ./guitarforge/src/components/GuitarForgeApp.tsx [Client Component SSR]
    ./guitarforge/src/components/GuitarForgeApp.tsx [Server Component]
    ./guitarforge/src/app/page.tsx [Server Component] @ http://localhost:3001/_next/static/chunks/a266a_next_dist_cfedd8c2._.js:3127
[  165348ms] [ERROR] ./guitarforge/src/components/LearningCenterPage.tsx:688:10
Ecmascript file had an error
  686 | }
  687 |
> 688 | function ChromaticTuner() {
      |          ^^^^^^^^^^^^^^
  689 |   const [listening, setListening] = useState(false);
  690 |   const [detected, setDetected] = useState<{ note: string; octave: number; cents: number; freq: number } | null>(null);
  691 |   const ctxRef = useRef<AudioContext | null>(null);

the name `ChromaticTuner` is defined multiple times

Import traces:
  Client Component Browser:
    ./guitarforge/src/components/LearningCenterPage.tsx [Client Component Browser]
    ./guitarforge/src/components/GuitarForgeApp.tsx [Client Component Browser]
    ./guitarforge/src/components/GuitarForgeApp.tsx [Server Component]
    ./guitarforge/src/app/page.tsx [Server Component]

  Client Component SSR:
    ./guitarforge/src/components/LearningCenterPage.tsx [Client Component SSR]
    ./guitarforge/src/components/GuitarForgeApp.tsx [Client Component SSR]
    ./guitarforge/src/components/GuitarForgeApp.tsx [Server Component]
    ./guitarforge/src/app/page.tsx [Server Component] @ http://localhost:3001/_next/static/chunks/a266a_next_dist_cfedd8c2._.js:3127
[  165423ms] [ERROR] ./guitarforge/src/components/LearningCenterPage.tsx:688:10
Ecmascript file had an error
  686 | }
  687 |
> 688 | function ChromaticTuner() {
      |          ^^^^^^^^^^^^^^
  689 |   const [listening, setListening] = useState(false);
  690 |   const [detected, setDetected] = useState<{ note: string; octave: number; cents: number; freq: number } | null>(null);
  691 |   const ctxRef = useRef<AudioContext | null>(null);

the name `ChromaticTuner` is defined multiple times

Import traces:
  Client Component Browser:
    ./guitarforge/src/components/LearningCenterPage.tsx [Client Component Browser]
    ./guitarforge/src/components/GuitarForgeApp.tsx [Client Component Browser]
    ./guitarforge/src/components/GuitarForgeApp.tsx [Server Component]
    ./guitarforge/src/app/page.tsx [Server Component]

  Client Component SSR:
    ./guitarforge/src/components/LearningCenterPage.tsx [Client Component SSR]
    ./guitarforge/src/components/GuitarForgeApp.tsx [Client Component SSR]
    ./guitarforge/src/components/GuitarForgeApp.tsx [Server Component]
    ./guitarforge/src/app/page.tsx [Server Component] @ http://localhost:3001/_next/static/chunks/a266a_next_dist_cfedd8c2._.js:3127
[  165491ms] [ERROR] ./guitarforge/src/components/LearningCenterPage.tsx:688:10
Ecmascript file had an error
  686 | }
  687 |
> 688 | function ChromaticTuner() {
      |          ^^^^^^^^^^^^^^
  689 |   const [listening, setListening] = useState(false);
  690 |   const [detected, setDetected] = useState<{ note: string; octave: number; cents: number; freq: number } | null>(null);
  691 |   const ctxRef = useRef<AudioContext | null>(null);

the name `ChromaticTuner` is defined multiple times

Import traces:
  Client Component Browser:
    ./guitarforge/src/components/LearningCenterPage.tsx [Client Component Browser]
    ./guitarforge/src/components/GuitarForgeApp.tsx [Client Component Browser]
    ./guitarforge/src/components/GuitarForgeApp.tsx [Server Component]
    ./guitarforge/src/app/page.tsx [Server Component]

  Client Component SSR:
    ./guitarforge/src/components/LearningCenterPage.tsx [Client Component SSR]
    ./guitarforge/src/components/GuitarForgeApp.tsx [Client Component SSR]
    ./guitarforge/src/components/GuitarForgeApp.tsx [Server Component]
    ./guitarforge/src/app/page.tsx [Server Component] @ http://localhost:3001/_next/static/chunks/a266a_next_dist_cfedd8c2._.js:3127
[  165564ms] [ERROR] ./guitarforge/src/components/LearningCenterPage.tsx:688:10
Ecmascript file had an error
  686 | }
  687 |
> 688 | function ChromaticTuner() {
      |          ^^^^^^^^^^^^^^
  689 |   const [listening, setListening] = useState(false);
  690 |   const [detected, setDetected] = useState<{ note: string; octave: number; cents: number; freq: number } | null>(null);
  691 |   const ctxRef = useRef<AudioContext | null>(null);

the name `ChromaticTuner` is defined multiple times

Import traces:
  Client Component Browser:
    ./guitarforge/src/components/LearningCenterPage.tsx [Client Component Browser]
    ./guitarforge/src/components/GuitarForgeApp.tsx [Client Component Browser]
    ./guitarforge/src/components/GuitarForgeApp.tsx [Server Component]
    ./guitarforge/src/app/page.tsx [Server Component]

  Client Component SSR:
    ./guitarforge/src/components/LearningCenterPage.tsx [Client Component SSR]
    ./guitarforge/src/components/GuitarForgeApp.tsx [Client Component SSR]
    ./guitarforge/src/components/GuitarForgeApp.tsx [Server Component]
    ./guitarforge/src/app/page.tsx [Server Component] @ http://localhost:3001/_next/static/chunks/a266a_next_dist_cfedd8c2._.js:3127
[  165627ms] [ERROR] ./guitarforge/src/components/LearningCenterPage.tsx:688:10
Ecmascript file had an error
  686 | }
  687 |
> 688 | function ChromaticTuner() {
      |          ^^^^^^^^^^^^^^
  689 |   const [listening, setListening] = useState(false);
  690 |   const [detected, setDetected] = useState<{ note: string; octave: number; cents: number; freq: number } | null>(null);
  691 |   const ctxRef = useRef<AudioContext | null>(null);

the name `ChromaticTuner` is defined multiple times

Import traces:
  Client Component Browser:
    ./guitarforge/src/components/LearningCenterPage.tsx [Client Component Browser]
    ./guitarforge/src/components/GuitarForgeApp.tsx [Client Component Browser]
    ./guitarforge/src/components/GuitarForgeApp.tsx [Server Component]
    ./guitarforge/src/app/page.tsx [Server Component]

  Client Component SSR:
    ./guitarforge/src/components/LearningCenterPage.tsx [Client Component SSR]
    ./guitarforge/src/components/GuitarForgeApp.tsx [Client Component SSR]
    ./guitarforge/src/components/GuitarForgeApp.tsx [Server Component]
    ./guitarforge/src/app/page.tsx [Server Component] @ http://localhost:3001/_next/static/chunks/a266a_next_dist_cfedd8c2._.js:3127
[  165705ms] [ERROR] ./guitarforge/src/components/LearningCenterPage.tsx:688:10
Ecmascript file had an error
  686 | }
  687 |
> 688 | function ChromaticTuner() {
      |          ^^^^^^^^^^^^^^
  689 |   const [listening, setListening] = useState(false);
  690 |   const [detected, setDetected] = useState<{ note: string; octave: number; cents: number; freq: number } | null>(null);
  691 |   const ctxRef = useRef<AudioContext | null>(null);

the name `ChromaticTuner` is defined multiple times

Import traces:
  Client Component Browser:
    ./guitarforge/src/components/LearningCenterPage.tsx [Client Component Browser]
    ./guitarforge/src/components/GuitarForgeApp.tsx [Client Component Browser]
    ./guitarforge/src/components/GuitarForgeApp.tsx [Server Component]
    ./guitarforge/src/app/page.tsx [Server Component]

  Client Component SSR:
    ./guitarforge/src/components/LearningCenterPage.tsx [Client Component SSR]
    ./guitarforge/src/components/GuitarForgeApp.tsx [Client Component SSR]
    ./guitarforge/src/components/GuitarForgeApp.tsx [Server Component]
    ./guitarforge/src/app/page.tsx [Server Component] @ http://localhost:3001/_next/static/chunks/a266a_next_dist_cfedd8c2._.js:3127
[  165782ms] [ERROR] ./guitarforge/src/components/LearningCenterPage.tsx:688:10
Ecmascript file had an error
  686 | }
  687 |
> 688 | function ChromaticTuner() {
      |          ^^^^^^^^^^^^^^
  689 |   const [listening, setListening] = useState(false);
  690 |   const [detected, setDetected] = useState<{ note: string; octave: number; cents: number; freq: number } | null>(null);
  691 |   const ctxRef = useRef<AudioContext | null>(null);

the name `ChromaticTuner` is defined multiple times

Import traces:
  Client Component Browser:
    ./guitarforge/src/components/LearningCenterPage.tsx [Client Component Browser]
    ./guitarforge/src/components/GuitarForgeApp.tsx [Client Component Browser]
    ./guitarforge/src/components/GuitarForgeApp.tsx [Server Component]
    ./guitarforge/src/app/page.tsx [Server Component]

  Client Component SSR:
    ./guitarforge/src/components/LearningCenterPage.tsx [Client Component SSR]
    ./guitarforge/src/components/GuitarForgeApp.tsx [Client Component SSR]
    ./guitarforge/src/components/GuitarForgeApp.tsx [Server Component]
    ./guitarforge/src/app/page.tsx [Server Component] @ http://localhost:3001/_next/static/chunks/a266a_next_dist_cfedd8c2._.js:3127
[  165860ms] [ERROR] ./guitarforge/src/components/LearningCenterPage.tsx:688:10
Ecmascript file had an error
  686 | }
  687 |
> 688 | function ChromaticTuner() {
      |          ^^^^^^^^^^^^^^
  689 |   const [listening, setListening] = useState(false);
  690 |   const [detected, setDetected] = useState<{ note: string; octave: number; cents: number; freq: number } | null>(null);
  691 |   const ctxRef = useRef<AudioContext | null>(null);

the name `ChromaticTuner` is defined multiple times

Import traces:
  Client Component Browser:
    ./guitarforge/src/components/LearningCenterPage.tsx [Client Component Browser]
    ./guitarforge/src/components/GuitarForgeApp.tsx [Client Component Browser]
    ./guitarforge/src/components/GuitarForgeApp.tsx [Server Component]
    ./guitarforge/src/app/page.tsx [Server Component]

  Client Component SSR:
    ./guitarforge/src/components/LearningCenterPage.tsx [Client Component SSR]
    ./guitarforge/src/components/GuitarForgeApp.tsx [Client Component SSR]
    ./guitarforge/src/components/GuitarForgeApp.tsx [Server Component]
    ./guitarforge/src/app/page.tsx [Server Component] @ http://localhost:3001/_next/static/chunks/a266a_next_dist_cfedd8c2._.js:3127
[  165938ms] [ERROR] ./guitarforge/src/components/LearningCenterPage.tsx:688:10
Ecmascript file had an error
  686 | }
  687 |
> 688 | function ChromaticTuner() {
      |          ^^^^^^^^^^^^^^
  689 |   const [listening, setListening] = useState(false);
  690 |   const [detected, setDetected] = useState<{ note: string; octave: number; cents: number; freq: number } | null>(null);
  691 |   const ctxRef = useRef<AudioContext | null>(null);

the name `ChromaticTuner` is defined multiple times

Import traces:
  Client Component Browser:
    ./guitarforge/src/components/LearningCenterPage.tsx [Client Component Browser]
    ./guitarforge/src/components/GuitarForgeApp.tsx [Client Component Browser]
    ./guitarforge/src/components/GuitarForgeApp.tsx [Server Component]
    ./guitarforge/src/app/page.tsx [Server Component]

  Client Component SSR:
    ./guitarforge/src/components/LearningCenterPage.tsx [Client Component SSR]
    ./guitarforge/src/components/GuitarForgeApp.tsx [Client Component SSR]
    ./guitarforge/src/components/GuitarForgeApp.tsx [Server Component]
    ./guitarforge/src/app/page.tsx [Server Component] @ http://localhost:3001/_next/static/chunks/a266a_next_dist_cfedd8c2._.js:3127
[  166016ms] [ERROR] ./guitarforge/src/components/LearningCenterPage.tsx:688:10
Ecmascript file had an error
  686 | }
  687 |
> 688 | function ChromaticTuner() {
      |          ^^^^^^^^^^^^^^
  689 |   const [listening, setListening] = useState(false);
  690 |   const [detected, setDetected] = useState<{ note: string; octave: number; cents: number; freq: number } | null>(null);
  691 |   const ctxRef = useRef<AudioContext | null>(null);

the name `ChromaticTuner` is defined multiple times

Import traces:
  Client Component Browser:
    ./guitarforge/src/components/LearningCenterPage.tsx [Client Component Browser]
    ./guitarforge/src/components/GuitarForgeApp.tsx [Client Component Browser]
    ./guitarforge/src/components/GuitarForgeApp.tsx [Server Component]
    ./guitarforge/src/app/page.tsx [Server Component]

  Client Component SSR:
    ./guitarforge/src/components/LearningCenterPage.tsx [Client Component SSR]
    ./guitarforge/src/components/GuitarForgeApp.tsx [Client Component SSR]
    ./guitarforge/src/components/GuitarForgeApp.tsx [Server Component]
    ./guitarforge/src/app/page.tsx [Server Component] @ http://localhost:3001/_next/static/chunks/a266a_next_dist_cfedd8c2._.js:3127
[  166094ms] [ERROR] ./guitarforge/src/components/LearningCenterPage.tsx:688:10
Ecmascript file had an error
  686 | }
  687 |
> 688 | function ChromaticTuner() {
      |          ^^^^^^^^^^^^^^
  689 |   const [listening, setListening] = useState(false);
  690 |   const [detected, setDetected] = useState<{ note: string; octave: number; cents: number; freq: number } | null>(null);
  691 |   const ctxRef = useRef<AudioContext | null>(null);

the name `ChromaticTuner` is defined multiple times

Import traces:
  Client Component Browser:
    ./guitarforge/src/components/LearningCenterPage.tsx [Client Component Browser]
    ./guitarforge/src/components/GuitarForgeApp.tsx [Client Component Browser]
    ./guitarforge/src/components/GuitarForgeApp.tsx [Server Component]
    ./guitarforge/src/app/page.tsx [Server Component]

  Client Component SSR:
    ./guitarforge/src/components/LearningCenterPage.tsx [Client Component SSR]
    ./guitarforge/src/components/GuitarForgeApp.tsx [Client Component SSR]
    ./guitarforge/src/components/GuitarForgeApp.tsx [Server Component]
    ./guitarforge/src/app/page.tsx [Server Component] @ http://localhost:3001/_next/static/chunks/a266a_next_dist_cfedd8c2._.js:3127
[  166171ms] [ERROR] ./guitarforge/src/components/LearningCenterPage.tsx:688:10
Ecmascript file had an error
  686 | }
  687 |
> 688 | function ChromaticTuner() {
      |          ^^^^^^^^^^^^^^
  689 |   const [listening, setListening] = useState(false);
  690 |   const [detected, setDetected] = useState<{ note: string; octave: number; cents: number; freq: number } | null>(null);
  691 |   const ctxRef = useRef<AudioContext | null>(null);

the name `ChromaticTuner` is defined multiple times

Import traces:
  Client Component Browser:
    ./guitarforge/src/components/LearningCenterPage.tsx [Client Component Browser]
    ./guitarforge/src/components/GuitarForgeApp.tsx [Client Component Browser]
    ./guitarforge/src/components/GuitarForgeApp.tsx [Server Component]
    ./guitarforge/src/app/page.tsx [Server Component]

  Client Component SSR:
    ./guitarforge/src/components/LearningCenterPage.tsx [Client Component SSR]
    ./guitarforge/src/components/GuitarForgeApp.tsx [Client Component SSR]
    ./guitarforge/src/components/GuitarForgeApp.tsx [Server Component]
    ./guitarforge/src/app/page.tsx [Server Component] @ http://localhost:3001/_next/static/chunks/a266a_next_dist_cfedd8c2._.js:3127
[  166251ms] [ERROR] ./guitarforge/src/components/LearningCenterPage.tsx:688:10
Ecmascript file had an error
  686 | }
  687 |
> 688 | function ChromaticTuner() {
      |          ^^^^^^^^^^^^^^
  689 |   const [listening, setListening] = useState(false);
  690 |   const [detected, setDetected] = useState<{ note: string; octave: number; cents: number; freq: number } | null>(null);
  691 |   const ctxRef = useRef<AudioContext | null>(null);

the name `ChromaticTuner` is defined multiple times

Import traces:
  Client Component Browser:
    ./guitarforge/src/components/LearningCenterPage.tsx [Client Component Browser]
    ./guitarforge/src/components/GuitarForgeApp.tsx [Client Component Browser]
    ./guitarforge/src/components/GuitarForgeApp.tsx [Server Component]
    ./guitarforge/src/app/page.tsx [Server Component]

  Client Component SSR:
    ./guitarforge/src/components/LearningCenterPage.tsx [Client Component SSR]
    ./guitarforge/src/components/GuitarForgeApp.tsx [Client Component SSR]
    ./guitarforge/src/components/GuitarForgeApp.tsx [Server Component]
    ./guitarforge/src/app/page.tsx [Server Component] @ http://localhost:3001/_next/static/chunks/a266a_next_dist_cfedd8c2._.js:3127
[  166330ms] [ERROR] ./guitarforge/src/components/LearningCenterPage.tsx:688:10
Ecmascript file had an error
  686 | }
  687 |
> 688 | function ChromaticTuner() {
      |          ^^^^^^^^^^^^^^
  689 |   const [listening, setListening] = useState(false);
  690 |   const [detected, setDetected] = useState<{ note: string; octave: number; cents: number; freq: number } | null>(null);
  691 |   const ctxRef = useRef<AudioContext | null>(null);

the name `ChromaticTuner` is defined multiple times

Import traces:
  Client Component Browser:
    ./guitarforge/src/components/LearningCenterPage.tsx [Client Component Browser]
    ./guitarforge/src/components/GuitarForgeApp.tsx [Client Component Browser]
    ./guitarforge/src/components/GuitarForgeApp.tsx [Server Component]
    ./guitarforge/src/app/page.tsx [Server Component]

  Client Component SSR:
    ./guitarforge/src/components/LearningCenterPage.tsx [Client Component SSR]
    ./guitarforge/src/components/GuitarForgeApp.tsx [Client Component SSR]
    ./guitarforge/src/components/GuitarForgeApp.tsx [Server Component]
    ./guitarforge/src/app/page.tsx [Server Component] @ http://localhost:3001/_next/static/chunks/a266a_next_dist_cfedd8c2._.js:3127
[  166403ms] [ERROR] ./guitarforge/src/components/LearningCenterPage.tsx:688:10
Ecmascript file had an error
  686 | }
  687 |
> 688 | function ChromaticTuner() {
      |          ^^^^^^^^^^^^^^
  689 |   const [listening, setListening] = useState(false);
  690 |   const [detected, setDetected] = useState<{ note: string; octave: number; cents: number; freq: number } | null>(null);
  691 |   const ctxRef = useRef<AudioContext | null>(null);

the name `ChromaticTuner` is defined multiple times

Import traces:
  Client Component Browser:
    ./guitarforge/src/components/LearningCenterPage.tsx [Client Component Browser]
    ./guitarforge/src/components/GuitarForgeApp.tsx [Client Component Browser]
    ./guitarforge/src/components/GuitarForgeApp.tsx [Server Component]
    ./guitarforge/src/app/page.tsx [Server Component]

  Client Component SSR:
    ./guitarforge/src/components/LearningCenterPage.tsx [Client Component SSR]
    ./guitarforge/src/components/GuitarForgeApp.tsx [Client Component SSR]
    ./guitarforge/src/components/GuitarForgeApp.tsx [Server Component]
    ./guitarforge/src/app/page.tsx [Server Component] @ http://localhost:3001/_next/static/chunks/a266a_next_dist_cfedd8c2._.js:3127
[  166483ms] [ERROR] ./guitarforge/src/components/LearningCenterPage.tsx:688:10
Ecmascript file had an error
  686 | }
  687 |
> 688 | function ChromaticTuner() {
      |          ^^^^^^^^^^^^^^
  689 |   const [listening, setListening] = useState(false);
  690 |   const [detected, setDetected] = useState<{ note: string; octave: number; cents: number; freq: number } | null>(null);
  691 |   const ctxRef = useRef<AudioContext | null>(null);

the name `ChromaticTuner` is defined multiple times

Import traces:
  Client Component Browser:
    ./guitarforge/src/components/LearningCenterPage.tsx [Client Component Browser]
    ./guitarforge/src/components/GuitarForgeApp.tsx [Client Component Browser]
    ./guitarforge/src/components/GuitarForgeApp.tsx [Server Component]
    ./guitarforge/src/app/page.tsx [Server Component]

  Client Component SSR:
    ./guitarforge/src/components/LearningCenterPage.tsx [Client Component SSR]
    ./guitarforge/src/components/GuitarForgeApp.tsx [Client Component SSR]
    ./guitarforge/src/components/GuitarForgeApp.tsx [Server Component]
    ./guitarforge/src/app/page.tsx [Server Component] @ http://localhost:3001/_next/static/chunks/a266a_next_dist_cfedd8c2._.js:3127
[  166563ms] [ERROR] ./guitarforge/src/components/LearningCenterPage.tsx:688:10
Ecmascript file had an error
  686 | }
  687 |
> 688 | function ChromaticTuner() {
      |          ^^^^^^^^^^^^^^
  689 |   const [listening, setListening] = useState(false);
  690 |   const [detected, setDetected] = useState<{ note: string; octave: number; cents: number; freq: number } | null>(null);
  691 |   const ctxRef = useRef<AudioContext | null>(null);

the name `ChromaticTuner` is defined multiple times

Import traces:
  Client Component Browser:
    ./guitarforge/src/components/LearningCenterPage.tsx [Client Component Browser]
    ./guitarforge/src/components/GuitarForgeApp.tsx [Client Component Browser]
    ./guitarforge/src/components/GuitarForgeApp.tsx [Server Component]
    ./guitarforge/src/app/page.tsx [Server Component]

  Client Component SSR:
    ./guitarforge/src/components/LearningCenterPage.tsx [Client Component SSR]
    ./guitarforge/src/components/GuitarForgeApp.tsx [Client Component SSR]
    ./guitarforge/src/components/GuitarForgeApp.tsx [Server Component]
    ./guitarforge/src/app/page.tsx [Server Component] @ http://localhost:3001/_next/static/chunks/a266a_next_dist_cfedd8c2._.js:3127
[  166643ms] [ERROR] ./guitarforge/src/components/LearningCenterPage.tsx:688:10
Ecmascript file had an error
  686 | }
  687 |
> 688 | function ChromaticTuner() {
      |          ^^^^^^^^^^^^^^
  689 |   const [listening, setListening] = useState(false);
  690 |   const [detected, setDetected] = useState<{ note: string; octave: number; cents: number; freq: number } | null>(null);
  691 |   const ctxRef = useRef<AudioContext | null>(null);

the name `ChromaticTuner` is defined multiple times

Import traces:
  Client Component Browser:
    ./guitarforge/src/components/LearningCenterPage.tsx [Client Component Browser]
    ./guitarforge/src/components/GuitarForgeApp.tsx [Client Component Browser]
    ./guitarforge/src/components/GuitarForgeApp.tsx [Server Component]
    ./guitarforge/src/app/page.tsx [Server Component]

  Client Component SSR:
    ./guitarforge/src/components/LearningCenterPage.tsx [Client Component SSR]
    ./guitarforge/src/components/GuitarForgeApp.tsx [Client Component SSR]
    ./guitarforge/src/components/GuitarForgeApp.tsx [Server Component]
    ./guitarforge/src/app/page.tsx [Server Component] @ http://localhost:3001/_next/static/chunks/a266a_next_dist_cfedd8c2._.js:3127
[  166720ms] [ERROR] ./guitarforge/src/components/LearningCenterPage.tsx:688:10
Ecmascript file had an error
  686 | }
  687 |
> 688 | function ChromaticTuner() {
      |          ^^^^^^^^^^^^^^
  689 |   const [listening, setListening] = useState(false);
  690 |   const [detected, setDetected] = useState<{ note: string; octave: number; cents: number; freq: number } | null>(null);
  691 |   const ctxRef = useRef<AudioContext | null>(null);

the name `ChromaticTuner` is defined multiple times

Import traces:
  Client Component Browser:
    ./guitarforge/src/components/LearningCenterPage.tsx [Client Component Browser]
    ./guitarforge/src/components/GuitarForgeApp.tsx [Client Component Browser]
    ./guitarforge/src/components/GuitarForgeApp.tsx [Server Component]
    ./guitarforge/src/app/page.tsx [Server Component]

  Client Component SSR:
    ./guitarforge/src/components/LearningCenterPage.tsx [Client Component SSR]
    ./guitarforge/src/components/GuitarForgeApp.tsx [Client Component SSR]
    ./guitarforge/src/components/GuitarForgeApp.tsx [Server Component]
    ./guitarforge/src/app/page.tsx [Server Component] @ http://localhost:3001/_next/static/chunks/a266a_next_dist_cfedd8c2._.js:3127
[  166794ms] [ERROR] ./guitarforge/src/components/LearningCenterPage.tsx:688:10
Ecmascript file had an error
  686 | }
  687 |
> 688 | function ChromaticTuner() {
      |          ^^^^^^^^^^^^^^
  689 |   const [listening, setListening] = useState(false);
  690 |   const [detected, setDetected] = useState<{ note: string; octave: number; cents: number; freq: number } | null>(null);
  691 |   const ctxRef = useRef<AudioContext | null>(null);

the name `ChromaticTuner` is defined multiple times

Import traces:
  Client Component Browser:
    ./guitarforge/src/components/LearningCenterPage.tsx [Client Component Browser]
    ./guitarforge/src/components/GuitarForgeApp.tsx [Client Component Browser]
    ./guitarforge/src/components/GuitarForgeApp.tsx [Server Component]
    ./guitarforge/src/app/page.tsx [Server Component]

  Client Component SSR:
    ./guitarforge/src/components/LearningCenterPage.tsx [Client Component SSR]
    ./guitarforge/src/components/GuitarForgeApp.tsx [Client Component SSR]
    ./guitarforge/src/components/GuitarForgeApp.tsx [Server Component]
    ./guitarforge/src/app/page.tsx [Server Component] @ http://localhost:3001/_next/static/chunks/a266a_next_dist_cfedd8c2._.js:3127
[  166872ms] [ERROR] ./guitarforge/src/components/LearningCenterPage.tsx:688:10
Ecmascript file had an error
  686 | }
  687 |
> 688 | function ChromaticTuner() {
      |          ^^^^^^^^^^^^^^
  689 |   const [listening, setListening] = useState(false);
  690 |   const [detected, setDetected] = useState<{ note: string; octave: number; cents: number; freq: number } | null>(null);
  691 |   const ctxRef = useRef<AudioContext | null>(null);

the name `ChromaticTuner` is defined multiple times

Import traces:
  Client Component Browser:
    ./guitarforge/src/components/LearningCenterPage.tsx [Client Component Browser]
    ./guitarforge/src/components/GuitarForgeApp.tsx [Client Component Browser]
    ./guitarforge/src/components/GuitarForgeApp.tsx [Server Component]
    ./guitarforge/src/app/page.tsx [Server Component]

  Client Component SSR:
    ./guitarforge/src/components/LearningCenterPage.tsx [Client Component SSR]
    ./guitarforge/src/components/GuitarForgeApp.tsx [Client Component SSR]
    ./guitarforge/src/components/GuitarForgeApp.tsx [Server Component]
    ./guitarforge/src/app/page.tsx [Server Component] @ http://localhost:3001/_next/static/chunks/a266a_next_dist_cfedd8c2._.js:3127
[  166949ms] [ERROR] ./guitarforge/src/components/LearningCenterPage.tsx:688:10
Ecmascript file had an error
  686 | }
  687 |
> 688 | function ChromaticTuner() {
      |          ^^^^^^^^^^^^^^
  689 |   const [listening, setListening] = useState(false);
  690 |   const [detected, setDetected] = useState<{ note: string; octave: number; cents: number; freq: number } | null>(null);
  691 |   const ctxRef = useRef<AudioContext | null>(null);

the name `ChromaticTuner` is defined multiple times

Import traces:
  Client Component Browser:
    ./guitarforge/src/components/LearningCenterPage.tsx [Client Component Browser]
    ./guitarforge/src/components/GuitarForgeApp.tsx [Client Component Browser]
    ./guitarforge/src/components/GuitarForgeApp.tsx [Server Component]
    ./guitarforge/src/app/page.tsx [Server Component]

  Client Component SSR:
    ./guitarforge/src/components/LearningCenterPage.tsx [Client Component SSR]
    ./guitarforge/src/components/GuitarForgeApp.tsx [Client Component SSR]
    ./guitarforge/src/components/GuitarForgeApp.tsx [Server Component]
    ./guitarforge/src/app/page.tsx [Server Component] @ http://localhost:3001/_next/static/chunks/a266a_next_dist_cfedd8c2._.js:3127
[  167027ms] [ERROR] ./guitarforge/src/components/LearningCenterPage.tsx:688:10
Ecmascript file had an error
  686 | }
  687 |
> 688 | function ChromaticTuner() {
      |          ^^^^^^^^^^^^^^
  689 |   const [listening, setListening] = useState(false);
  690 |   const [detected, setDetected] = useState<{ note: string; octave: number; cents: number; freq: number } | null>(null);
  691 |   const ctxRef = useRef<AudioContext | null>(null);

the name `ChromaticTuner` is defined multiple times

Import traces:
  Client Component Browser:
    ./guitarforge/src/components/LearningCenterPage.tsx [Client Component Browser]
    ./guitarforge/src/components/GuitarForgeApp.tsx [Client Component Browser]
    ./guitarforge/src/components/GuitarForgeApp.tsx [Server Component]
    ./guitarforge/src/app/page.tsx [Server Component]

  Client Component SSR:
    ./guitarforge/src/components/LearningCenterPage.tsx [Client Component SSR]
    ./guitarforge/src/components/GuitarForgeApp.tsx [Client Component SSR]
    ./guitarforge/src/components/GuitarForgeApp.tsx [Server Component]
    ./guitarforge/src/app/page.tsx [Server Component] @ http://localhost:3001/_next/static/chunks/a266a_next_dist_cfedd8c2._.js:3127
[  167104ms] [ERROR] ./guitarforge/src/components/LearningCenterPage.tsx:688:10
Ecmascript file had an error
  686 | }
  687 |
> 688 | function ChromaticTuner() {
      |          ^^^^^^^^^^^^^^
  689 |   const [listening, setListening] = useState(false);
  690 |   const [detected, setDetected] = useState<{ note: string; octave: number; cents: number; freq: number } | null>(null);
  691 |   const ctxRef = useRef<AudioContext | null>(null);

the name `ChromaticTuner` is defined multiple times

Import traces:
  Client Component Browser:
    ./guitarforge/src/components/LearningCenterPage.tsx [Client Component Browser]
    ./guitarforge/src/components/GuitarForgeApp.tsx [Client Component Browser]
    ./guitarforge/src/components/GuitarForgeApp.tsx [Server Component]
    ./guitarforge/src/app/page.tsx [Server Component]

  Client Component SSR:
    ./guitarforge/src/components/LearningCenterPage.tsx [Client Component SSR]
    ./guitarforge/src/components/GuitarForgeApp.tsx [Client Component SSR]
    ./guitarforge/src/components/GuitarForgeApp.tsx [Server Component]
    ./guitarforge/src/app/page.tsx [Server Component] @ http://localhost:3001/_next/static/chunks/a266a_next_dist_cfedd8c2._.js:3127
[  167181ms] [ERROR] ./guitarforge/src/components/LearningCenterPage.tsx:688:10
Ecmascript file had an error
  686 | }
  687 |
> 688 | function ChromaticTuner() {
      |          ^^^^^^^^^^^^^^
  689 |   const [listening, setListening] = useState(false);
  690 |   const [detected, setDetected] = useState<{ note: string; octave: number; cents: number; freq: number } | null>(null);
  691 |   const ctxRef = useRef<AudioContext | null>(null);

the name `ChromaticTuner` is defined multiple times

Import traces:
  Client Component Browser:
    ./guitarforge/src/components/LearningCenterPage.tsx [Client Component Browser]
    ./guitarforge/src/components/GuitarForgeApp.tsx [Client Component Browser]
    ./guitarforge/src/components/GuitarForgeApp.tsx [Server Component]
    ./guitarforge/src/app/page.tsx [Server Component]

  Client Component SSR:
    ./guitarforge/src/components/LearningCenterPage.tsx [Client Component SSR]
    ./guitarforge/src/components/GuitarForgeApp.tsx [Client Component SSR]
    ./guitarforge/src/components/GuitarForgeApp.tsx [Server Component]
    ./guitarforge/src/app/page.tsx [Server Component] @ http://localhost:3001/_next/static/chunks/a266a_next_dist_cfedd8c2._.js:3127
[  167258ms] [ERROR] ./guitarforge/src/components/LearningCenterPage.tsx:688:10
Ecmascript file had an error
  686 | }
  687 |
> 688 | function ChromaticTuner() {
      |          ^^^^^^^^^^^^^^
  689 |   const [listening, setListening] = useState(false);
  690 |   const [detected, setDetected] = useState<{ note: string; octave: number; cents: number; freq: number } | null>(null);
  691 |   const ctxRef = useRef<AudioContext | null>(null);

the name `ChromaticTuner` is defined multiple times

Import traces:
  Client Component Browser:
    ./guitarforge/src/components/LearningCenterPage.tsx [Client Component Browser]
    ./guitarforge/src/components/GuitarForgeApp.tsx [Client Component Browser]
    ./guitarforge/src/components/GuitarForgeApp.tsx [Server Component]
    ./guitarforge/src/app/page.tsx [Server Component]

  Client Component SSR:
    ./guitarforge/src/components/LearningCenterPage.tsx [Client Component SSR]
    ./guitarforge/src/components/GuitarForgeApp.tsx [Client Component SSR]
    ./guitarforge/src/components/GuitarForgeApp.tsx [Server Component]
    ./guitarforge/src/app/page.tsx [Server Component] @ http://localhost:3001/_next/static/chunks/a266a_next_dist_cfedd8c2._.js:3127
[  167326ms] [ERROR] ./guitarforge/src/components/LearningCenterPage.tsx:688:10
Ecmascript file had an error
  686 | }
  687 |
> 688 | function ChromaticTuner() {
      |          ^^^^^^^^^^^^^^
  689 |   const [listening, setListening] = useState(false);
  690 |   const [detected, setDetected] = useState<{ note: string; octave: number; cents: number; freq: number } | null>(null);
  691 |   const ctxRef = useRef<AudioContext | null>(null);

the name `ChromaticTuner` is defined multiple times

Import traces:
  Client Component Browser:
    ./guitarforge/src/components/LearningCenterPage.tsx [Client Component Browser]
    ./guitarforge/src/components/GuitarForgeApp.tsx [Client Component Browser]
    ./guitarforge/src/components/GuitarForgeApp.tsx [Server Component]
    ./guitarforge/src/app/page.tsx [Server Component]

  Client Component SSR:
    ./guitarforge/src/components/LearningCenterPage.tsx [Client Component SSR]
    ./guitarforge/src/components/GuitarForgeApp.tsx [Client Component SSR]
    ./guitarforge/src/components/GuitarForgeApp.tsx [Server Component]
    ./guitarforge/src/app/page.tsx [Server Component] @ http://localhost:3001/_next/static/chunks/a266a_next_dist_cfedd8c2._.js:3127
[  167386ms] [ERROR] ./guitarforge/src/components/LearningCenterPage.tsx:688:10
Ecmascript file had an error
  686 | }
  687 |
> 688 | function ChromaticTuner() {
      |          ^^^^^^^^^^^^^^
  689 |   const [listening, setListening] = useState(false);
  690 |   const [detected, setDetected] = useState<{ note: string; octave: number; cents: number; freq: number } | null>(null);
  691 |   const ctxRef = useRef<AudioContext | null>(null);

the name `ChromaticTuner` is defined multiple times

Import traces:
  Client Component Browser:
    ./guitarforge/src/components/LearningCenterPage.tsx [Client Component Browser]
    ./guitarforge/src/components/GuitarForgeApp.tsx [Client Component Browser]
    ./guitarforge/src/components/GuitarForgeApp.tsx [Server Component]
    ./guitarforge/src/app/page.tsx [Server Component]

  Client Component SSR:
    ./guitarforge/src/components/LearningCenterPage.tsx [Client Component SSR]
    ./guitarforge/src/components/GuitarForgeApp.tsx [Client Component SSR]
    ./guitarforge/src/components/GuitarForgeApp.tsx [Server Component]
    ./guitarforge/src/app/page.tsx [Server Component] @ http://localhost:3001/_next/static/chunks/a266a_next_dist_cfedd8c2._.js:3127
[  167463ms] [ERROR] ./guitarforge/src/components/LearningCenterPage.tsx:688:10
Ecmascript file had an error
  686 | }
  687 |
> 688 | function ChromaticTuner() {
      |          ^^^^^^^^^^^^^^
  689 |   const [listening, setListening] = useState(false);
  690 |   const [detected, setDetected] = useState<{ note: string; octave: number; cents: number; freq: number } | null>(null);
  691 |   const ctxRef = useRef<AudioContext | null>(null);

the name `ChromaticTuner` is defined multiple times

Import traces:
  Client Component Browser:
    ./guitarforge/src/components/LearningCenterPage.tsx [Client Component Browser]
    ./guitarforge/src/components/GuitarForgeApp.tsx [Client Component Browser]
    ./guitarforge/src/components/GuitarForgeApp.tsx [Server Component]
    ./guitarforge/src/app/page.tsx [Server Component]

  Client Component SSR:
    ./guitarforge/src/components/LearningCenterPage.tsx [Client Component SSR]
    ./guitarforge/src/components/GuitarForgeApp.tsx [Client Component SSR]
    ./guitarforge/src/components/GuitarForgeApp.tsx [Server Component]
    ./guitarforge/src/app/page.tsx [Server Component] @ http://localhost:3001/_next/static/chunks/a266a_next_dist_cfedd8c2._.js:3127
[  167540ms] [ERROR] ./guitarforge/src/components/LearningCenterPage.tsx:688:10
Ecmascript file had an error
  686 | }
  687 |
> 688 | function ChromaticTuner() {
      |          ^^^^^^^^^^^^^^
  689 |   const [listening, setListening] = useState(false);
  690 |   const [detected, setDetected] = useState<{ note: string; octave: number; cents: number; freq: number } | null>(null);
  691 |   const ctxRef = useRef<AudioContext | null>(null);

the name `ChromaticTuner` is defined multiple times

Import traces:
  Client Component Browser:
    ./guitarforge/src/components/LearningCenterPage.tsx [Client Component Browser]
    ./guitarforge/src/components/GuitarForgeApp.tsx [Client Component Browser]
    ./guitarforge/src/components/GuitarForgeApp.tsx [Server Component]
    ./guitarforge/src/app/page.tsx [Server Component]

  Client Component SSR:
    ./guitarforge/src/components/LearningCenterPage.tsx [Client Component SSR]
    ./guitarforge/src/components/GuitarForgeApp.tsx [Client Component SSR]
    ./guitarforge/src/components/GuitarForgeApp.tsx [Server Component]
    ./guitarforge/src/app/page.tsx [Server Component] @ http://localhost:3001/_next/static/chunks/a266a_next_dist_cfedd8c2._.js:3127
[  167618ms] [ERROR] ./guitarforge/src/components/LearningCenterPage.tsx:688:10
Ecmascript file had an error
  686 | }
  687 |
> 688 | function ChromaticTuner() {
      |          ^^^^^^^^^^^^^^
  689 |   const [listening, setListening] = useState(false);
  690 |   const [detected, setDetected] = useState<{ note: string; octave: number; cents: number; freq: number } | null>(null);
  691 |   const ctxRef = useRef<AudioContext | null>(null);

the name `ChromaticTuner` is defined multiple times

Import traces:
  Client Component Browser:
    ./guitarforge/src/components/LearningCenterPage.tsx [Client Component Browser]
    ./guitarforge/src/components/GuitarForgeApp.tsx [Client Component Browser]
    ./guitarforge/src/components/GuitarForgeApp.tsx [Server Component]
    ./guitarforge/src/app/page.tsx [Server Component]

  Client Component SSR:
    ./guitarforge/src/components/LearningCenterPage.tsx [Client Component SSR]
    ./guitarforge/src/components/GuitarForgeApp.tsx [Client Component SSR]
    ./guitarforge/src/components/GuitarForgeApp.tsx [Server Component]
    ./guitarforge/src/app/page.tsx [Server Component] @ http://localhost:3001/_next/static/chunks/a266a_next_dist_cfedd8c2._.js:3127
[  167696ms] [ERROR] ./guitarforge/src/components/LearningCenterPage.tsx:688:10
Ecmascript file had an error
  686 | }
  687 |
> 688 | function ChromaticTuner() {
      |          ^^^^^^^^^^^^^^
  689 |   const [listening, setListening] = useState(false);
  690 |   const [detected, setDetected] = useState<{ note: string; octave: number; cents: number; freq: number } | null>(null);
  691 |   const ctxRef = useRef<AudioContext | null>(null);

the name `ChromaticTuner` is defined multiple times

Import traces:
  Client Component Browser:
    ./guitarforge/src/components/LearningCenterPage.tsx [Client Component Browser]
    ./guitarforge/src/components/GuitarForgeApp.tsx [Client Component Browser]
    ./guitarforge/src/components/GuitarForgeApp.tsx [Server Component]
    ./guitarforge/src/app/page.tsx [Server Component]

  Client Component SSR:
    ./guitarforge/src/components/LearningCenterPage.tsx [Client Component SSR]
    ./guitarforge/src/components/GuitarForgeApp.tsx [Client Component SSR]
    ./guitarforge/src/components/GuitarForgeApp.tsx [Server Component]
    ./guitarforge/src/app/page.tsx [Server Component] @ http://localhost:3001/_next/static/chunks/a266a_next_dist_cfedd8c2._.js:3127
[  167774ms] [ERROR] ./guitarforge/src/components/LearningCenterPage.tsx:688:10
Ecmascript file had an error
  686 | }
  687 |
> 688 | function ChromaticTuner() {
      |          ^^^^^^^^^^^^^^
  689 |   const [listening, setListening] = useState(false);
  690 |   const [detected, setDetected] = useState<{ note: string; octave: number; cents: number; freq: number } | null>(null);
  691 |   const ctxRef = useRef<AudioContext | null>(null);

the name `ChromaticTuner` is defined multiple times

Import traces:
  Client Component Browser:
    ./guitarforge/src/components/LearningCenterPage.tsx [Client Component Browser]
    ./guitarforge/src/components/GuitarForgeApp.tsx [Client Component Browser]
    ./guitarforge/src/components/GuitarForgeApp.tsx [Server Component]
    ./guitarforge/src/app/page.tsx [Server Component]

  Client Component SSR:
    ./guitarforge/src/components/LearningCenterPage.tsx [Client Component SSR]
    ./guitarforge/src/components/GuitarForgeApp.tsx [Client Component SSR]
    ./guitarforge/src/components/GuitarForgeApp.tsx [Server Component]
    ./guitarforge/src/app/page.tsx [Server Component] @ http://localhost:3001/_next/static/chunks/a266a_next_dist_cfedd8c2._.js:3127
[  167855ms] [ERROR] ./guitarforge/src/components/LearningCenterPage.tsx:688:10
Ecmascript file had an error
  686 | }
  687 |
> 688 | function ChromaticTuner() {
      |          ^^^^^^^^^^^^^^
  689 |   const [listening, setListening] = useState(false);
  690 |   const [detected, setDetected] = useState<{ note: string; octave: number; cents: number; freq: number } | null>(null);
  691 |   const ctxRef = useRef<AudioContext | null>(null);

the name `ChromaticTuner` is defined multiple times

Import traces:
  Client Component Browser:
    ./guitarforge/src/components/LearningCenterPage.tsx [Client Component Browser]
    ./guitarforge/src/components/GuitarForgeApp.tsx [Client Component Browser]
    ./guitarforge/src/components/GuitarForgeApp.tsx [Server Component]
    ./guitarforge/src/app/page.tsx [Server Component]

  Client Component SSR:
    ./guitarforge/src/components/LearningCenterPage.tsx [Client Component SSR]
    ./guitarforge/src/components/GuitarForgeApp.tsx [Client Component SSR]
    ./guitarforge/src/components/GuitarForgeApp.tsx [Server Component]
    ./guitarforge/src/app/page.tsx [Server Component] @ http://localhost:3001/_next/static/chunks/a266a_next_dist_cfedd8c2._.js:3127
[  167929ms] [ERROR] ./guitarforge/src/components/LearningCenterPage.tsx:688:10
Ecmascript file had an error
  686 | }
  687 |
> 688 | function ChromaticTuner() {
      |          ^^^^^^^^^^^^^^
  689 |   const [listening, setListening] = useState(false);
  690 |   const [detected, setDetected] = useState<{ note: string; octave: number; cents: number; freq: number } | null>(null);
  691 |   const ctxRef = useRef<AudioContext | null>(null);

the name `ChromaticTuner` is defined multiple times

Import traces:
  Client Component Browser:
    ./guitarforge/src/components/LearningCenterPage.tsx [Client Component Browser]
    ./guitarforge/src/components/GuitarForgeApp.tsx [Client Component Browser]
    ./guitarforge/src/components/GuitarForgeApp.tsx [Server Component]
    ./guitarforge/src/app/page.tsx [Server Component]

  Client Component SSR:
    ./guitarforge/src/components/LearningCenterPage.tsx [Client Component SSR]
    ./guitarforge/src/components/GuitarForgeApp.tsx [Client Component SSR]
    ./guitarforge/src/components/GuitarForgeApp.tsx [Server Component]
    ./guitarforge/src/app/page.tsx [Server Component] @ http://localhost:3001/_next/static/chunks/a266a_next_dist_cfedd8c2._.js:3127
[  168008ms] [ERROR] ./guitarforge/src/components/LearningCenterPage.tsx:688:10
Ecmascript file had an error
  686 | }
  687 |
> 688 | function ChromaticTuner() {
      |          ^^^^^^^^^^^^^^
  689 |   const [listening, setListening] = useState(false);
  690 |   const [detected, setDetected] = useState<{ note: string; octave: number; cents: number; freq: number } | null>(null);
  691 |   const ctxRef = useRef<AudioContext | null>(null);

the name `ChromaticTuner` is defined multiple times

Import traces:
  Client Component Browser:
    ./guitarforge/src/components/LearningCenterPage.tsx [Client Component Browser]
    ./guitarforge/src/components/GuitarForgeApp.tsx [Client Component Browser]
    ./guitarforge/src/components/GuitarForgeApp.tsx [Server Component]
    ./guitarforge/src/app/page.tsx [Server Component]

  Client Component SSR:
    ./guitarforge/src/components/LearningCenterPage.tsx [Client Component SSR]
    ./guitarforge/src/components/GuitarForgeApp.tsx [Client Component SSR]
    ./guitarforge/src/components/GuitarForgeApp.tsx [Server Component]
    ./guitarforge/src/app/page.tsx [Server Component] @ http://localhost:3001/_next/static/chunks/a266a_next_dist_cfedd8c2._.js:3127
[  168134ms] [LOG] [Fast Refresh] rebuilding @ http://localhost:3001/_next/static/chunks/a266a_next_dist_cfedd8c2._.js:2297
[  168211ms] [ERROR] ./guitarforge/src/components/LearningCenterPage.tsx:680:10
Ecmascript file had an error
  678 | }
  679 |
> 680 | function ChromaticTuner() {
      |          ^^^^^^^^^^^^^^
  681 |   const [listening, setListening] = useState(false);
  682 |   const [detected, setDetected] = useState<{ note: string; octave: number; cents: number; freq: number } | null>(null);
  683 |   const ctxRef = useRef<AudioContext | null>(null);

the name `ChromaticTuner` is defined multiple times

Import traces:
  Client Component Browser:
    ./guitarforge/src/components/LearningCenterPage.tsx [Client Component Browser]
    ./guitarforge/src/components/GuitarForgeApp.tsx [Client Component Browser]
    ./guitarforge/src/components/GuitarForgeApp.tsx [Server Component]
    ./guitarforge/src/app/page.tsx [Server Component]

  Client Component SSR:
    ./guitarforge/src/components/LearningCenterPage.tsx [Client Component SSR]
    ./guitarforge/src/components/GuitarForgeApp.tsx [Client Component SSR]
    ./guitarforge/src/components/GuitarForgeApp.tsx [Server Component]
    ./guitarforge/src/app/page.tsx [Server Component] @ http://localhost:3001/_next/static/chunks/a266a_next_dist_cfedd8c2._.js:3127
[  168290ms] [ERROR] ./guitarforge/src/components/LearningCenterPage.tsx:680:10
Ecmascript file had an error
  678 | }
  679 |
> 680 | function ChromaticTuner() {
      |          ^^^^^^^^^^^^^^
  681 |   const [listening, setListening] = useState(false);
  682 |   const [detected, setDetected] = useState<{ note: string; octave: number; cents: number; freq: number } | null>(null);
  683 |   const ctxRef = useRef<AudioContext | null>(null);

the name `ChromaticTuner` is defined multiple times

Import traces:
  Client Component Browser:
    ./guitarforge/src/components/LearningCenterPage.tsx [Client Component Browser]
    ./guitarforge/src/components/GuitarForgeApp.tsx [Client Component Browser]
    ./guitarforge/src/components/GuitarForgeApp.tsx [Server Component]
    ./guitarforge/src/app/page.tsx [Server Component]

  Client Component SSR:
    ./guitarforge/src/components/LearningCenterPage.tsx [Client Component SSR]
    ./guitarforge/src/components/GuitarForgeApp.tsx [Client Component SSR]
    ./guitarforge/src/components/GuitarForgeApp.tsx [Server Component]
    ./guitarforge/src/app/page.tsx [Server Component] @ http://localhost:3001/_next/static/chunks/a266a_next_dist_cfedd8c2._.js:3127
[  168368ms] [ERROR] ./guitarforge/src/components/LearningCenterPage.tsx:680:10
Ecmascript file had an error
  678 | }
  679 |
> 680 | function ChromaticTuner() {
      |          ^^^^^^^^^^^^^^
  681 |   const [listening, setListening] = useState(false);
  682 |   const [detected, setDetected] = useState<{ note: string; octave: number; cents: number; freq: number } | null>(null);
  683 |   const ctxRef = useRef<AudioContext | null>(null);

the name `ChromaticTuner` is defined multiple times

Import traces:
  Client Component Browser:
    ./guitarforge/src/components/LearningCenterPage.tsx [Client Component Browser]
    ./guitarforge/src/components/GuitarForgeApp.tsx [Client Component Browser]
    ./guitarforge/src/components/GuitarForgeApp.tsx [Server Component]
    ./guitarforge/src/app/page.tsx [Server Component]

  Client Component SSR:
    ./guitarforge/src/components/LearningCenterPage.tsx [Client Component SSR]
    ./guitarforge/src/components/GuitarForgeApp.tsx [Client Component SSR]
    ./guitarforge/src/components/GuitarForgeApp.tsx [Server Component]
    ./guitarforge/src/app/page.tsx [Server Component] @ http://localhost:3001/_next/static/chunks/a266a_next_dist_cfedd8c2._.js:3127
[  168447ms] [ERROR] ./guitarforge/src/components/LearningCenterPage.tsx:680:10
Ecmascript file had an error
  678 | }
  679 |
> 680 | function ChromaticTuner() {
      |          ^^^^^^^^^^^^^^
  681 |   const [listening, setListening] = useState(false);
  682 |   const [detected, setDetected] = useState<{ note: string; octave: number; cents: number; freq: number } | null>(null);
  683 |   const ctxRef = useRef<AudioContext | null>(null);

the name `ChromaticTuner` is defined multiple times

Import traces:
  Client Component Browser:
    ./guitarforge/src/components/LearningCenterPage.tsx [Client Component Browser]
    ./guitarforge/src/components/GuitarForgeApp.tsx [Client Component Browser]
    ./guitarforge/src/components/GuitarForgeApp.tsx [Server Component]
    ./guitarforge/src/app/page.tsx [Server Component]

  Client Component SSR:
    ./guitarforge/src/components/LearningCenterPage.tsx [Client Component SSR]
    ./guitarforge/src/components/GuitarForgeApp.tsx [Client Component SSR]
    ./guitarforge/src/components/GuitarForgeApp.tsx [Server Component]
    ./guitarforge/src/app/page.tsx [Server Component] @ http://localhost:3001/_next/static/chunks/a266a_next_dist_cfedd8c2._.js:3127
[  168524ms] [ERROR] ./guitarforge/src/components/LearningCenterPage.tsx:680:10
Ecmascript file had an error
  678 | }
  679 |
> 680 | function ChromaticTuner() {
      |          ^^^^^^^^^^^^^^
  681 |   const [listening, setListening] = useState(false);
  682 |   const [detected, setDetected] = useState<{ note: string; octave: number; cents: number; freq: number } | null>(null);
  683 |   const ctxRef = useRef<AudioContext | null>(null);

the name `ChromaticTuner` is defined multiple times

Import traces:
  Client Component Browser:
    ./guitarforge/src/components/LearningCenterPage.tsx [Client Component Browser]
    ./guitarforge/src/components/GuitarForgeApp.tsx [Client Component Browser]
    ./guitarforge/src/components/GuitarForgeApp.tsx [Server Component]
    ./guitarforge/src/app/page.tsx [Server Component]

  Client Component SSR:
    ./guitarforge/src/components/LearningCenterPage.tsx [Client Component SSR]
    ./guitarforge/src/components/GuitarForgeApp.tsx [Client Component SSR]
    ./guitarforge/src/components/GuitarForgeApp.tsx [Server Component]
    ./guitarforge/src/app/page.tsx [Server Component] @ http://localhost:3001/_next/static/chunks/a266a_next_dist_cfedd8c2._.js:3127
[  168603ms] [ERROR] ./guitarforge/src/components/LearningCenterPage.tsx:680:10
Ecmascript file had an error
  678 | }
  679 |
> 680 | function ChromaticTuner() {
      |          ^^^^^^^^^^^^^^
  681 |   const [listening, setListening] = useState(false);
  682 |   const [detected, setDetected] = useState<{ note: string; octave: number; cents: number; freq: number } | null>(null);
  683 |   const ctxRef = useRef<AudioContext | null>(null);

the name `ChromaticTuner` is defined multiple times

Import traces:
  Client Component Browser:
    ./guitarforge/src/components/LearningCenterPage.tsx [Client Component Browser]
    ./guitarforge/src/components/GuitarForgeApp.tsx [Client Component Browser]
    ./guitarforge/src/components/GuitarForgeApp.tsx [Server Component]
    ./guitarforge/src/app/page.tsx [Server Component]

  Client Component SSR:
    ./guitarforge/src/components/LearningCenterPage.tsx [Client Component SSR]
    ./guitarforge/src/components/GuitarForgeApp.tsx [Client Component SSR]
    ./guitarforge/src/components/GuitarForgeApp.tsx [Server Component]
    ./guitarforge/src/app/page.tsx [Server Component] @ http://localhost:3001/_next/static/chunks/a266a_next_dist_cfedd8c2._.js:3127
[  168684ms] [ERROR] ./guitarforge/src/components/LearningCenterPage.tsx:680:10
Ecmascript file had an error
  678 | }
  679 |
> 680 | function ChromaticTuner() {
      |          ^^^^^^^^^^^^^^
  681 |   const [listening, setListening] = useState(false);
  682 |   const [detected, setDetected] = useState<{ note: string; octave: number; cents: number; freq: number } | null>(null);
  683 |   const ctxRef = useRef<AudioContext | null>(null);

the name `ChromaticTuner` is defined multiple times

Import traces:
  Client Component Browser:
    ./guitarforge/src/components/LearningCenterPage.tsx [Client Component Browser]
    ./guitarforge/src/components/GuitarForgeApp.tsx [Client Component Browser]
    ./guitarforge/src/components/GuitarForgeApp.tsx [Server Component]
    ./guitarforge/src/app/page.tsx [Server Component]

  Client Component SSR:
    ./guitarforge/src/components/LearningCenterPage.tsx [Client Component SSR]
    ./guitarforge/src/components/GuitarForgeApp.tsx [Client Component SSR]
    ./guitarforge/src/components/GuitarForgeApp.tsx [Server Component]
    ./guitarforge/src/app/page.tsx [Server Component] @ http://localhost:3001/_next/static/chunks/a266a_next_dist_cfedd8c2._.js:3127
[  168752ms] [ERROR] ./guitarforge/src/components/LearningCenterPage.tsx:680:10
Ecmascript file had an error
  678 | }
  679 |
> 680 | function ChromaticTuner() {
      |          ^^^^^^^^^^^^^^
  681 |   const [listening, setListening] = useState(false);
  682 |   const [detected, setDetected] = useState<{ note: string; octave: number; cents: number; freq: number } | null>(null);
  683 |   const ctxRef = useRef<AudioContext | null>(null);

the name `ChromaticTuner` is defined multiple times

Import traces:
  Client Component Browser:
    ./guitarforge/src/components/LearningCenterPage.tsx [Client Component Browser]
    ./guitarforge/src/components/GuitarForgeApp.tsx [Client Component Browser]
    ./guitarforge/src/components/GuitarForgeApp.tsx [Server Component]
    ./guitarforge/src/app/page.tsx [Server Component]

  Client Component SSR:
    ./guitarforge/src/components/LearningCenterPage.tsx [Client Component SSR]
    ./guitarforge/src/components/GuitarForgeApp.tsx [Client Component SSR]
    ./guitarforge/src/components/GuitarForgeApp.tsx [Server Component]
    ./guitarforge/src/app/page.tsx [Server Component] @ http://localhost:3001/_next/static/chunks/a266a_next_dist_cfedd8c2._.js:3127
[  168822ms] [ERROR] ./guitarforge/src/components/LearningCenterPage.tsx:680:10
Ecmascript file had an error
  678 | }
  679 |
> 680 | function ChromaticTuner() {
      |          ^^^^^^^^^^^^^^
  681 |   const [listening, setListening] = useState(false);
  682 |   const [detected, setDetected] = useState<{ note: string; octave: number; cents: number; freq: number } | null>(null);
  683 |   const ctxRef = useRef<AudioContext | null>(null);

the name `ChromaticTuner` is defined multiple times

Import traces:
  Client Component Browser:
    ./guitarforge/src/components/LearningCenterPage.tsx [Client Component Browser]
    ./guitarforge/src/components/GuitarForgeApp.tsx [Client Component Browser]
    ./guitarforge/src/components/GuitarForgeApp.tsx [Server Component]
    ./guitarforge/src/app/page.tsx [Server Component]

  Client Component SSR:
    ./guitarforge/src/components/LearningCenterPage.tsx [Client Component SSR]
    ./guitarforge/src/components/GuitarForgeApp.tsx [Client Component SSR]
    ./guitarforge/src/components/GuitarForgeApp.tsx [Server Component]
    ./guitarforge/src/app/page.tsx [Server Component] @ http://localhost:3001/_next/static/chunks/a266a_next_dist_cfedd8c2._.js:3127
[  168898ms] [ERROR] ./guitarforge/src/components/LearningCenterPage.tsx:680:10
Ecmascript file had an error
  678 | }
  679 |
> 680 | function ChromaticTuner() {
      |          ^^^^^^^^^^^^^^
  681 |   const [listening, setListening] = useState(false);
  682 |   const [detected, setDetected] = useState<{ note: string; octave: number; cents: number; freq: number } | null>(null);
  683 |   const ctxRef = useRef<AudioContext | null>(null);

the name `ChromaticTuner` is defined multiple times

Import traces:
  Client Component Browser:
    ./guitarforge/src/components/LearningCenterPage.tsx [Client Component Browser]
    ./guitarforge/src/components/GuitarForgeApp.tsx [Client Component Browser]
    ./guitarforge/src/components/GuitarForgeApp.tsx [Server Component]
    ./guitarforge/src/app/page.tsx [Server Component]

  Client Component SSR:
    ./guitarforge/src/components/LearningCenterPage.tsx [Client Component SSR]
    ./guitarforge/src/components/GuitarForgeApp.tsx [Client Component SSR]
    ./guitarforge/src/components/GuitarForgeApp.tsx [Server Component]
    ./guitarforge/src/app/page.tsx [Server Component] @ http://localhost:3001/_next/static/chunks/a266a_next_dist_cfedd8c2._.js:3127
[  168963ms] [ERROR] ./guitarforge/src/components/LearningCenterPage.tsx:680:10
Ecmascript file had an error
  678 | }
  679 |
> 680 | function ChromaticTuner() {
      |          ^^^^^^^^^^^^^^
  681 |   const [listening, setListening] = useState(false);
  682 |   const [detected, setDetected] = useState<{ note: string; octave: number; cents: number; freq: number } | null>(null);
  683 |   const ctxRef = useRef<AudioContext | null>(null);

the name `ChromaticTuner` is defined multiple times

Import traces:
  Client Component Browser:
    ./guitarforge/src/components/LearningCenterPage.tsx [Client Component Browser]
    ./guitarforge/src/components/GuitarForgeApp.tsx [Client Component Browser]
    ./guitarforge/src/components/GuitarForgeApp.tsx [Server Component]
    ./guitarforge/src/app/page.tsx [Server Component]

  Client Component SSR:
    ./guitarforge/src/components/LearningCenterPage.tsx [Client Component SSR]
    ./guitarforge/src/components/GuitarForgeApp.tsx [Client Component SSR]
    ./guitarforge/src/components/GuitarForgeApp.tsx [Server Component]
    ./guitarforge/src/app/page.tsx [Server Component] @ http://localhost:3001/_next/static/chunks/a266a_next_dist_cfedd8c2._.js:3127
[  169042ms] [ERROR] ./guitarforge/src/components/LearningCenterPage.tsx:680:10
Ecmascript file had an error
  678 | }
  679 |
> 680 | function ChromaticTuner() {
      |          ^^^^^^^^^^^^^^
  681 |   const [listening, setListening] = useState(false);
  682 |   const [detected, setDetected] = useState<{ note: string; octave: number; cents: number; freq: number } | null>(null);
  683 |   const ctxRef = useRef<AudioContext | null>(null);

the name `ChromaticTuner` is defined multiple times

Import traces:
  Client Component Browser:
    ./guitarforge/src/components/LearningCenterPage.tsx [Client Component Browser]
    ./guitarforge/src/components/GuitarForgeApp.tsx [Client Component Browser]
    ./guitarforge/src/components/GuitarForgeApp.tsx [Server Component]
    ./guitarforge/src/app/page.tsx [Server Component]

  Client Component SSR:
    ./guitarforge/src/components/LearningCenterPage.tsx [Client Component SSR]
    ./guitarforge/src/components/GuitarForgeApp.tsx [Client Component SSR]
    ./guitarforge/src/components/GuitarForgeApp.tsx [Server Component]
    ./guitarforge/src/app/page.tsx [Server Component] @ http://localhost:3001/_next/static/chunks/a266a_next_dist_cfedd8c2._.js:3127
[  169121ms] [ERROR] ./guitarforge/src/components/LearningCenterPage.tsx:680:10
Ecmascript file had an error
  678 | }
  679 |
> 680 | function ChromaticTuner() {
      |          ^^^^^^^^^^^^^^
  681 |   const [listening, setListening] = useState(false);
  682 |   const [detected, setDetected] = useState<{ note: string; octave: number; cents: number; freq: number } | null>(null);
  683 |   const ctxRef = useRef<AudioContext | null>(null);

the name `ChromaticTuner` is defined multiple times

Import traces:
  Client Component Browser:
    ./guitarforge/src/components/LearningCenterPage.tsx [Client Component Browser]
    ./guitarforge/src/components/GuitarForgeApp.tsx [Client Component Browser]
    ./guitarforge/src/components/GuitarForgeApp.tsx [Server Component]
    ./guitarforge/src/app/page.tsx [Server Component]

  Client Component SSR:
    ./guitarforge/src/components/LearningCenterPage.tsx [Client Component SSR]
    ./guitarforge/src/components/GuitarForgeApp.tsx [Client Component SSR]
    ./guitarforge/src/components/GuitarForgeApp.tsx [Server Component]
    ./guitarforge/src/app/page.tsx [Server Component] @ http://localhost:3001/_next/static/chunks/a266a_next_dist_cfedd8c2._.js:3127
[  169195ms] [ERROR] ./guitarforge/src/components/LearningCenterPage.tsx:680:10
Ecmascript file had an error
  678 | }
  679 |
> 680 | function ChromaticTuner() {
      |          ^^^^^^^^^^^^^^
  681 |   const [listening, setListening] = useState(false);
  682 |   const [detected, setDetected] = useState<{ note: string; octave: number; cents: number; freq: number } | null>(null);
  683 |   const ctxRef = useRef<AudioContext | null>(null);

the name `ChromaticTuner` is defined multiple times

Import traces:
  Client Component Browser:
    ./guitarforge/src/components/LearningCenterPage.tsx [Client Component Browser]
    ./guitarforge/src/components/GuitarForgeApp.tsx [Client Component Browser]
    ./guitarforge/src/components/GuitarForgeApp.tsx [Server Component]
    ./guitarforge/src/app/page.tsx [Server Component]

  Client Component SSR:
    ./guitarforge/src/components/LearningCenterPage.tsx [Client Component SSR]
    ./guitarforge/src/components/GuitarForgeApp.tsx [Client Component SSR]
    ./guitarforge/src/components/GuitarForgeApp.tsx [Server Component]
    ./guitarforge/src/app/page.tsx [Server Component] @ http://localhost:3001/_next/static/chunks/a266a_next_dist_cfedd8c2._.js:3127
[  169273ms] [ERROR] ./guitarforge/src/components/LearningCenterPage.tsx:680:10
Ecmascript file had an error
  678 | }
  679 |
> 680 | function ChromaticTuner() {
      |          ^^^^^^^^^^^^^^
  681 |   const [listening, setListening] = useState(false);
  682 |   const [detected, setDetected] = useState<{ note: string; octave: number; cents: number; freq: number } | null>(null);
  683 |   const ctxRef = useRef<AudioContext | null>(null);

the name `ChromaticTuner` is defined multiple times

Import traces:
  Client Component Browser:
    ./guitarforge/src/components/LearningCenterPage.tsx [Client Component Browser]
    ./guitarforge/src/components/GuitarForgeApp.tsx [Client Component Browser]
    ./guitarforge/src/components/GuitarForgeApp.tsx [Server Component]
    ./guitarforge/src/app/page.tsx [Server Component]

  Client Component SSR:
    ./guitarforge/src/components/LearningCenterPage.tsx [Client Component SSR]
    ./guitarforge/src/components/GuitarForgeApp.tsx [Client Component SSR]
    ./guitarforge/src/components/GuitarForgeApp.tsx [Server Component]
    ./guitarforge/src/app/page.tsx [Server Component] @ http://localhost:3001/_next/static/chunks/a266a_next_dist_cfedd8c2._.js:3127
[  169352ms] [ERROR] ./guitarforge/src/components/LearningCenterPage.tsx:680:10
Ecmascript file had an error
  678 | }
  679 |
> 680 | function ChromaticTuner() {
      |          ^^^^^^^^^^^^^^
  681 |   const [listening, setListening] = useState(false);
  682 |   const [detected, setDetected] = useState<{ note: string; octave: number; cents: number; freq: number } | null>(null);
  683 |   const ctxRef = useRef<AudioContext | null>(null);

the name `ChromaticTuner` is defined multiple times

Import traces:
  Client Component Browser:
    ./guitarforge/src/components/LearningCenterPage.tsx [Client Component Browser]
    ./guitarforge/src/components/GuitarForgeApp.tsx [Client Component Browser]
    ./guitarforge/src/components/GuitarForgeApp.tsx [Server Component]
    ./guitarforge/src/app/page.tsx [Server Component]

  Client Component SSR:
    ./guitarforge/src/components/LearningCenterPage.tsx [Client Component SSR]
    ./guitarforge/src/components/GuitarForgeApp.tsx [Client Component SSR]
    ./guitarforge/src/components/GuitarForgeApp.tsx [Server Component]
    ./guitarforge/src/app/page.tsx [Server Component] @ http://localhost:3001/_next/static/chunks/a266a_next_dist_cfedd8c2._.js:3127
[  169428ms] [ERROR] ./guitarforge/src/components/LearningCenterPage.tsx:680:10
Ecmascript file had an error
  678 | }
  679 |
> 680 | function ChromaticTuner() {
      |          ^^^^^^^^^^^^^^
  681 |   const [listening, setListening] = useState(false);
  682 |   const [detected, setDetected] = useState<{ note: string; octave: number; cents: number; freq: number } | null>(null);
  683 |   const ctxRef = useRef<AudioContext | null>(null);

the name `ChromaticTuner` is defined multiple times

Import traces:
  Client Component Browser:
    ./guitarforge/src/components/LearningCenterPage.tsx [Client Component Browser]
    ./guitarforge/src/components/GuitarForgeApp.tsx [Client Component Browser]
    ./guitarforge/src/components/GuitarForgeApp.tsx [Server Component]
    ./guitarforge/src/app/page.tsx [Server Component]

  Client Component SSR:
    ./guitarforge/src/components/LearningCenterPage.tsx [Client Component SSR]
    ./guitarforge/src/components/GuitarForgeApp.tsx [Client Component SSR]
    ./guitarforge/src/components/GuitarForgeApp.tsx [Server Component]
    ./guitarforge/src/app/page.tsx [Server Component] @ http://localhost:3001/_next/static/chunks/a266a_next_dist_cfedd8c2._.js:3127
[  169506ms] [ERROR] ./guitarforge/src/components/LearningCenterPage.tsx:680:10
Ecmascript file had an error
  678 | }
  679 |
> 680 | function ChromaticTuner() {
      |          ^^^^^^^^^^^^^^
  681 |   const [listening, setListening] = useState(false);
  682 |   const [detected, setDetected] = useState<{ note: string; octave: number; cents: number; freq: number } | null>(null);
  683 |   const ctxRef = useRef<AudioContext | null>(null);

the name `ChromaticTuner` is defined multiple times

Import traces:
  Client Component Browser:
    ./guitarforge/src/components/LearningCenterPage.tsx [Client Component Browser]
    ./guitarforge/src/components/GuitarForgeApp.tsx [Client Component Browser]
    ./guitarforge/src/components/GuitarForgeApp.tsx [Server Component]
    ./guitarforge/src/app/page.tsx [Server Component]

  Client Component SSR:
    ./guitarforge/src/components/LearningCenterPage.tsx [Client Component SSR]
    ./guitarforge/src/components/GuitarForgeApp.tsx [Client Component SSR]
    ./guitarforge/src/components/GuitarForgeApp.tsx [Server Component]
    ./guitarforge/src/app/page.tsx [Server Component] @ http://localhost:3001/_next/static/chunks/a266a_next_dist_cfedd8c2._.js:3127
[  169582ms] [ERROR] ./guitarforge/src/components/LearningCenterPage.tsx:680:10
Ecmascript file had an error
  678 | }
  679 |
> 680 | function ChromaticTuner() {
      |          ^^^^^^^^^^^^^^
  681 |   const [listening, setListening] = useState(false);
  682 |   const [detected, setDetected] = useState<{ note: string; octave: number; cents: number; freq: number } | null>(null);
  683 |   const ctxRef = useRef<AudioContext | null>(null);

the name `ChromaticTuner` is defined multiple times

Import traces:
  Client Component Browser:
    ./guitarforge/src/components/LearningCenterPage.tsx [Client Component Browser]
    ./guitarforge/src/components/GuitarForgeApp.tsx [Client Component Browser]
    ./guitarforge/src/components/GuitarForgeApp.tsx [Server Component]
    ./guitarforge/src/app/page.tsx [Server Component]

  Client Component SSR:
    ./guitarforge/src/components/LearningCenterPage.tsx [Client Component SSR]
    ./guitarforge/src/components/GuitarForgeApp.tsx [Client Component SSR]
    ./guitarforge/src/components/GuitarForgeApp.tsx [Server Component]
    ./guitarforge/src/app/page.tsx [Server Component] @ http://localhost:3001/_next/static/chunks/a266a_next_dist_cfedd8c2._.js:3127
[  169659ms] [ERROR] ./guitarforge/src/components/LearningCenterPage.tsx:680:10
Ecmascript file had an error
  678 | }
  679 |
> 680 | function ChromaticTuner() {
      |          ^^^^^^^^^^^^^^
  681 |   const [listening, setListening] = useState(false);
  682 |   const [detected, setDetected] = useState<{ note: string; octave: number; cents: number; freq: number } | null>(null);
  683 |   const ctxRef = useRef<AudioContext | null>(null);

the name `ChromaticTuner` is defined multiple times

Import traces:
  Client Component Browser:
    ./guitarforge/src/components/LearningCenterPage.tsx [Client Component Browser]
    ./guitarforge/src/components/GuitarForgeApp.tsx [Client Component Browser]
    ./guitarforge/src/components/GuitarForgeApp.tsx [Server Component]
    ./guitarforge/src/app/page.tsx [Server Component]

  Client Component SSR:
    ./guitarforge/src/components/LearningCenterPage.tsx [Client Component SSR]
    ./guitarforge/src/components/GuitarForgeApp.tsx [Client Component SSR]
    ./guitarforge/src/components/GuitarForgeApp.tsx [Server Component]
    ./guitarforge/src/app/page.tsx [Server Component] @ http://localhost:3001/_next/static/chunks/a266a_next_dist_cfedd8c2._.js:3127
[  169739ms] [ERROR] ./guitarforge/src/components/LearningCenterPage.tsx:680:10
Ecmascript file had an error
  678 | }
  679 |
> 680 | function ChromaticTuner() {
      |          ^^^^^^^^^^^^^^
  681 |   const [listening, setListening] = useState(false);
  682 |   const [detected, setDetected] = useState<{ note: string; octave: number; cents: number; freq: number } | null>(null);
  683 |   const ctxRef = useRef<AudioContext | null>(null);

the name `ChromaticTuner` is defined multiple times

Import traces:
  Client Component Browser:
    ./guitarforge/src/components/LearningCenterPage.tsx [Client Component Browser]
    ./guitarforge/src/components/GuitarForgeApp.tsx [Client Component Browser]
    ./guitarforge/src/components/GuitarForgeApp.tsx [Server Component]
    ./guitarforge/src/app/page.tsx [Server Component]

  Client Component SSR:
    ./guitarforge/src/components/LearningCenterPage.tsx [Client Component SSR]
    ./guitarforge/src/components/GuitarForgeApp.tsx [Client Component SSR]
    ./guitarforge/src/components/GuitarForgeApp.tsx [Server Component]
    ./guitarforge/src/app/page.tsx [Server Component] @ http://localhost:3001/_next/static/chunks/a266a_next_dist_cfedd8c2._.js:3127
[  169815ms] [ERROR] ./guitarforge/src/components/LearningCenterPage.tsx:680:10
Ecmascript file had an error
  678 | }
  679 |
> 680 | function ChromaticTuner() {
      |          ^^^^^^^^^^^^^^
  681 |   const [listening, setListening] = useState(false);
  682 |   const [detected, setDetected] = useState<{ note: string; octave: number; cents: number; freq: number } | null>(null);
  683 |   const ctxRef = useRef<AudioContext | null>(null);

the name `ChromaticTuner` is defined multiple times

Import traces:
  Client Component Browser:
    ./guitarforge/src/components/LearningCenterPage.tsx [Client Component Browser]
    ./guitarforge/src/components/GuitarForgeApp.tsx [Client Component Browser]
    ./guitarforge/src/components/GuitarForgeApp.tsx [Server Component]
    ./guitarforge/src/app/page.tsx [Server Component]

  Client Component SSR:
    ./guitarforge/src/components/LearningCenterPage.tsx [Client Component SSR]
    ./guitarforge/src/components/GuitarForgeApp.tsx [Client Component SSR]
    ./guitarforge/src/components/GuitarForgeApp.tsx [Server Component]
    ./guitarforge/src/app/page.tsx [Server Component] @ http://localhost:3001/_next/static/chunks/a266a_next_dist_cfedd8c2._.js:3127
[  169894ms] [ERROR] ./guitarforge/src/components/LearningCenterPage.tsx:680:10
Ecmascript file had an error
  678 | }
  679 |
> 680 | function ChromaticTuner() {
      |          ^^^^^^^^^^^^^^
  681 |   const [listening, setListening] = useState(false);
  682 |   const [detected, setDetected] = useState<{ note: string; octave: number; cents: number; freq: number } | null>(null);
  683 |   const ctxRef = useRef<AudioContext | null>(null);

the name `ChromaticTuner` is defined multiple times

Import traces:
  Client Component Browser:
    ./guitarforge/src/components/LearningCenterPage.tsx [Client Component Browser]
    ./guitarforge/src/components/GuitarForgeApp.tsx [Client Component Browser]
    ./guitarforge/src/components/GuitarForgeApp.tsx [Server Component]
    ./guitarforge/src/app/page.tsx [Server Component]

  Client Component SSR:
    ./guitarforge/src/components/LearningCenterPage.tsx [Client Component SSR]
    ./guitarforge/src/components/GuitarForgeApp.tsx [Client Component SSR]
    ./guitarforge/src/components/GuitarForgeApp.tsx [Server Component]
    ./guitarforge/src/app/page.tsx [Server Component] @ http://localhost:3001/_next/static/chunks/a266a_next_dist_cfedd8c2._.js:3127
[  169974ms] [ERROR] ./guitarforge/src/components/LearningCenterPage.tsx:680:10
Ecmascript file had an error
  678 | }
  679 |
> 680 | function ChromaticTuner() {
      |          ^^^^^^^^^^^^^^
  681 |   const [listening, setListening] = useState(false);
  682 |   const [detected, setDetected] = useState<{ note: string; octave: number; cents: number; freq: number } | null>(null);
  683 |   const ctxRef = useRef<AudioContext | null>(null);

the name `ChromaticTuner` is defined multiple times

Import traces:
  Client Component Browser:
    ./guitarforge/src/components/LearningCenterPage.tsx [Client Component Browser]
    ./guitarforge/src/components/GuitarForgeApp.tsx [Client Component Browser]
    ./guitarforge/src/components/GuitarForgeApp.tsx [Server Component]
    ./guitarforge/src/app/page.tsx [Server Component]

  Client Component SSR:
    ./guitarforge/src/components/LearningCenterPage.tsx [Client Component SSR]
    ./guitarforge/src/components/GuitarForgeApp.tsx [Client Component SSR]
    ./guitarforge/src/components/GuitarForgeApp.tsx [Server Component]
    ./guitarforge/src/app/page.tsx [Server Component] @ http://localhost:3001/_next/static/chunks/a266a_next_dist_cfedd8c2._.js:3127
[  170047ms] [ERROR] ./guitarforge/src/components/LearningCenterPage.tsx:680:10
Ecmascript file had an error
  678 | }
  679 |
> 680 | function ChromaticTuner() {
      |          ^^^^^^^^^^^^^^
  681 |   const [listening, setListening] = useState(false);
  682 |   const [detected, setDetected] = useState<{ note: string; octave: number; cents: number; freq: number } | null>(null);
  683 |   const ctxRef = useRef<AudioContext | null>(null);

the name `ChromaticTuner` is defined multiple times

Import traces:
  Client Component Browser:
    ./guitarforge/src/components/LearningCenterPage.tsx [Client Component Browser]
    ./guitarforge/src/components/GuitarForgeApp.tsx [Client Component Browser]
    ./guitarforge/src/components/GuitarForgeApp.tsx [Server Component]
    ./guitarforge/src/app/page.tsx [Server Component]

  Client Component SSR:
    ./guitarforge/src/components/LearningCenterPage.tsx [Client Component SSR]
    ./guitarforge/src/components/GuitarForgeApp.tsx [Client Component SSR]
    ./guitarforge/src/components/GuitarForgeApp.tsx [Server Component]
    ./guitarforge/src/app/page.tsx [Server Component] @ http://localhost:3001/_next/static/chunks/a266a_next_dist_cfedd8c2._.js:3127
[  170111ms] [ERROR] ./guitarforge/src/components/LearningCenterPage.tsx:680:10
Ecmascript file had an error
  678 | }
  679 |
> 680 | function ChromaticTuner() {
      |          ^^^^^^^^^^^^^^
  681 |   const [listening, setListening] = useState(false);
  682 |   const [detected, setDetected] = useState<{ note: string; octave: number; cents: number; freq: number } | null>(null);
  683 |   const ctxRef = useRef<AudioContext | null>(null);

the name `ChromaticTuner` is defined multiple times

Import traces:
  Client Component Browser:
    ./guitarforge/src/components/LearningCenterPage.tsx [Client Component Browser]
    ./guitarforge/src/components/GuitarForgeApp.tsx [Client Component Browser]
    ./guitarforge/src/components/GuitarForgeApp.tsx [Server Component]
    ./guitarforge/src/app/page.tsx [Server Component]

  Client Component SSR:
    ./guitarforge/src/components/LearningCenterPage.tsx [Client Component SSR]
    ./guitarforge/src/components/GuitarForgeApp.tsx [Client Component SSR]
    ./guitarforge/src/components/GuitarForgeApp.tsx [Server Component]
    ./guitarforge/src/app/page.tsx [Server Component] @ http://localhost:3001/_next/static/chunks/a266a_next_dist_cfedd8c2._.js:3127
[  170189ms] [ERROR] ./guitarforge/src/components/LearningCenterPage.tsx:680:10
Ecmascript file had an error
  678 | }
  679 |
> 680 | function ChromaticTuner() {
      |          ^^^^^^^^^^^^^^
  681 |   const [listening, setListening] = useState(false);
  682 |   const [detected, setDetected] = useState<{ note: string; octave: number; cents: number; freq: number } | null>(null);
  683 |   const ctxRef = useRef<AudioContext | null>(null);

the name `ChromaticTuner` is defined multiple times

Import traces:
  Client Component Browser:
    ./guitarforge/src/components/LearningCenterPage.tsx [Client Component Browser]
    ./guitarforge/src/components/GuitarForgeApp.tsx [Client Component Browser]
    ./guitarforge/src/components/GuitarForgeApp.tsx [Server Component]
    ./guitarforge/src/app/page.tsx [Server Component]

  Client Component SSR:
    ./guitarforge/src/components/LearningCenterPage.tsx [Client Component SSR]
    ./guitarforge/src/components/GuitarForgeApp.tsx [Client Component SSR]
    ./guitarforge/src/components/GuitarForgeApp.tsx [Server Component]
    ./guitarforge/src/app/page.tsx [Server Component] @ http://localhost:3001/_next/static/chunks/a266a_next_dist_cfedd8c2._.js:3127
[  170266ms] [ERROR] ./guitarforge/src/components/LearningCenterPage.tsx:680:10
Ecmascript file had an error
  678 | }
  679 |
> 680 | function ChromaticTuner() {
      |          ^^^^^^^^^^^^^^
  681 |   const [listening, setListening] = useState(false);
  682 |   const [detected, setDetected] = useState<{ note: string; octave: number; cents: number; freq: number } | null>(null);
  683 |   const ctxRef = useRef<AudioContext | null>(null);

the name `ChromaticTuner` is defined multiple times

Import traces:
  Client Component Browser:
    ./guitarforge/src/components/LearningCenterPage.tsx [Client Component Browser]
    ./guitarforge/src/components/GuitarForgeApp.tsx [Client Component Browser]
    ./guitarforge/src/components/GuitarForgeApp.tsx [Server Component]
    ./guitarforge/src/app/page.tsx [Server Component]

  Client Component SSR:
    ./guitarforge/src/components/LearningCenterPage.tsx [Client Component SSR]
    ./guitarforge/src/components/GuitarForgeApp.tsx [Client Component SSR]
    ./guitarforge/src/components/GuitarForgeApp.tsx [Server Component]
    ./guitarforge/src/app/page.tsx [Server Component] @ http://localhost:3001/_next/static/chunks/a266a_next_dist_cfedd8c2._.js:3127
[  170328ms] [ERROR] ./guitarforge/src/components/LearningCenterPage.tsx:680:10
Ecmascript file had an error
  678 | }
  679 |
> 680 | function ChromaticTuner() {
      |          ^^^^^^^^^^^^^^
  681 |   const [listening, setListening] = useState(false);
  682 |   const [detected, setDetected] = useState<{ note: string; octave: number; cents: number; freq: number } | null>(null);
  683 |   const ctxRef = useRef<AudioContext | null>(null);

the name `ChromaticTuner` is defined multiple times

Import traces:
  Client Component Browser:
    ./guitarforge/src/components/LearningCenterPage.tsx [Client Component Browser]
    ./guitarforge/src/components/GuitarForgeApp.tsx [Client Component Browser]
    ./guitarforge/src/components/GuitarForgeApp.tsx [Server Component]
    ./guitarforge/src/app/page.tsx [Server Component]

  Client Component SSR:
    ./guitarforge/src/components/LearningCenterPage.tsx [Client Component SSR]
    ./guitarforge/src/components/GuitarForgeApp.tsx [Client Component SSR]
    ./guitarforge/src/components/GuitarForgeApp.tsx [Server Component]
    ./guitarforge/src/app/page.tsx [Server Component] @ http://localhost:3001/_next/static/chunks/a266a_next_dist_cfedd8c2._.js:3127
[  170390ms] [ERROR] ./guitarforge/src/components/LearningCenterPage.tsx:680:10
Ecmascript file had an error
  678 | }
  679 |
> 680 | function ChromaticTuner() {
      |          ^^^^^^^^^^^^^^
  681 |   const [listening, setListening] = useState(false);
  682 |   const [detected, setDetected] = useState<{ note: string; octave: number; cents: number; freq: number } | null>(null);
  683 |   const ctxRef = useRef<AudioContext | null>(null);

the name `ChromaticTuner` is defined multiple times

Import traces:
  Client Component Browser:
    ./guitarforge/src/components/LearningCenterPage.tsx [Client Component Browser]
    ./guitarforge/src/components/GuitarForgeApp.tsx [Client Component Browser]
    ./guitarforge/src/components/GuitarForgeApp.tsx [Server Component]
    ./guitarforge/src/app/page.tsx [Server Component]

  Client Component SSR:
    ./guitarforge/src/components/LearningCenterPage.tsx [Client Component SSR]
    ./guitarforge/src/components/GuitarForgeApp.tsx [Client Component SSR]
    ./guitarforge/src/components/GuitarForgeApp.tsx [Server Component]
    ./guitarforge/src/app/page.tsx [Server Component] @ http://localhost:3001/_next/static/chunks/a266a_next_dist_cfedd8c2._.js:3127
[  170452ms] [ERROR] ./guitarforge/src/components/LearningCenterPage.tsx:680:10
Ecmascript file had an error
  678 | }
  679 |
> 680 | function ChromaticTuner() {
      |          ^^^^^^^^^^^^^^
  681 |   const [listening, setListening] = useState(false);
  682 |   const [detected, setDetected] = useState<{ note: string; octave: number; cents: number; freq: number } | null>(null);
  683 |   const ctxRef = useRef<AudioContext | null>(null);

the name `ChromaticTuner` is defined multiple times

Import traces:
  Client Component Browser:
    ./guitarforge/src/components/LearningCenterPage.tsx [Client Component Browser]
    ./guitarforge/src/components/GuitarForgeApp.tsx [Client Component Browser]
    ./guitarforge/src/components/GuitarForgeApp.tsx [Server Component]
    ./guitarforge/src/app/page.tsx [Server Component]

  Client Component SSR:
    ./guitarforge/src/components/LearningCenterPage.tsx [Client Component SSR]
    ./guitarforge/src/components/GuitarForgeApp.tsx [Client Component SSR]
    ./guitarforge/src/components/GuitarForgeApp.tsx [Server Component]
    ./guitarforge/src/app/page.tsx [Server Component] @ http://localhost:3001/_next/static/chunks/a266a_next_dist_cfedd8c2._.js:3127
[  170532ms] [ERROR] ./guitarforge/src/components/LearningCenterPage.tsx:680:10
Ecmascript file had an error
  678 | }
  679 |
> 680 | function ChromaticTuner() {
      |          ^^^^^^^^^^^^^^
  681 |   const [listening, setListening] = useState(false);
  682 |   const [detected, setDetected] = useState<{ note: string; octave: number; cents: number; freq: number } | null>(null);
  683 |   const ctxRef = useRef<AudioContext | null>(null);

the name `ChromaticTuner` is defined multiple times

Import traces:
  Client Component Browser:
    ./guitarforge/src/components/LearningCenterPage.tsx [Client Component Browser]
    ./guitarforge/src/components/GuitarForgeApp.tsx [Client Component Browser]
    ./guitarforge/src/components/GuitarForgeApp.tsx [Server Component]
    ./guitarforge/src/app/page.tsx [Server Component]

  Client Component SSR:
    ./guitarforge/src/components/LearningCenterPage.tsx [Client Component SSR]
    ./guitarforge/src/components/GuitarForgeApp.tsx [Client Component SSR]
    ./guitarforge/src/components/GuitarForgeApp.tsx [Server Component]
    ./guitarforge/src/app/page.tsx [Server Component] @ http://localhost:3001/_next/static/chunks/a266a_next_dist_cfedd8c2._.js:3127
[  170609ms] [ERROR] ./guitarforge/src/components/LearningCenterPage.tsx:680:10
Ecmascript file had an error
  678 | }
  679 |
> 680 | function ChromaticTuner() {
      |          ^^^^^^^^^^^^^^
  681 |   const [listening, setListening] = useState(false);
  682 |   const [detected, setDetected] = useState<{ note: string; octave: number; cents: number; freq: number } | null>(null);
  683 |   const ctxRef = useRef<AudioContext | null>(null);

the name `ChromaticTuner` is defined multiple times

Import traces:
  Client Component Browser:
    ./guitarforge/src/components/LearningCenterPage.tsx [Client Component Browser]
    ./guitarforge/src/components/GuitarForgeApp.tsx [Client Component Browser]
    ./guitarforge/src/components/GuitarForgeApp.tsx [Server Component]
    ./guitarforge/src/app/page.tsx [Server Component]

  Client Component SSR:
    ./guitarforge/src/components/LearningCenterPage.tsx [Client Component SSR]
    ./guitarforge/src/components/GuitarForgeApp.tsx [Client Component SSR]
    ./guitarforge/src/components/GuitarForgeApp.tsx [Server Component]
    ./guitarforge/src/app/page.tsx [Server Component] @ http://localhost:3001/_next/static/chunks/a266a_next_dist_cfedd8c2._.js:3127
[  170686ms] [ERROR] ./guitarforge/src/components/LearningCenterPage.tsx:680:10
Ecmascript file had an error
  678 | }
  679 |
> 680 | function ChromaticTuner() {
      |          ^^^^^^^^^^^^^^
  681 |   const [listening, setListening] = useState(false);
  682 |   const [detected, setDetected] = useState<{ note: string; octave: number; cents: number; freq: number } | null>(null);
  683 |   const ctxRef = useRef<AudioContext | null>(null);

the name `ChromaticTuner` is defined multiple times

Import traces:
  Client Component Browser:
    ./guitarforge/src/components/LearningCenterPage.tsx [Client Component Browser]
    ./guitarforge/src/components/GuitarForgeApp.tsx [Client Component Browser]
    ./guitarforge/src/components/GuitarForgeApp.tsx [Server Component]
    ./guitarforge/src/app/page.tsx [Server Component]

  Client Component SSR:
    ./guitarforge/src/components/LearningCenterPage.tsx [Client Component SSR]
    ./guitarforge/src/components/GuitarForgeApp.tsx [Client Component SSR]
    ./guitarforge/src/components/GuitarForgeApp.tsx [Server Component]
    ./guitarforge/src/app/page.tsx [Server Component] @ http://localhost:3001/_next/static/chunks/a266a_next_dist_cfedd8c2._.js:3127
[  170763ms] [ERROR] ./guitarforge/src/components/LearningCenterPage.tsx:680:10
Ecmascript file had an error
  678 | }
  679 |
> 680 | function ChromaticTuner() {
      |          ^^^^^^^^^^^^^^
  681 |   const [listening, setListening] = useState(false);
  682 |   const [detected, setDetected] = useState<{ note: string; octave: number; cents: number; freq: number } | null>(null);
  683 |   const ctxRef = useRef<AudioContext | null>(null);

the name `ChromaticTuner` is defined multiple times

Import traces:
  Client Component Browser:
    ./guitarforge/src/components/LearningCenterPage.tsx [Client Component Browser]
    ./guitarforge/src/components/GuitarForgeApp.tsx [Client Component Browser]
    ./guitarforge/src/components/GuitarForgeApp.tsx [Server Component]
    ./guitarforge/src/app/page.tsx [Server Component]

  Client Component SSR:
    ./guitarforge/src/components/LearningCenterPage.tsx [Client Component SSR]
    ./guitarforge/src/components/GuitarForgeApp.tsx [Client Component SSR]
    ./guitarforge/src/components/GuitarForgeApp.tsx [Server Component]
    ./guitarforge/src/app/page.tsx [Server Component] @ http://localhost:3001/_next/static/chunks/a266a_next_dist_cfedd8c2._.js:3127
[  170811ms] [ERROR] ./guitarforge/src/components/LearningCenterPage.tsx:680:10
Ecmascript file had an error
  678 | }
  679 |
> 680 | function ChromaticTuner() {
      |          ^^^^^^^^^^^^^^
  681 |   const [listening, setListening] = useState(false);
  682 |   const [detected, setDetected] = useState<{ note: string; octave: number; cents: number; freq: number } | null>(null);
  683 |   const ctxRef = useRef<AudioContext | null>(null);

the name `ChromaticTuner` is defined multiple times

Import traces:
  Client Component Browser:
    ./guitarforge/src/components/LearningCenterPage.tsx [Client Component Browser]
    ./guitarforge/src/components/GuitarForgeApp.tsx [Client Component Browser]
    ./guitarforge/src/components/GuitarForgeApp.tsx [Server Component]
    ./guitarforge/src/app/page.tsx [Server Component]

  Client Component SSR:
    ./guitarforge/src/components/LearningCenterPage.tsx [Client Component SSR]
    ./guitarforge/src/components/GuitarForgeApp.tsx [Client Component SSR]
    ./guitarforge/src/components/GuitarForgeApp.tsx [Server Component]
    ./guitarforge/src/app/page.tsx [Server Component] @ http://localhost:3001/_next/static/chunks/a266a_next_dist_cfedd8c2._.js:3127
[  170874ms] [ERROR] ./guitarforge/src/components/LearningCenterPage.tsx:680:10
Ecmascript file had an error
  678 | }
  679 |
> 680 | function ChromaticTuner() {
      |          ^^^^^^^^^^^^^^
  681 |   const [listening, setListening] = useState(false);
  682 |   const [detected, setDetected] = useState<{ note: string; octave: number; cents: number; freq: number } | null>(null);
  683 |   const ctxRef = useRef<AudioContext | null>(null);

the name `ChromaticTuner` is defined multiple times

Import traces:
  Client Component Browser:
    ./guitarforge/src/components/LearningCenterPage.tsx [Client Component Browser]
    ./guitarforge/src/components/GuitarForgeApp.tsx [Client Component Browser]
    ./guitarforge/src/components/GuitarForgeApp.tsx [Server Component]
    ./guitarforge/src/app/page.tsx [Server Component]

  Client Component SSR:
    ./guitarforge/src/components/LearningCenterPage.tsx [Client Component SSR]
    ./guitarforge/src/components/GuitarForgeApp.tsx [Client Component SSR]
    ./guitarforge/src/components/GuitarForgeApp.tsx [Server Component]
    ./guitarforge/src/app/page.tsx [Server Component] @ http://localhost:3001/_next/static/chunks/a266a_next_dist_cfedd8c2._.js:3127
[  170953ms] [ERROR] ./guitarforge/src/components/LearningCenterPage.tsx:680:10
Ecmascript file had an error
  678 | }
  679 |
> 680 | function ChromaticTuner() {
      |          ^^^^^^^^^^^^^^
  681 |   const [listening, setListening] = useState(false);
  682 |   const [detected, setDetected] = useState<{ note: string; octave: number; cents: number; freq: number } | null>(null);
  683 |   const ctxRef = useRef<AudioContext | null>(null);

the name `ChromaticTuner` is defined multiple times

Import traces:
  Client Component Browser:
    ./guitarforge/src/components/LearningCenterPage.tsx [Client Component Browser]
    ./guitarforge/src/components/GuitarForgeApp.tsx [Client Component Browser]
    ./guitarforge/src/components/GuitarForgeApp.tsx [Server Component]
    ./guitarforge/src/app/page.tsx [Server Component]

  Client Component SSR:
    ./guitarforge/src/components/LearningCenterPage.tsx [Client Component SSR]
    ./guitarforge/src/components/GuitarForgeApp.tsx [Client Component SSR]
    ./guitarforge/src/components/GuitarForgeApp.tsx [Server Component]
    ./guitarforge/src/app/page.tsx [Server Component] @ http://localhost:3001/_next/static/chunks/a266a_next_dist_cfedd8c2._.js:3127
[  171030ms] [ERROR] ./guitarforge/src/components/LearningCenterPage.tsx:680:10
Ecmascript file had an error
  678 | }
  679 |
> 680 | function ChromaticTuner() {
      |          ^^^^^^^^^^^^^^
  681 |   const [listening, setListening] = useState(false);
  682 |   const [detected, setDetected] = useState<{ note: string; octave: number; cents: number; freq: number } | null>(null);
  683 |   const ctxRef = useRef<AudioContext | null>(null);

the name `ChromaticTuner` is defined multiple times

Import traces:
  Client Component Browser:
    ./guitarforge/src/components/LearningCenterPage.tsx [Client Component Browser]
    ./guitarforge/src/components/GuitarForgeApp.tsx [Client Component Browser]
    ./guitarforge/src/components/GuitarForgeApp.tsx [Server Component]
    ./guitarforge/src/app/page.tsx [Server Component]

  Client Component SSR:
    ./guitarforge/src/components/LearningCenterPage.tsx [Client Component SSR]
    ./guitarforge/src/components/GuitarForgeApp.tsx [Client Component SSR]
    ./guitarforge/src/components/GuitarForgeApp.tsx [Server Component]
    ./guitarforge/src/app/page.tsx [Server Component] @ http://localhost:3001/_next/static/chunks/a266a_next_dist_cfedd8c2._.js:3127
[  171108ms] [ERROR] ./guitarforge/src/components/LearningCenterPage.tsx:680:10
Ecmascript file had an error
  678 | }
  679 |
> 680 | function ChromaticTuner() {
      |          ^^^^^^^^^^^^^^
  681 |   const [listening, setListening] = useState(false);
  682 |   const [detected, setDetected] = useState<{ note: string; octave: number; cents: number; freq: number } | null>(null);
  683 |   const ctxRef = useRef<AudioContext | null>(null);

the name `ChromaticTuner` is defined multiple times

Import traces:
  Client Component Browser:
    ./guitarforge/src/components/LearningCenterPage.tsx [Client Component Browser]
    ./guitarforge/src/components/GuitarForgeApp.tsx [Client Component Browser]
    ./guitarforge/src/components/GuitarForgeApp.tsx [Server Component]
    ./guitarforge/src/app/page.tsx [Server Component]

  Client Component SSR:
    ./guitarforge/src/components/LearningCenterPage.tsx [Client Component SSR]
    ./guitarforge/src/components/GuitarForgeApp.tsx [Client Component SSR]
    ./guitarforge/src/components/GuitarForgeApp.tsx [Server Component]
    ./guitarforge/src/app/page.tsx [Server Component] @ http://localhost:3001/_next/static/chunks/a266a_next_dist_cfedd8c2._.js:3127
[  171186ms] [ERROR] ./guitarforge/src/components/LearningCenterPage.tsx:680:10
Ecmascript file had an error
  678 | }
  679 |
> 680 | function ChromaticTuner() {
      |          ^^^^^^^^^^^^^^
  681 |   const [listening, setListening] = useState(false);
  682 |   const [detected, setDetected] = useState<{ note: string; octave: number; cents: number; freq: number } | null>(null);
  683 |   const ctxRef = useRef<AudioContext | null>(null);

the name `ChromaticTuner` is defined multiple times

Import traces:
  Client Component Browser:
    ./guitarforge/src/components/LearningCenterPage.tsx [Client Component Browser]
    ./guitarforge/src/components/GuitarForgeApp.tsx [Client Component Browser]
    ./guitarforge/src/components/GuitarForgeApp.tsx [Server Component]
    ./guitarforge/src/app/page.tsx [Server Component]

  Client Component SSR:
    ./guitarforge/src/components/LearningCenterPage.tsx [Client Component SSR]
    ./guitarforge/src/components/GuitarForgeApp.tsx [Client Component SSR]
    ./guitarforge/src/components/GuitarForgeApp.tsx [Server Component]
    ./guitarforge/src/app/page.tsx [Server Component] @ http://localhost:3001/_next/static/chunks/a266a_next_dist_cfedd8c2._.js:3127
[  171264ms] [ERROR] ./guitarforge/src/components/LearningCenterPage.tsx:680:10
Ecmascript file had an error
  678 | }
  679 |
> 680 | function ChromaticTuner() {
      |          ^^^^^^^^^^^^^^
  681 |   const [listening, setListening] = useState(false);
  682 |   const [detected, setDetected] = useState<{ note: string; octave: number; cents: number; freq: number } | null>(null);
  683 |   const ctxRef = useRef<AudioContext | null>(null);

the name `ChromaticTuner` is defined multiple times

Import traces:
  Client Component Browser:
    ./guitarforge/src/components/LearningCenterPage.tsx [Client Component Browser]
    ./guitarforge/src/components/GuitarForgeApp.tsx [Client Component Browser]
    ./guitarforge/src/components/GuitarForgeApp.tsx [Server Component]
    ./guitarforge/src/app/page.tsx [Server Component]

  Client Component SSR:
    ./guitarforge/src/components/LearningCenterPage.tsx [Client Component SSR]
    ./guitarforge/src/components/GuitarForgeApp.tsx [Client Component SSR]
    ./guitarforge/src/components/GuitarForgeApp.tsx [Server Component]
    ./guitarforge/src/app/page.tsx [Server Component] @ http://localhost:3001/_next/static/chunks/a266a_next_dist_cfedd8c2._.js:3127
[  171343ms] [ERROR] ./guitarforge/src/components/LearningCenterPage.tsx:680:10
Ecmascript file had an error
  678 | }
  679 |
> 680 | function ChromaticTuner() {
      |          ^^^^^^^^^^^^^^
  681 |   const [listening, setListening] = useState(false);
  682 |   const [detected, setDetected] = useState<{ note: string; octave: number; cents: number; freq: number } | null>(null);
  683 |   const ctxRef = useRef<AudioContext | null>(null);

the name `ChromaticTuner` is defined multiple times

Import traces:
  Client Component Browser:
    ./guitarforge/src/components/LearningCenterPage.tsx [Client Component Browser]
    ./guitarforge/src/components/GuitarForgeApp.tsx [Client Component Browser]
    ./guitarforge/src/components/GuitarForgeApp.tsx [Server Component]
    ./guitarforge/src/app/page.tsx [Server Component]

  Client Component SSR:
    ./guitarforge/src/components/LearningCenterPage.tsx [Client Component SSR]
    ./guitarforge/src/components/GuitarForgeApp.tsx [Client Component SSR]
    ./guitarforge/src/components/GuitarForgeApp.tsx [Server Component]
    ./guitarforge/src/app/page.tsx [Server Component] @ http://localhost:3001/_next/static/chunks/a266a_next_dist_cfedd8c2._.js:3127
[  171419ms] [ERROR] ./guitarforge/src/components/LearningCenterPage.tsx:680:10
Ecmascript file had an error
  678 | }
  679 |
> 680 | function ChromaticTuner() {
      |          ^^^^^^^^^^^^^^
  681 |   const [listening, setListening] = useState(false);
  682 |   const [detected, setDetected] = useState<{ note: string; octave: number; cents: number; freq: number } | null>(null);
  683 |   const ctxRef = useRef<AudioContext | null>(null);

the name `ChromaticTuner` is defined multiple times

Import traces:
  Client Component Browser:
    ./guitarforge/src/components/LearningCenterPage.tsx [Client Component Browser]
    ./guitarforge/src/components/GuitarForgeApp.tsx [Client Component Browser]
    ./guitarforge/src/components/GuitarForgeApp.tsx [Server Component]
    ./guitarforge/src/app/page.tsx [Server Component]

  Client Component SSR:
    ./guitarforge/src/components/LearningCenterPage.tsx [Client Component SSR]
    ./guitarforge/src/components/GuitarForgeApp.tsx [Client Component SSR]
    ./guitarforge/src/components/GuitarForgeApp.tsx [Server Component]
    ./guitarforge/src/app/page.tsx [Server Component] @ http://localhost:3001/_next/static/chunks/a266a_next_dist_cfedd8c2._.js:3127
[  171496ms] [ERROR] ./guitarforge/src/components/LearningCenterPage.tsx:680:10
Ecmascript file had an error
  678 | }
  679 |
> 680 | function ChromaticTuner() {
      |          ^^^^^^^^^^^^^^
  681 |   const [listening, setListening] = useState(false);
  682 |   const [detected, setDetected] = useState<{ note: string; octave: number; cents: number; freq: number } | null>(null);
  683 |   const ctxRef = useRef<AudioContext | null>(null);

the name `ChromaticTuner` is defined multiple times

Import traces:
  Client Component Browser:
    ./guitarforge/src/components/LearningCenterPage.tsx [Client Component Browser]
    ./guitarforge/src/components/GuitarForgeApp.tsx [Client Component Browser]
    ./guitarforge/src/components/GuitarForgeApp.tsx [Server Component]
    ./guitarforge/src/app/page.tsx [Server Component]

  Client Component SSR:
    ./guitarforge/src/components/LearningCenterPage.tsx [Client Component SSR]
    ./guitarforge/src/components/GuitarForgeApp.tsx [Client Component SSR]
    ./guitarforge/src/components/GuitarForgeApp.tsx [Server Component]
    ./guitarforge/src/app/page.tsx [Server Component] @ http://localhost:3001/_next/static/chunks/a266a_next_dist_cfedd8c2._.js:3127
[  171574ms] [ERROR] ./guitarforge/src/components/LearningCenterPage.tsx:680:10
Ecmascript file had an error
  678 | }
  679 |
> 680 | function ChromaticTuner() {
      |          ^^^^^^^^^^^^^^
  681 |   const [listening, setListening] = useState(false);
  682 |   const [detected, setDetected] = useState<{ note: string; octave: number; cents: number; freq: number } | null>(null);
  683 |   const ctxRef = useRef<AudioContext | null>(null);

the name `ChromaticTuner` is defined multiple times

Import traces:
  Client Component Browser:
    ./guitarforge/src/components/LearningCenterPage.tsx [Client Component Browser]
    ./guitarforge/src/components/GuitarForgeApp.tsx [Client Component Browser]
    ./guitarforge/src/components/GuitarForgeApp.tsx [Server Component]
    ./guitarforge/src/app/page.tsx [Server Component]

  Client Component SSR:
    ./guitarforge/src/components/LearningCenterPage.tsx [Client Component SSR]
    ./guitarforge/src/components/GuitarForgeApp.tsx [Client Component SSR]
    ./guitarforge/src/components/GuitarForgeApp.tsx [Server Component]
    ./guitarforge/src/app/page.tsx [Server Component] @ http://localhost:3001/_next/static/chunks/a266a_next_dist_cfedd8c2._.js:3127
[  171655ms] [ERROR] ./guitarforge/src/components/LearningCenterPage.tsx:680:10
Ecmascript file had an error
  678 | }
  679 |
> 680 | function ChromaticTuner() {
      |          ^^^^^^^^^^^^^^
  681 |   const [listening, setListening] = useState(false);
  682 |   const [detected, setDetected] = useState<{ note: string; octave: number; cents: number; freq: number } | null>(null);
  683 |   const ctxRef = useRef<AudioContext | null>(null);

the name `ChromaticTuner` is defined multiple times

Import traces:
  Client Component Browser:
    ./guitarforge/src/components/LearningCenterPage.tsx [Client Component Browser]
    ./guitarforge/src/components/GuitarForgeApp.tsx [Client Component Browser]
    ./guitarforge/src/components/GuitarForgeApp.tsx [Server Component]
    ./guitarforge/src/app/page.tsx [Server Component]

  Client Component SSR:
    ./guitarforge/src/components/LearningCenterPage.tsx [Client Component SSR]
    ./guitarforge/src/components/GuitarForgeApp.tsx [Client Component SSR]
    ./guitarforge/src/components/GuitarForgeApp.tsx [Server Component]
    ./guitarforge/src/app/page.tsx [Server Component] @ http://localhost:3001/_next/static/chunks/a266a_next_dist_cfedd8c2._.js:3127
[  171732ms] [ERROR] ./guitarforge/src/components/LearningCenterPage.tsx:680:10
Ecmascript file had an error
  678 | }
  679 |
> 680 | function ChromaticTuner() {
      |          ^^^^^^^^^^^^^^
  681 |   const [listening, setListening] = useState(false);
  682 |   const [detected, setDetected] = useState<{ note: string; octave: number; cents: number; freq: number } | null>(null);
  683 |   const ctxRef = useRef<AudioContext | null>(null);

the name `ChromaticTuner` is defined multiple times

Import traces:
  Client Component Browser:
    ./guitarforge/src/components/LearningCenterPage.tsx [Client Component Browser]
    ./guitarforge/src/components/GuitarForgeApp.tsx [Client Component Browser]
    ./guitarforge/src/components/GuitarForgeApp.tsx [Server Component]
    ./guitarforge/src/app/page.tsx [Server Component]

  Client Component SSR:
    ./guitarforge/src/components/LearningCenterPage.tsx [Client Component SSR]
    ./guitarforge/src/components/GuitarForgeApp.tsx [Client Component SSR]
    ./guitarforge/src/components/GuitarForgeApp.tsx [Server Component]
    ./guitarforge/src/app/page.tsx [Server Component] @ http://localhost:3001/_next/static/chunks/a266a_next_dist_cfedd8c2._.js:3127
[  171807ms] [ERROR] ./guitarforge/src/components/LearningCenterPage.tsx:680:10
Ecmascript file had an error
  678 | }
  679 |
> 680 | function ChromaticTuner() {
      |          ^^^^^^^^^^^^^^
  681 |   const [listening, setListening] = useState(false);
  682 |   const [detected, setDetected] = useState<{ note: string; octave: number; cents: number; freq: number } | null>(null);
  683 |   const ctxRef = useRef<AudioContext | null>(null);

the name `ChromaticTuner` is defined multiple times

Import traces:
  Client Component Browser:
    ./guitarforge/src/components/LearningCenterPage.tsx [Client Component Browser]
    ./guitarforge/src/components/GuitarForgeApp.tsx [Client Component Browser]
    ./guitarforge/src/components/GuitarForgeApp.tsx [Server Component]
    ./guitarforge/src/app/page.tsx [Server Component]

  Client Component SSR:
    ./guitarforge/src/components/LearningCenterPage.tsx [Client Component SSR]
    ./guitarforge/src/components/GuitarForgeApp.tsx [Client Component SSR]
    ./guitarforge/src/components/GuitarForgeApp.tsx [Server Component]
    ./guitarforge/src/app/page.tsx [Server Component] @ http://localhost:3001/_next/static/chunks/a266a_next_dist_cfedd8c2._.js:3127
[  171870ms] [ERROR] ./guitarforge/src/components/LearningCenterPage.tsx:680:10
Ecmascript file had an error
  678 | }
  679 |
> 680 | function ChromaticTuner() {
      |          ^^^^^^^^^^^^^^
  681 |   const [listening, setListening] = useState(false);
  682 |   const [detected, setDetected] = useState<{ note: string; octave: number; cents: number; freq: number } | null>(null);
  683 |   const ctxRef = useRef<AudioContext | null>(null);

the name `ChromaticTuner` is defined multiple times

Import traces:
  Client Component Browser:
    ./guitarforge/src/components/LearningCenterPage.tsx [Client Component Browser]
    ./guitarforge/src/components/GuitarForgeApp.tsx [Client Component Browser]
    ./guitarforge/src/components/GuitarForgeApp.tsx [Server Component]
    ./guitarforge/src/app/page.tsx [Server Component]

  Client Component SSR:
    ./guitarforge/src/components/LearningCenterPage.tsx [Client Component SSR]
    ./guitarforge/src/components/GuitarForgeApp.tsx [Client Component SSR]
    ./guitarforge/src/components/GuitarForgeApp.tsx [Server Component]
    ./guitarforge/src/app/page.tsx [Server Component] @ http://localhost:3001/_next/static/chunks/a266a_next_dist_cfedd8c2._.js:3127
[  171932ms] [ERROR] ./guitarforge/src/components/LearningCenterPage.tsx:680:10
Ecmascript file had an error
  678 | }
  679 |
> 680 | function ChromaticTuner() {
      |          ^^^^^^^^^^^^^^
  681 |   const [listening, setListening] = useState(false);
  682 |   const [detected, setDetected] = useState<{ note: string; octave: number; cents: number; freq: number } | null>(null);
  683 |   const ctxRef = useRef<AudioContext | null>(null);

the name `ChromaticTuner` is defined multiple times

Import traces:
  Client Component Browser:
    ./guitarforge/src/components/LearningCenterPage.tsx [Client Component Browser]
    ./guitarforge/src/components/GuitarForgeApp.tsx [Client Component Browser]
    ./guitarforge/src/components/GuitarForgeApp.tsx [Server Component]
    ./guitarforge/src/app/page.tsx [Server Component]

  Client Component SSR:
    ./guitarforge/src/components/LearningCenterPage.tsx [Client Component SSR]
    ./guitarforge/src/components/GuitarForgeApp.tsx [Client Component SSR]
    ./guitarforge/src/components/GuitarForgeApp.tsx [Server Component]
    ./guitarforge/src/app/page.tsx [Server Component] @ http://localhost:3001/_next/static/chunks/a266a_next_dist_cfedd8c2._.js:3127
[  172011ms] [ERROR] ./guitarforge/src/components/LearningCenterPage.tsx:680:10
Ecmascript file had an error
  678 | }
  679 |
> 680 | function ChromaticTuner() {
      |          ^^^^^^^^^^^^^^
  681 |   const [listening, setListening] = useState(false);
  682 |   const [detected, setDetected] = useState<{ note: string; octave: number; cents: number; freq: number } | null>(null);
  683 |   const ctxRef = useRef<AudioContext | null>(null);

the name `ChromaticTuner` is defined multiple times

Import traces:
  Client Component Browser:
    ./guitarforge/src/components/LearningCenterPage.tsx [Client Component Browser]
    ./guitarforge/src/components/GuitarForgeApp.tsx [Client Component Browser]
    ./guitarforge/src/components/GuitarForgeApp.tsx [Server Component]
    ./guitarforge/src/app/page.tsx [Server Component]

  Client Component SSR:
    ./guitarforge/src/components/LearningCenterPage.tsx [Client Component SSR]
    ./guitarforge/src/components/GuitarForgeApp.tsx [Client Component SSR]
    ./guitarforge/src/components/GuitarForgeApp.tsx [Server Component]
    ./guitarforge/src/app/page.tsx [Server Component] @ http://localhost:3001/_next/static/chunks/a266a_next_dist_cfedd8c2._.js:3127
[  172090ms] [ERROR] ./guitarforge/src/components/LearningCenterPage.tsx:680:10
Ecmascript file had an error
  678 | }
  679 |
> 680 | function ChromaticTuner() {
      |          ^^^^^^^^^^^^^^
  681 |   const [listening, setListening] = useState(false);
  682 |   const [detected, setDetected] = useState<{ note: string; octave: number; cents: number; freq: number } | null>(null);
  683 |   const ctxRef = useRef<AudioContext | null>(null);

the name `ChromaticTuner` is defined multiple times

Import traces:
  Client Component Browser:
    ./guitarforge/src/components/LearningCenterPage.tsx [Client Component Browser]
    ./guitarforge/src/components/GuitarForgeApp.tsx [Client Component Browser]
    ./guitarforge/src/components/GuitarForgeApp.tsx [Server Component]
    ./guitarforge/src/app/page.tsx [Server Component]

  Client Component SSR:
    ./guitarforge/src/components/LearningCenterPage.tsx [Client Component SSR]
    ./guitarforge/src/components/GuitarForgeApp.tsx [Client Component SSR]
    ./guitarforge/src/components/GuitarForgeApp.tsx [Server Component]
    ./guitarforge/src/app/page.tsx [Server Component] @ http://localhost:3001/_next/static/chunks/a266a_next_dist_cfedd8c2._.js:3127
[  172165ms] [ERROR] ./guitarforge/src/components/LearningCenterPage.tsx:680:10
Ecmascript file had an error
  678 | }
  679 |
> 680 | function ChromaticTuner() {
      |          ^^^^^^^^^^^^^^
  681 |   const [listening, setListening] = useState(false);
  682 |   const [detected, setDetected] = useState<{ note: string; octave: number; cents: number; freq: number } | null>(null);
  683 |   const ctxRef = useRef<AudioContext | null>(null);

the name `ChromaticTuner` is defined multiple times

Import traces:
  Client Component Browser:
    ./guitarforge/src/components/LearningCenterPage.tsx [Client Component Browser]
    ./guitarforge/src/components/GuitarForgeApp.tsx [Client Component Browser]
    ./guitarforge/src/components/GuitarForgeApp.tsx [Server Component]
    ./guitarforge/src/app/page.tsx [Server Component]

  Client Component SSR:
    ./guitarforge/src/components/LearningCenterPage.tsx [Client Component SSR]
    ./guitarforge/src/components/GuitarForgeApp.tsx [Client Component SSR]
    ./guitarforge/src/components/GuitarForgeApp.tsx [Server Component]
    ./guitarforge/src/app/page.tsx [Server Component] @ http://localhost:3001/_next/static/chunks/a266a_next_dist_cfedd8c2._.js:3127
[  172229ms] [ERROR] ./guitarforge/src/components/LearningCenterPage.tsx:680:10
Ecmascript file had an error
  678 | }
  679 |
> 680 | function ChromaticTuner() {
      |          ^^^^^^^^^^^^^^
  681 |   const [listening, setListening] = useState(false);
  682 |   const [detected, setDetected] = useState<{ note: string; octave: number; cents: number; freq: number } | null>(null);
  683 |   const ctxRef = useRef<AudioContext | null>(null);

the name `ChromaticTuner` is defined multiple times

Import traces:
  Client Component Browser:
    ./guitarforge/src/components/LearningCenterPage.tsx [Client Component Browser]
    ./guitarforge/src/components/GuitarForgeApp.tsx [Client Component Browser]
    ./guitarforge/src/components/GuitarForgeApp.tsx [Server Component]
    ./guitarforge/src/app/page.tsx [Server Component]

  Client Component SSR:
    ./guitarforge/src/components/LearningCenterPage.tsx [Client Component SSR]
    ./guitarforge/src/components/GuitarForgeApp.tsx [Client Component SSR]
    ./guitarforge/src/components/GuitarForgeApp.tsx [Server Component]
    ./guitarforge/src/app/page.tsx [Server Component] @ http://localhost:3001/_next/static/chunks/a266a_next_dist_cfedd8c2._.js:3127
[  172290ms] [ERROR] ./guitarforge/src/components/LearningCenterPage.tsx:680:10
Ecmascript file had an error
  678 | }
  679 |
> 680 | function ChromaticTuner() {
      |          ^^^^^^^^^^^^^^
  681 |   const [listening, setListening] = useState(false);
  682 |   const [detected, setDetected] = useState<{ note: string; octave: number; cents: number; freq: number } | null>(null);
  683 |   const ctxRef = useRef<AudioContext | null>(null);

the name `ChromaticTuner` is defined multiple times

Import traces:
  Client Component Browser:
    ./guitarforge/src/components/LearningCenterPage.tsx [Client Component Browser]
    ./guitarforge/src/components/GuitarForgeApp.tsx [Client Component Browser]
    ./guitarforge/src/components/GuitarForgeApp.tsx [Server Component]
    ./guitarforge/src/app/page.tsx [Server Component]

  Client Component SSR:
    ./guitarforge/src/components/LearningCenterPage.tsx [Client Component SSR]
    ./guitarforge/src/components/GuitarForgeApp.tsx [Client Component SSR]
    ./guitarforge/src/components/GuitarForgeApp.tsx [Server Component]
    ./guitarforge/src/app/page.tsx [Server Component] @ http://localhost:3001/_next/static/chunks/a266a_next_dist_cfedd8c2._.js:3127
[  172369ms] [ERROR] ./guitarforge/src/components/LearningCenterPage.tsx:680:10
Ecmascript file had an error
  678 | }
  679 |
> 680 | function ChromaticTuner() {
      |          ^^^^^^^^^^^^^^
  681 |   const [listening, setListening] = useState(false);
  682 |   const [detected, setDetected] = useState<{ note: string; octave: number; cents: number; freq: number } | null>(null);
  683 |   const ctxRef = useRef<AudioContext | null>(null);

the name `ChromaticTuner` is defined multiple times

Import traces:
  Client Component Browser:
    ./guitarforge/src/components/LearningCenterPage.tsx [Client Component Browser]
    ./guitarforge/src/components/GuitarForgeApp.tsx [Client Component Browser]
    ./guitarforge/src/components/GuitarForgeApp.tsx [Server Component]
    ./guitarforge/src/app/page.tsx [Server Component]

  Client Component SSR:
    ./guitarforge/src/components/LearningCenterPage.tsx [Client Component SSR]
    ./guitarforge/src/components/GuitarForgeApp.tsx [Client Component SSR]
    ./guitarforge/src/components/GuitarForgeApp.tsx [Server Component]
    ./guitarforge/src/app/page.tsx [Server Component] @ http://localhost:3001/_next/static/chunks/a266a_next_dist_cfedd8c2._.js:3127
[  172448ms] [ERROR] ./guitarforge/src/components/LearningCenterPage.tsx:680:10
Ecmascript file had an error
  678 | }
  679 |
> 680 | function ChromaticTuner() {
      |          ^^^^^^^^^^^^^^
  681 |   const [listening, setListening] = useState(false);
  682 |   const [detected, setDetected] = useState<{ note: string; octave: number; cents: number; freq: number } | null>(null);
  683 |   const ctxRef = useRef<AudioContext | null>(null);

the name `ChromaticTuner` is defined multiple times

Import traces:
  Client Component Browser:
    ./guitarforge/src/components/LearningCenterPage.tsx [Client Component Browser]
    ./guitarforge/src/components/GuitarForgeApp.tsx [Client Component Browser]
    ./guitarforge/src/components/GuitarForgeApp.tsx [Server Component]
    ./guitarforge/src/app/page.tsx [Server Component]

  Client Component SSR:
    ./guitarforge/src/components/LearningCenterPage.tsx [Client Component SSR]
    ./guitarforge/src/components/GuitarForgeApp.tsx [Client Component SSR]
    ./guitarforge/src/components/GuitarForgeApp.tsx [Server Component]
    ./guitarforge/src/app/page.tsx [Server Component] @ http://localhost:3001/_next/static/chunks/a266a_next_dist_cfedd8c2._.js:3127
[  172526ms] [ERROR] ./guitarforge/src/components/LearningCenterPage.tsx:680:10
Ecmascript file had an error
  678 | }
  679 |
> 680 | function ChromaticTuner() {
      |          ^^^^^^^^^^^^^^
  681 |   const [listening, setListening] = useState(false);
  682 |   const [detected, setDetected] = useState<{ note: string; octave: number; cents: number; freq: number } | null>(null);
  683 |   const ctxRef = useRef<AudioContext | null>(null);

the name `ChromaticTuner` is defined multiple times

Import traces:
  Client Component Browser:
    ./guitarforge/src/components/LearningCenterPage.tsx [Client Component Browser]
    ./guitarforge/src/components/GuitarForgeApp.tsx [Client Component Browser]
    ./guitarforge/src/components/GuitarForgeApp.tsx [Server Component]
    ./guitarforge/src/app/page.tsx [Server Component]

  Client Component SSR:
    ./guitarforge/src/components/LearningCenterPage.tsx [Client Component SSR]
    ./guitarforge/src/components/GuitarForgeApp.tsx [Client Component SSR]
    ./guitarforge/src/components/GuitarForgeApp.tsx [Server Component]
    ./guitarforge/src/app/page.tsx [Server Component] @ http://localhost:3001/_next/static/chunks/a266a_next_dist_cfedd8c2._.js:3127
[  172603ms] [ERROR] ./guitarforge/src/components/LearningCenterPage.tsx:680:10
Ecmascript file had an error
  678 | }
  679 |
> 680 | function ChromaticTuner() {
      |          ^^^^^^^^^^^^^^
  681 |   const [listening, setListening] = useState(false);
  682 |   const [detected, setDetected] = useState<{ note: string; octave: number; cents: number; freq: number } | null>(null);
  683 |   const ctxRef = useRef<AudioContext | null>(null);

the name `ChromaticTuner` is defined multiple times

Import traces:
  Client Component Browser:
    ./guitarforge/src/components/LearningCenterPage.tsx [Client Component Browser]
    ./guitarforge/src/components/GuitarForgeApp.tsx [Client Component Browser]
    ./guitarforge/src/components/GuitarForgeApp.tsx [Server Component]
    ./guitarforge/src/app/page.tsx [Server Component]

  Client Component SSR:
    ./guitarforge/src/components/LearningCenterPage.tsx [Client Component SSR]
    ./guitarforge/src/components/GuitarForgeApp.tsx [Client Component SSR]
    ./guitarforge/src/components/GuitarForgeApp.tsx [Server Component]
    ./guitarforge/src/app/page.tsx [Server Component] @ http://localhost:3001/_next/static/chunks/a266a_next_dist_cfedd8c2._.js:3127
[  172681ms] [ERROR] ./guitarforge/src/components/LearningCenterPage.tsx:680:10
Ecmascript file had an error
  678 | }
  679 |
> 680 | function ChromaticTuner() {
      |          ^^^^^^^^^^^^^^
  681 |   const [listening, setListening] = useState(false);
  682 |   const [detected, setDetected] = useState<{ note: string; octave: number; cents: number; freq: number } | null>(null);
  683 |   const ctxRef = useRef<AudioContext | null>(null);

the name `ChromaticTuner` is defined multiple times

Import traces:
  Client Component Browser:
    ./guitarforge/src/components/LearningCenterPage.tsx [Client Component Browser]
    ./guitarforge/src/components/GuitarForgeApp.tsx [Client Component Browser]
    ./guitarforge/src/components/GuitarForgeApp.tsx [Server Component]
    ./guitarforge/src/app/page.tsx [Server Component]

  Client Component SSR:
    ./guitarforge/src/components/LearningCenterPage.tsx [Client Component SSR]
    ./guitarforge/src/components/GuitarForgeApp.tsx [Client Component SSR]
    ./guitarforge/src/components/GuitarForgeApp.tsx [Server Component]
    ./guitarforge/src/app/page.tsx [Server Component] @ http://localhost:3001/_next/static/chunks/a266a_next_dist_cfedd8c2._.js:3127
[  172759ms] [ERROR] ./guitarforge/src/components/LearningCenterPage.tsx:680:10
Ecmascript file had an error
  678 | }
  679 |
> 680 | function ChromaticTuner() {
      |          ^^^^^^^^^^^^^^
  681 |   const [listening, setListening] = useState(false);
  682 |   const [detected, setDetected] = useState<{ note: string; octave: number; cents: number; freq: number } | null>(null);
  683 |   const ctxRef = useRef<AudioContext | null>(null);

the name `ChromaticTuner` is defined multiple times

Import traces:
  Client Component Browser:
    ./guitarforge/src/components/LearningCenterPage.tsx [Client Component Browser]
    ./guitarforge/src/components/GuitarForgeApp.tsx [Client Component Browser]
    ./guitarforge/src/components/GuitarForgeApp.tsx [Server Component]
    ./guitarforge/src/app/page.tsx [Server Component]

  Client Component SSR:
    ./guitarforge/src/components/LearningCenterPage.tsx [Client Component SSR]
    ./guitarforge/src/components/GuitarForgeApp.tsx [Client Component SSR]
    ./guitarforge/src/components/GuitarForgeApp.tsx [Server Component]
    ./guitarforge/src/app/page.tsx [Server Component] @ http://localhost:3001/_next/static/chunks/a266a_next_dist_cfedd8c2._.js:3127
[  172838ms] [ERROR] ./guitarforge/src/components/LearningCenterPage.tsx:680:10
Ecmascript file had an error
  678 | }
  679 |
> 680 | function ChromaticTuner() {
      |          ^^^^^^^^^^^^^^
  681 |   const [listening, setListening] = useState(false);
  682 |   const [detected, setDetected] = useState<{ note: string; octave: number; cents: number; freq: number } | null>(null);
  683 |   const ctxRef = useRef<AudioContext | null>(null);

the name `ChromaticTuner` is defined multiple times

Import traces:
  Client Component Browser:
    ./guitarforge/src/components/LearningCenterPage.tsx [Client Component Browser]
    ./guitarforge/src/components/GuitarForgeApp.tsx [Client Component Browser]
    ./guitarforge/src/components/GuitarForgeApp.tsx [Server Component]
    ./guitarforge/src/app/page.tsx [Server Component]

  Client Component SSR:
    ./guitarforge/src/components/LearningCenterPage.tsx [Client Component SSR]
    ./guitarforge/src/components/GuitarForgeApp.tsx [Client Component SSR]
    ./guitarforge/src/components/GuitarForgeApp.tsx [Server Component]
    ./guitarforge/src/app/page.tsx [Server Component] @ http://localhost:3001/_next/static/chunks/a266a_next_dist_cfedd8c2._.js:3127
[  172914ms] [ERROR] ./guitarforge/src/components/LearningCenterPage.tsx:680:10
Ecmascript file had an error
  678 | }
  679 |
> 680 | function ChromaticTuner() {
      |          ^^^^^^^^^^^^^^
  681 |   const [listening, setListening] = useState(false);
  682 |   const [detected, setDetected] = useState<{ note: string; octave: number; cents: number; freq: number } | null>(null);
  683 |   const ctxRef = useRef<AudioContext | null>(null);

the name `ChromaticTuner` is defined multiple times

Import traces:
  Client Component Browser:
    ./guitarforge/src/components/LearningCenterPage.tsx [Client Component Browser]
    ./guitarforge/src/components/GuitarForgeApp.tsx [Client Component Browser]
    ./guitarforge/src/components/GuitarForgeApp.tsx [Server Component]
    ./guitarforge/src/app/page.tsx [Server Component]

  Client Component SSR:
    ./guitarforge/src/components/LearningCenterPage.tsx [Client Component SSR]
    ./guitarforge/src/components/GuitarForgeApp.tsx [Client Component SSR]
    ./guitarforge/src/components/GuitarForgeApp.tsx [Server Component]
    ./guitarforge/src/app/page.tsx [Server Component] @ http://localhost:3001/_next/static/chunks/a266a_next_dist_cfedd8c2._.js:3127
[  172993ms] [ERROR] ./guitarforge/src/components/LearningCenterPage.tsx:680:10
Ecmascript file had an error
  678 | }
  679 |
> 680 | function ChromaticTuner() {
      |          ^^^^^^^^^^^^^^
  681 |   const [listening, setListening] = useState(false);
  682 |   const [detected, setDetected] = useState<{ note: string; octave: number; cents: number; freq: number } | null>(null);
  683 |   const ctxRef = useRef<AudioContext | null>(null);

the name `ChromaticTuner` is defined multiple times

Import traces:
  Client Component Browser:
    ./guitarforge/src/components/LearningCenterPage.tsx [Client Component Browser]
    ./guitarforge/src/components/GuitarForgeApp.tsx [Client Component Browser]
    ./guitarforge/src/components/GuitarForgeApp.tsx [Server Component]
    ./guitarforge/src/app/page.tsx [Server Component]

  Client Component SSR:
    ./guitarforge/src/components/LearningCenterPage.tsx [Client Component SSR]
    ./guitarforge/src/components/GuitarForgeApp.tsx [Client Component SSR]
    ./guitarforge/src/components/GuitarForgeApp.tsx [Server Component]
    ./guitarforge/src/app/page.tsx [Server Component] @ http://localhost:3001/_next/static/chunks/a266a_next_dist_cfedd8c2._.js:3127
[  173071ms] [ERROR] ./guitarforge/src/components/LearningCenterPage.tsx:680:10
Ecmascript file had an error
  678 | }
  679 |
> 680 | function ChromaticTuner() {
      |          ^^^^^^^^^^^^^^
  681 |   const [listening, setListening] = useState(false);
  682 |   const [detected, setDetected] = useState<{ note: string; octave: number; cents: number; freq: number } | null>(null);
  683 |   const ctxRef = useRef<AudioContext | null>(null);

the name `ChromaticTuner` is defined multiple times

Import traces:
  Client Component Browser:
    ./guitarforge/src/components/LearningCenterPage.tsx [Client Component Browser]
    ./guitarforge/src/components/GuitarForgeApp.tsx [Client Component Browser]
    ./guitarforge/src/components/GuitarForgeApp.tsx [Server Component]
    ./guitarforge/src/app/page.tsx [Server Component]

  Client Component SSR:
    ./guitarforge/src/components/LearningCenterPage.tsx [Client Component SSR]
    ./guitarforge/src/components/GuitarForgeApp.tsx [Client Component SSR]
    ./guitarforge/src/components/GuitarForgeApp.tsx [Server Component]
    ./guitarforge/src/app/page.tsx [Server Component] @ http://localhost:3001/_next/static/chunks/a266a_next_dist_cfedd8c2._.js:3127
[  173138ms] [ERROR] ./guitarforge/src/components/LearningCenterPage.tsx:680:10
Ecmascript file had an error
  678 | }
  679 |
> 680 | function ChromaticTuner() {
      |          ^^^^^^^^^^^^^^
  681 |   const [listening, setListening] = useState(false);
  682 |   const [detected, setDetected] = useState<{ note: string; octave: number; cents: number; freq: number } | null>(null);
  683 |   const ctxRef = useRef<AudioContext | null>(null);

the name `ChromaticTuner` is defined multiple times

Import traces:
  Client Component Browser:
    ./guitarforge/src/components/LearningCenterPage.tsx [Client Component Browser]
    ./guitarforge/src/components/GuitarForgeApp.tsx [Client Component Browser]
    ./guitarforge/src/components/GuitarForgeApp.tsx [Server Component]
    ./guitarforge/src/app/page.tsx [Server Component]

  Client Component SSR:
    ./guitarforge/src/components/LearningCenterPage.tsx [Client Component SSR]
    ./guitarforge/src/components/GuitarForgeApp.tsx [Client Component SSR]
    ./guitarforge/src/components/GuitarForgeApp.tsx [Server Component]
    ./guitarforge/src/app/page.tsx [Server Component] @ http://localhost:3001/_next/static/chunks/a266a_next_dist_cfedd8c2._.js:3127
[  173211ms] [ERROR] ./guitarforge/src/components/LearningCenterPage.tsx:680:10
Ecmascript file had an error
  678 | }
  679 |
> 680 | function ChromaticTuner() {
      |          ^^^^^^^^^^^^^^
  681 |   const [listening, setListening] = useState(false);
  682 |   const [detected, setDetected] = useState<{ note: string; octave: number; cents: number; freq: number } | null>(null);
  683 |   const ctxRef = useRef<AudioContext | null>(null);

the name `ChromaticTuner` is defined multiple times

Import traces:
  Client Component Browser:
    ./guitarforge/src/components/LearningCenterPage.tsx [Client Component Browser]
    ./guitarforge/src/components/GuitarForgeApp.tsx [Client Component Browser]
    ./guitarforge/src/components/GuitarForgeApp.tsx [Server Component]
    ./guitarforge/src/app/page.tsx [Server Component]

  Client Component SSR:
    ./guitarforge/src/components/LearningCenterPage.tsx [Client Component SSR]
    ./guitarforge/src/components/GuitarForgeApp.tsx [Client Component SSR]
    ./guitarforge/src/components/GuitarForgeApp.tsx [Server Component]
    ./guitarforge/src/app/page.tsx [Server Component] @ http://localhost:3001/_next/static/chunks/a266a_next_dist_cfedd8c2._.js:3127
[  173272ms] [ERROR] ./guitarforge/src/components/LearningCenterPage.tsx:680:10
Ecmascript file had an error
  678 | }
  679 |
> 680 | function ChromaticTuner() {
      |          ^^^^^^^^^^^^^^
  681 |   const [listening, setListening] = useState(false);
  682 |   const [detected, setDetected] = useState<{ note: string; octave: number; cents: number; freq: number } | null>(null);
  683 |   const ctxRef = useRef<AudioContext | null>(null);

the name `ChromaticTuner` is defined multiple times

Import traces:
  Client Component Browser:
    ./guitarforge/src/components/LearningCenterPage.tsx [Client Component Browser]
    ./guitarforge/src/components/GuitarForgeApp.tsx [Client Component Browser]
    ./guitarforge/src/components/GuitarForgeApp.tsx [Server Component]
    ./guitarforge/src/app/page.tsx [Server Component]

  Client Component SSR:
    ./guitarforge/src/components/LearningCenterPage.tsx [Client Component SSR]
    ./guitarforge/src/components/GuitarForgeApp.tsx [Client Component SSR]
    ./guitarforge/src/components/GuitarForgeApp.tsx [Server Component]
    ./guitarforge/src/app/page.tsx [Server Component] @ http://localhost:3001/_next/static/chunks/a266a_next_dist_cfedd8c2._.js:3127
[  173352ms] [ERROR] ./guitarforge/src/components/LearningCenterPage.tsx:680:10
Ecmascript file had an error
  678 | }
  679 |
> 680 | function ChromaticTuner() {
      |          ^^^^^^^^^^^^^^
  681 |   const [listening, setListening] = useState(false);
  682 |   const [detected, setDetected] = useState<{ note: string; octave: number; cents: number; freq: number } | null>(null);
  683 |   const ctxRef = useRef<AudioContext | null>(null);

the name `ChromaticTuner` is defined multiple times

Import traces:
  Client Component Browser:
    ./guitarforge/src/components/LearningCenterPage.tsx [Client Component Browser]
    ./guitarforge/src/components/GuitarForgeApp.tsx [Client Component Browser]
    ./guitarforge/src/components/GuitarForgeApp.tsx [Server Component]
    ./guitarforge/src/app/page.tsx [Server Component]

  Client Component SSR:
    ./guitarforge/src/components/LearningCenterPage.tsx [Client Component SSR]
    ./guitarforge/src/components/GuitarForgeApp.tsx [Client Component SSR]
    ./guitarforge/src/components/GuitarForgeApp.tsx [Server Component]
    ./guitarforge/src/app/page.tsx [Server Component] @ http://localhost:3001/_next/static/chunks/a266a_next_dist_cfedd8c2._.js:3127
[  173432ms] [ERROR] ./guitarforge/src/components/LearningCenterPage.tsx:680:10
Ecmascript file had an error
  678 | }
  679 |
> 680 | function ChromaticTuner() {
      |          ^^^^^^^^^^^^^^
  681 |   const [listening, setListening] = useState(false);
  682 |   const [detected, setDetected] = useState<{ note: string; octave: number; cents: number; freq: number } | null>(null);
  683 |   const ctxRef = useRef<AudioContext | null>(null);

the name `ChromaticTuner` is defined multiple times

Import traces:
  Client Component Browser:
    ./guitarforge/src/components/LearningCenterPage.tsx [Client Component Browser]
    ./guitarforge/src/components/GuitarForgeApp.tsx [Client Component Browser]
    ./guitarforge/src/components/GuitarForgeApp.tsx [Server Component]
    ./guitarforge/src/app/page.tsx [Server Component]

  Client Component SSR:
    ./guitarforge/src/components/LearningCenterPage.tsx [Client Component SSR]
    ./guitarforge/src/components/GuitarForgeApp.tsx [Client Component SSR]
    ./guitarforge/src/components/GuitarForgeApp.tsx [Server Component]
    ./guitarforge/src/app/page.tsx [Server Component] @ http://localhost:3001/_next/static/chunks/a266a_next_dist_cfedd8c2._.js:3127
[  173508ms] [ERROR] ./guitarforge/src/components/LearningCenterPage.tsx:680:10
Ecmascript file had an error
  678 | }
  679 |
> 680 | function ChromaticTuner() {
      |          ^^^^^^^^^^^^^^
  681 |   const [listening, setListening] = useState(false);
  682 |   const [detected, setDetected] = useState<{ note: string; octave: number; cents: number; freq: number } | null>(null);
  683 |   const ctxRef = useRef<AudioContext | null>(null);

the name `ChromaticTuner` is defined multiple times

Import traces:
  Client Component Browser:
    ./guitarforge/src/components/LearningCenterPage.tsx [Client Component Browser]
    ./guitarforge/src/components/GuitarForgeApp.tsx [Client Component Browser]
    ./guitarforge/src/components/GuitarForgeApp.tsx [Server Component]
    ./guitarforge/src/app/page.tsx [Server Component]

  Client Component SSR:
    ./guitarforge/src/components/LearningCenterPage.tsx [Client Component SSR]
    ./guitarforge/src/components/GuitarForgeApp.tsx [Client Component SSR]
    ./guitarforge/src/components/GuitarForgeApp.tsx [Server Component]
    ./guitarforge/src/app/page.tsx [Server Component] @ http://localhost:3001/_next/static/chunks/a266a_next_dist_cfedd8c2._.js:3127
[  173571ms] [ERROR] ./guitarforge/src/components/LearningCenterPage.tsx:680:10
Ecmascript file had an error
  678 | }
  679 |
> 680 | function ChromaticTuner() {
      |          ^^^^^^^^^^^^^^
  681 |   const [listening, setListening] = useState(false);
  682 |   const [detected, setDetected] = useState<{ note: string; octave: number; cents: number; freq: number } | null>(null);
  683 |   const ctxRef = useRef<AudioContext | null>(null);

the name `ChromaticTuner` is defined multiple times

Import traces:
  Client Component Browser:
    ./guitarforge/src/components/LearningCenterPage.tsx [Client Component Browser]
    ./guitarforge/src/components/GuitarForgeApp.tsx [Client Component Browser]
    ./guitarforge/src/components/GuitarForgeApp.tsx [Server Component]
    ./guitarforge/src/app/page.tsx [Server Component]

  Client Component SSR:
    ./guitarforge/src/components/LearningCenterPage.tsx [Client Component SSR]
    ./guitarforge/src/components/GuitarForgeApp.tsx [Client Component SSR]
    ./guitarforge/src/components/GuitarForgeApp.tsx [Server Component]
    ./guitarforge/src/app/page.tsx [Server Component] @ http://localhost:3001/_next/static/chunks/a266a_next_dist_cfedd8c2._.js:3127
[  173648ms] [ERROR] ./guitarforge/src/components/LearningCenterPage.tsx:680:10
Ecmascript file had an error
  678 | }
  679 |
> 680 | function ChromaticTuner() {
      |          ^^^^^^^^^^^^^^
  681 |   const [listening, setListening] = useState(false);
  682 |   const [detected, setDetected] = useState<{ note: string; octave: number; cents: number; freq: number } | null>(null);
  683 |   const ctxRef = useRef<AudioContext | null>(null);

the name `ChromaticTuner` is defined multiple times

Import traces:
  Client Component Browser:
    ./guitarforge/src/components/LearningCenterPage.tsx [Client Component Browser]
    ./guitarforge/src/components/GuitarForgeApp.tsx [Client Component Browser]
    ./guitarforge/src/components/GuitarForgeApp.tsx [Server Component]
    ./guitarforge/src/app/page.tsx [Server Component]

  Client Component SSR:
    ./guitarforge/src/components/LearningCenterPage.tsx [Client Component SSR]
    ./guitarforge/src/components/GuitarForgeApp.tsx [Client Component SSR]
    ./guitarforge/src/components/GuitarForgeApp.tsx [Server Component]
    ./guitarforge/src/app/page.tsx [Server Component] @ http://localhost:3001/_next/static/chunks/a266a_next_dist_cfedd8c2._.js:3127
[  173726ms] [ERROR] ./guitarforge/src/components/LearningCenterPage.tsx:680:10
Ecmascript file had an error
  678 | }
  679 |
> 680 | function ChromaticTuner() {
      |          ^^^^^^^^^^^^^^
  681 |   const [listening, setListening] = useState(false);
  682 |   const [detected, setDetected] = useState<{ note: string; octave: number; cents: number; freq: number } | null>(null);
  683 |   const ctxRef = useRef<AudioContext | null>(null);

the name `ChromaticTuner` is defined multiple times

Import traces:
  Client Component Browser:
    ./guitarforge/src/components/LearningCenterPage.tsx [Client Component Browser]
    ./guitarforge/src/components/GuitarForgeApp.tsx [Client Component Browser]
    ./guitarforge/src/components/GuitarForgeApp.tsx [Server Component]
    ./guitarforge/src/app/page.tsx [Server Component]

  Client Component SSR:
    ./guitarforge/src/components/LearningCenterPage.tsx [Client Component SSR]
    ./guitarforge/src/components/GuitarForgeApp.tsx [Client Component SSR]
    ./guitarforge/src/components/GuitarForgeApp.tsx [Server Component]
    ./guitarforge/src/app/page.tsx [Server Component] @ http://localhost:3001/_next/static/chunks/a266a_next_dist_cfedd8c2._.js:3127
[  173804ms] [ERROR] ./guitarforge/src/components/LearningCenterPage.tsx:680:10
Ecmascript file had an error
  678 | }
  679 |
> 680 | function ChromaticTuner() {
      |          ^^^^^^^^^^^^^^
  681 |   const [listening, setListening] = useState(false);
  682 |   const [detected, setDetected] = useState<{ note: string; octave: number; cents: number; freq: number } | null>(null);
  683 |   const ctxRef = useRef<AudioContext | null>(null);

the name `ChromaticTuner` is defined multiple times

Import traces:
  Client Component Browser:
    ./guitarforge/src/components/LearningCenterPage.tsx [Client Component Browser]
    ./guitarforge/src/components/GuitarForgeApp.tsx [Client Component Browser]
    ./guitarforge/src/components/GuitarForgeApp.tsx [Server Component]
    ./guitarforge/src/app/page.tsx [Server Component]

  Client Component SSR:
    ./guitarforge/src/components/LearningCenterPage.tsx [Client Component SSR]
    ./guitarforge/src/components/GuitarForgeApp.tsx [Client Component SSR]
    ./guitarforge/src/components/GuitarForgeApp.tsx [Server Component]
    ./guitarforge/src/app/page.tsx [Server Component] @ http://localhost:3001/_next/static/chunks/a266a_next_dist_cfedd8c2._.js:3127
[  173883ms] [ERROR] ./guitarforge/src/components/LearningCenterPage.tsx:680:10
Ecmascript file had an error
  678 | }
  679 |
> 680 | function ChromaticTuner() {
      |          ^^^^^^^^^^^^^^
  681 |   const [listening, setListening] = useState(false);
  682 |   const [detected, setDetected] = useState<{ note: string; octave: number; cents: number; freq: number } | null>(null);
  683 |   const ctxRef = useRef<AudioContext | null>(null);

the name `ChromaticTuner` is defined multiple times

Import traces:
  Client Component Browser:
    ./guitarforge/src/components/LearningCenterPage.tsx [Client Component Browser]
    ./guitarforge/src/components/GuitarForgeApp.tsx [Client Component Browser]
    ./guitarforge/src/components/GuitarForgeApp.tsx [Server Component]
    ./guitarforge/src/app/page.tsx [Server Component]

  Client Component SSR:
    ./guitarforge/src/components/LearningCenterPage.tsx [Client Component SSR]
    ./guitarforge/src/components/GuitarForgeApp.tsx [Client Component SSR]
    ./guitarforge/src/components/GuitarForgeApp.tsx [Server Component]
    ./guitarforge/src/app/page.tsx [Server Component] @ http://localhost:3001/_next/static/chunks/a266a_next_dist_cfedd8c2._.js:3127
[  173962ms] [ERROR] ./guitarforge/src/components/LearningCenterPage.tsx:680:10
Ecmascript file had an error
  678 | }
  679 |
> 680 | function ChromaticTuner() {
      |          ^^^^^^^^^^^^^^
  681 |   const [listening, setListening] = useState(false);
  682 |   const [detected, setDetected] = useState<{ note: string; octave: number; cents: number; freq: number } | null>(null);
  683 |   const ctxRef = useRef<AudioContext | null>(null);

the name `ChromaticTuner` is defined multiple times

Import traces:
  Client Component Browser:
    ./guitarforge/src/components/LearningCenterPage.tsx [Client Component Browser]
    ./guitarforge/src/components/GuitarForgeApp.tsx [Client Component Browser]
    ./guitarforge/src/components/GuitarForgeApp.tsx [Server Component]
    ./guitarforge/src/app/page.tsx [Server Component]

  Client Component SSR:
    ./guitarforge/src/components/LearningCenterPage.tsx [Client Component SSR]
    ./guitarforge/src/components/GuitarForgeApp.tsx [Client Component SSR]
    ./guitarforge/src/components/GuitarForgeApp.tsx [Server Component]
    ./guitarforge/src/app/page.tsx [Server Component] @ http://localhost:3001/_next/static/chunks/a266a_next_dist_cfedd8c2._.js:3127
[  174039ms] [ERROR] ./guitarforge/src/components/LearningCenterPage.tsx:680:10
Ecmascript file had an error
  678 | }
  679 |
> 680 | function ChromaticTuner() {
      |          ^^^^^^^^^^^^^^
  681 |   const [listening, setListening] = useState(false);
  682 |   const [detected, setDetected] = useState<{ note: string; octave: number; cents: number; freq: number } | null>(null);
  683 |   const ctxRef = useRef<AudioContext | null>(null);

the name `ChromaticTuner` is defined multiple times

Import traces:
  Client Component Browser:
    ./guitarforge/src/components/LearningCenterPage.tsx [Client Component Browser]
    ./guitarforge/src/components/GuitarForgeApp.tsx [Client Component Browser]
    ./guitarforge/src/components/GuitarForgeApp.tsx [Server Component]
    ./guitarforge/src/app/page.tsx [Server Component]

  Client Component SSR:
    ./guitarforge/src/components/LearningCenterPage.tsx [Client Component SSR]
    ./guitarforge/src/components/GuitarForgeApp.tsx [Client Component SSR]
    ./guitarforge/src/components/GuitarForgeApp.tsx [Server Component]
    ./guitarforge/src/app/page.tsx [Server Component] @ http://localhost:3001/_next/static/chunks/a266a_next_dist_cfedd8c2._.js:3127
[  174117ms] [ERROR] ./guitarforge/src/components/LearningCenterPage.tsx:680:10
Ecmascript file had an error
  678 | }
  679 |
> 680 | function ChromaticTuner() {
      |          ^^^^^^^^^^^^^^
  681 |   const [listening, setListening] = useState(false);
  682 |   const [detected, setDetected] = useState<{ note: string; octave: number; cents: number; freq: number } | null>(null);
  683 |   const ctxRef = useRef<AudioContext | null>(null);

the name `ChromaticTuner` is defined multiple times

Import traces:
  Client Component Browser:
    ./guitarforge/src/components/LearningCenterPage.tsx [Client Component Browser]
    ./guitarforge/src/components/GuitarForgeApp.tsx [Client Component Browser]
    ./guitarforge/src/components/GuitarForgeApp.tsx [Server Component]
    ./guitarforge/src/app/page.tsx [Server Component]

  Client Component SSR:
    ./guitarforge/src/components/LearningCenterPage.tsx [Client Component SSR]
    ./guitarforge/src/components/GuitarForgeApp.tsx [Client Component SSR]
    ./guitarforge/src/components/GuitarForgeApp.tsx [Server Component]
    ./guitarforge/src/app/page.tsx [Server Component] @ http://localhost:3001/_next/static/chunks/a266a_next_dist_cfedd8c2._.js:3127
[  174195ms] [ERROR] ./guitarforge/src/components/LearningCenterPage.tsx:680:10
Ecmascript file had an error
  678 | }
  679 |
> 680 | function ChromaticTuner() {
      |          ^^^^^^^^^^^^^^
  681 |   const [listening, setListening] = useState(false);
  682 |   const [detected, setDetected] = useState<{ note: string; octave: number; cents: number; freq: number } | null>(null);
  683 |   const ctxRef = useRef<AudioContext | null>(null);

the name `ChromaticTuner` is defined multiple times

Import traces:
  Client Component Browser:
    ./guitarforge/src/components/LearningCenterPage.tsx [Client Component Browser]
    ./guitarforge/src/components/GuitarForgeApp.tsx [Client Component Browser]
    ./guitarforge/src/components/GuitarForgeApp.tsx [Server Component]
    ./guitarforge/src/app/page.tsx [Server Component]

  Client Component SSR:
    ./guitarforge/src/components/LearningCenterPage.tsx [Client Component SSR]
    ./guitarforge/src/components/GuitarForgeApp.tsx [Client Component SSR]
    ./guitarforge/src/components/GuitarForgeApp.tsx [Server Component]
    ./guitarforge/src/app/page.tsx [Server Component] @ http://localhost:3001/_next/static/chunks/a266a_next_dist_cfedd8c2._.js:3127
[  174277ms] [ERROR] ./guitarforge/src/components/LearningCenterPage.tsx:680:10
Ecmascript file had an error
  678 | }
  679 |
> 680 | function ChromaticTuner() {
      |          ^^^^^^^^^^^^^^
  681 |   const [listening, setListening] = useState(false);
  682 |   const [detected, setDetected] = useState<{ note: string; octave: number; cents: number; freq: number } | null>(null);
  683 |   const ctxRef = useRef<AudioContext | null>(null);

the name `ChromaticTuner` is defined multiple times

Import traces:
  Client Component Browser:
    ./guitarforge/src/components/LearningCenterPage.tsx [Client Component Browser]
    ./guitarforge/src/components/GuitarForgeApp.tsx [Client Component Browser]
    ./guitarforge/src/components/GuitarForgeApp.tsx [Server Component]
    ./guitarforge/src/app/page.tsx [Server Component]

  Client Component SSR:
    ./guitarforge/src/components/LearningCenterPage.tsx [Client Component SSR]
    ./guitarforge/src/components/GuitarForgeApp.tsx [Client Component SSR]
    ./guitarforge/src/components/GuitarForgeApp.tsx [Server Component]
    ./guitarforge/src/app/page.tsx [Server Component] @ http://localhost:3001/_next/static/chunks/a266a_next_dist_cfedd8c2._.js:3127
[  174356ms] [ERROR] ./guitarforge/src/components/LearningCenterPage.tsx:680:10
Ecmascript file had an error
  678 | }
  679 |
> 680 | function ChromaticTuner() {
      |          ^^^^^^^^^^^^^^
  681 |   const [listening, setListening] = useState(false);
  682 |   const [detected, setDetected] = useState<{ note: string; octave: number; cents: number; freq: number } | null>(null);
  683 |   const ctxRef = useRef<AudioContext | null>(null);

the name `ChromaticTuner` is defined multiple times

Import traces:
  Client Component Browser:
    ./guitarforge/src/components/LearningCenterPage.tsx [Client Component Browser]
    ./guitarforge/src/components/GuitarForgeApp.tsx [Client Component Browser]
    ./guitarforge/src/components/GuitarForgeApp.tsx [Server Component]
    ./guitarforge/src/app/page.tsx [Server Component]

  Client Component SSR:
    ./guitarforge/src/components/LearningCenterPage.tsx [Client Component SSR]
    ./guitarforge/src/components/GuitarForgeApp.tsx [Client Component SSR]
    ./guitarforge/src/components/GuitarForgeApp.tsx [Server Component]
    ./guitarforge/src/app/page.tsx [Server Component] @ http://localhost:3001/_next/static/chunks/a266a_next_dist_cfedd8c2._.js:3127
[  174429ms] [ERROR] ./guitarforge/src/components/LearningCenterPage.tsx:680:10
Ecmascript file had an error
  678 | }
  679 |
> 680 | function ChromaticTuner() {
      |          ^^^^^^^^^^^^^^
  681 |   const [listening, setListening] = useState(false);
  682 |   const [detected, setDetected] = useState<{ note: string; octave: number; cents: number; freq: number } | null>(null);
  683 |   const ctxRef = useRef<AudioContext | null>(null);

the name `ChromaticTuner` is defined multiple times

Import traces:
  Client Component Browser:
    ./guitarforge/src/components/LearningCenterPage.tsx [Client Component Browser]
    ./guitarforge/src/components/GuitarForgeApp.tsx [Client Component Browser]
    ./guitarforge/src/components/GuitarForgeApp.tsx [Server Component]
    ./guitarforge/src/app/page.tsx [Server Component]

  Client Component SSR:
    ./guitarforge/src/components/LearningCenterPage.tsx [Client Component SSR]
    ./guitarforge/src/components/GuitarForgeApp.tsx [Client Component SSR]
    ./guitarforge/src/components/GuitarForgeApp.tsx [Server Component]
    ./guitarforge/src/app/page.tsx [Server Component] @ http://localhost:3001/_next/static/chunks/a266a_next_dist_cfedd8c2._.js:3127
[  174506ms] [ERROR] ./guitarforge/src/components/LearningCenterPage.tsx:680:10
Ecmascript file had an error
  678 | }
  679 |
> 680 | function ChromaticTuner() {
      |          ^^^^^^^^^^^^^^
  681 |   const [listening, setListening] = useState(false);
  682 |   const [detected, setDetected] = useState<{ note: string; octave: number; cents: number; freq: number } | null>(null);
  683 |   const ctxRef = useRef<AudioContext | null>(null);

the name `ChromaticTuner` is defined multiple times

Import traces:
  Client Component Browser:
    ./guitarforge/src/components/LearningCenterPage.tsx [Client Component Browser]
    ./guitarforge/src/components/GuitarForgeApp.tsx [Client Component Browser]
    ./guitarforge/src/components/GuitarForgeApp.tsx [Server Component]
    ./guitarforge/src/app/page.tsx [Server Component]

  Client Component SSR:
    ./guitarforge/src/components/LearningCenterPage.tsx [Client Component SSR]
    ./guitarforge/src/components/GuitarForgeApp.tsx [Client Component SSR]
    ./guitarforge/src/components/GuitarForgeApp.tsx [Server Component]
    ./guitarforge/src/app/page.tsx [Server Component] @ http://localhost:3001/_next/static/chunks/a266a_next_dist_cfedd8c2._.js:3127
[  174585ms] [ERROR] ./guitarforge/src/components/LearningCenterPage.tsx:680:10
Ecmascript file had an error
  678 | }
  679 |
> 680 | function ChromaticTuner() {
      |          ^^^^^^^^^^^^^^
  681 |   const [listening, setListening] = useState(false);
  682 |   const [detected, setDetected] = useState<{ note: string; octave: number; cents: number; freq: number } | null>(null);
  683 |   const ctxRef = useRef<AudioContext | null>(null);

the name `ChromaticTuner` is defined multiple times

Import traces:
  Client Component Browser:
    ./guitarforge/src/components/LearningCenterPage.tsx [Client Component Browser]
    ./guitarforge/src/components/GuitarForgeApp.tsx [Client Component Browser]
    ./guitarforge/src/components/GuitarForgeApp.tsx [Server Component]
    ./guitarforge/src/app/page.tsx [Server Component]

  Client Component SSR:
    ./guitarforge/src/components/LearningCenterPage.tsx [Client Component SSR]
    ./guitarforge/src/components/GuitarForgeApp.tsx [Client Component SSR]
    ./guitarforge/src/components/GuitarForgeApp.tsx [Server Component]
    ./guitarforge/src/app/page.tsx [Server Component] @ http://localhost:3001/_next/static/chunks/a266a_next_dist_cfedd8c2._.js:3127
[  174663ms] [ERROR] ./guitarforge/src/components/LearningCenterPage.tsx:680:10
Ecmascript file had an error
  678 | }
  679 |
> 680 | function ChromaticTuner() {
      |          ^^^^^^^^^^^^^^
  681 |   const [listening, setListening] = useState(false);
  682 |   const [detected, setDetected] = useState<{ note: string; octave: number; cents: number; freq: number } | null>(null);
  683 |   const ctxRef = useRef<AudioContext | null>(null);

the name `ChromaticTuner` is defined multiple times

Import traces:
  Client Component Browser:
    ./guitarforge/src/components/LearningCenterPage.tsx [Client Component Browser]
    ./guitarforge/src/components/GuitarForgeApp.tsx [Client Component Browser]
    ./guitarforge/src/components/GuitarForgeApp.tsx [Server Component]
    ./guitarforge/src/app/page.tsx [Server Component]

  Client Component SSR:
    ./guitarforge/src/components/LearningCenterPage.tsx [Client Component SSR]
    ./guitarforge/src/components/GuitarForgeApp.tsx [Client Component SSR]
    ./guitarforge/src/components/GuitarForgeApp.tsx [Server Component]
    ./guitarforge/src/app/page.tsx [Server Component] @ http://localhost:3001/_next/static/chunks/a266a_next_dist_cfedd8c2._.js:3127
[  174725ms] [ERROR] ./guitarforge/src/components/LearningCenterPage.tsx:680:10
Ecmascript file had an error
  678 | }
  679 |
> 680 | function ChromaticTuner() {
      |          ^^^^^^^^^^^^^^
  681 |   const [listening, setListening] = useState(false);
  682 |   const [detected, setDetected] = useState<{ note: string; octave: number; cents: number; freq: number } | null>(null);
  683 |   const ctxRef = useRef<AudioContext | null>(null);

the name `ChromaticTuner` is defined multiple times

Import traces:
  Client Component Browser:
    ./guitarforge/src/components/LearningCenterPage.tsx [Client Component Browser]
    ./guitarforge/src/components/GuitarForgeApp.tsx [Client Component Browser]
    ./guitarforge/src/components/GuitarForgeApp.tsx [Server Component]
    ./guitarforge/src/app/page.tsx [Server Component]

  Client Component SSR:
    ./guitarforge/src/components/LearningCenterPage.tsx [Client Component SSR]
    ./guitarforge/src/components/GuitarForgeApp.tsx [Client Component SSR]
    ./guitarforge/src/components/GuitarForgeApp.tsx [Server Component]
    ./guitarforge/src/app/page.tsx [Server Component] @ http://localhost:3001/_next/static/chunks/a266a_next_dist_cfedd8c2._.js:3127
[  174802ms] [ERROR] ./guitarforge/src/components/LearningCenterPage.tsx:680:10
Ecmascript file had an error
  678 | }
  679 |
> 680 | function ChromaticTuner() {
      |          ^^^^^^^^^^^^^^
  681 |   const [listening, setListening] = useState(false);
  682 |   const [detected, setDetected] = useState<{ note: string; octave: number; cents: number; freq: number } | null>(null);
  683 |   const ctxRef = useRef<AudioContext | null>(null);

the name `ChromaticTuner` is defined multiple times

Import traces:
  Client Component Browser:
    ./guitarforge/src/components/LearningCenterPage.tsx [Client Component Browser]
    ./guitarforge/src/components/GuitarForgeApp.tsx [Client Component Browser]
    ./guitarforge/src/components/GuitarForgeApp.tsx [Server Component]
    ./guitarforge/src/app/page.tsx [Server Component]

  Client Component SSR:
    ./guitarforge/src/components/LearningCenterPage.tsx [Client Component SSR]
    ./guitarforge/src/components/GuitarForgeApp.tsx [Client Component SSR]
    ./guitarforge/src/components/GuitarForgeApp.tsx [Server Component]
    ./guitarforge/src/app/page.tsx [Server Component] @ http://localhost:3001/_next/static/chunks/a266a_next_dist_cfedd8c2._.js:3127
[  174880ms] [ERROR] ./guitarforge/src/components/LearningCenterPage.tsx:680:10
Ecmascript file had an error
  678 | }
  679 |
> 680 | function ChromaticTuner() {
      |          ^^^^^^^^^^^^^^
  681 |   const [listening, setListening] = useState(false);
  682 |   const [detected, setDetected] = useState<{ note: string; octave: number; cents: number; freq: number } | null>(null);
  683 |   const ctxRef = useRef<AudioContext | null>(null);

the name `ChromaticTuner` is defined multiple times

Import traces:
  Client Component Browser:
    ./guitarforge/src/components/LearningCenterPage.tsx [Client Component Browser]
    ./guitarforge/src/components/GuitarForgeApp.tsx [Client Component Browser]
    ./guitarforge/src/components/GuitarForgeApp.tsx [Server Component]
    ./guitarforge/src/app/page.tsx [Server Component]

  Client Component SSR:
    ./guitarforge/src/components/LearningCenterPage.tsx [Client Component SSR]
    ./guitarforge/src/components/GuitarForgeApp.tsx [Client Component SSR]
    ./guitarforge/src/components/GuitarForgeApp.tsx [Server Component]
    ./guitarforge/src/app/page.tsx [Server Component] @ http://localhost:3001/_next/static/chunks/a266a_next_dist_cfedd8c2._.js:3127
[  174957ms] [ERROR] ./guitarforge/src/components/LearningCenterPage.tsx:680:10
Ecmascript file had an error
  678 | }
  679 |
> 680 | function ChromaticTuner() {
      |          ^^^^^^^^^^^^^^
  681 |   const [listening, setListening] = useState(false);
  682 |   const [detected, setDetected] = useState<{ note: string; octave: number; cents: number; freq: number } | null>(null);
  683 |   const ctxRef = useRef<AudioContext | null>(null);

the name `ChromaticTuner` is defined multiple times

Import traces:
  Client Component Browser:
    ./guitarforge/src/components/LearningCenterPage.tsx [Client Component Browser]
    ./guitarforge/src/components/GuitarForgeApp.tsx [Client Component Browser]
    ./guitarforge/src/components/GuitarForgeApp.tsx [Server Component]
    ./guitarforge/src/app/page.tsx [Server Component]

  Client Component SSR:
    ./guitarforge/src/components/LearningCenterPage.tsx [Client Component SSR]
    ./guitarforge/src/components/GuitarForgeApp.tsx [Client Component SSR]
    ./guitarforge/src/components/GuitarForgeApp.tsx [Server Component]
    ./guitarforge/src/app/page.tsx [Server Component] @ http://localhost:3001/_next/static/chunks/a266a_next_dist_cfedd8c2._.js:3127
[  175037ms] [ERROR] ./guitarforge/src/components/LearningCenterPage.tsx:680:10
Ecmascript file had an error
  678 | }
  679 |
> 680 | function ChromaticTuner() {
      |          ^^^^^^^^^^^^^^
  681 |   const [listening, setListening] = useState(false);
  682 |   const [detected, setDetected] = useState<{ note: string; octave: number; cents: number; freq: number } | null>(null);
  683 |   const ctxRef = useRef<AudioContext | null>(null);

the name `ChromaticTuner` is defined multiple times

Import traces:
  Client Component Browser:
    ./guitarforge/src/components/LearningCenterPage.tsx [Client Component Browser]
    ./guitarforge/src/components/GuitarForgeApp.tsx [Client Component Browser]
    ./guitarforge/src/components/GuitarForgeApp.tsx [Server Component]
    ./guitarforge/src/app/page.tsx [Server Component]

  Client Component SSR:
    ./guitarforge/src/components/LearningCenterPage.tsx [Client Component SSR]
    ./guitarforge/src/components/GuitarForgeApp.tsx [Client Component SSR]
    ./guitarforge/src/components/GuitarForgeApp.tsx [Server Component]
    ./guitarforge/src/app/page.tsx [Server Component] @ http://localhost:3001/_next/static/chunks/a266a_next_dist_cfedd8c2._.js:3127
[  175114ms] [ERROR] ./guitarforge/src/components/LearningCenterPage.tsx:680:10
Ecmascript file had an error
  678 | }
  679 |
> 680 | function ChromaticTuner() {
      |          ^^^^^^^^^^^^^^
  681 |   const [listening, setListening] = useState(false);
  682 |   const [detected, setDetected] = useState<{ note: string; octave: number; cents: number; freq: number } | null>(null);
  683 |   const ctxRef = useRef<AudioContext | null>(null);

the name `ChromaticTuner` is defined multiple times

Import traces:
  Client Component Browser:
    ./guitarforge/src/components/LearningCenterPage.tsx [Client Component Browser]
    ./guitarforge/src/components/GuitarForgeApp.tsx [Client Component Browser]
    ./guitarforge/src/components/GuitarForgeApp.tsx [Server Component]
    ./guitarforge/src/app/page.tsx [Server Component]

  Client Component SSR:
    ./guitarforge/src/components/LearningCenterPage.tsx [Client Component SSR]
    ./guitarforge/src/components/GuitarForgeApp.tsx [Client Component SSR]
    ./guitarforge/src/components/GuitarForgeApp.tsx [Server Component]
    ./guitarforge/src/app/page.tsx [Server Component] @ http://localhost:3001/_next/static/chunks/a266a_next_dist_cfedd8c2._.js:3127
[  175190ms] [ERROR] ./guitarforge/src/components/LearningCenterPage.tsx:680:10
Ecmascript file had an error
  678 | }
  679 |
> 680 | function ChromaticTuner() {
      |          ^^^^^^^^^^^^^^
  681 |   const [listening, setListening] = useState(false);
  682 |   const [detected, setDetected] = useState<{ note: string; octave: number; cents: number; freq: number } | null>(null);
  683 |   const ctxRef = useRef<AudioContext | null>(null);

the name `ChromaticTuner` is defined multiple times

Import traces:
  Client Component Browser:
    ./guitarforge/src/components/LearningCenterPage.tsx [Client Component Browser]
    ./guitarforge/src/components/GuitarForgeApp.tsx [Client Component Browser]
    ./guitarforge/src/components/GuitarForgeApp.tsx [Server Component]
    ./guitarforge/src/app/page.tsx [Server Component]

  Client Component SSR:
    ./guitarforge/src/components/LearningCenterPage.tsx [Client Component SSR]
    ./guitarforge/src/components/GuitarForgeApp.tsx [Client Component SSR]
    ./guitarforge/src/components/GuitarForgeApp.tsx [Server Component]
    ./guitarforge/src/app/page.tsx [Server Component] @ http://localhost:3001/_next/static/chunks/a266a_next_dist_cfedd8c2._.js:3127
[  175268ms] [ERROR] ./guitarforge/src/components/LearningCenterPage.tsx:680:10
Ecmascript file had an error
  678 | }
  679 |
> 680 | function ChromaticTuner() {
      |          ^^^^^^^^^^^^^^
  681 |   const [listening, setListening] = useState(false);
  682 |   const [detected, setDetected] = useState<{ note: string; octave: number; cents: number; freq: number } | null>(null);
  683 |   const ctxRef = useRef<AudioContext | null>(null);

the name `ChromaticTuner` is defined multiple times

Import traces:
  Client Component Browser:
    ./guitarforge/src/components/LearningCenterPage.tsx [Client Component Browser]
    ./guitarforge/src/components/GuitarForgeApp.tsx [Client Component Browser]
    ./guitarforge/src/components/GuitarForgeApp.tsx [Server Component]
    ./guitarforge/src/app/page.tsx [Server Component]

  Client Component SSR:
    ./guitarforge/src/components/LearningCenterPage.tsx [Client Component SSR]
    ./guitarforge/src/components/GuitarForgeApp.tsx [Client Component SSR]
    ./guitarforge/src/components/GuitarForgeApp.tsx [Server Component]
    ./guitarforge/src/app/page.tsx [Server Component] @ http://localhost:3001/_next/static/chunks/a266a_next_dist_cfedd8c2._.js:3127
[  175349ms] [ERROR] ./guitarforge/src/components/LearningCenterPage.tsx:680:10
Ecmascript file had an error
  678 | }
  679 |
> 680 | function ChromaticTuner() {
      |          ^^^^^^^^^^^^^^
  681 |   const [listening, setListening] = useState(false);
  682 |   const [detected, setDetected] = useState<{ note: string; octave: number; cents: number; freq: number } | null>(null);
  683 |   const ctxRef = useRef<AudioContext | null>(null);

the name `ChromaticTuner` is defined multiple times

Import traces:
  Client Component Browser:
    ./guitarforge/src/components/LearningCenterPage.tsx [Client Component Browser]
    ./guitarforge/src/components/GuitarForgeApp.tsx [Client Component Browser]
    ./guitarforge/src/components/GuitarForgeApp.tsx [Server Component]
    ./guitarforge/src/app/page.tsx [Server Component]

  Client Component SSR:
    ./guitarforge/src/components/LearningCenterPage.tsx [Client Component SSR]
    ./guitarforge/src/components/GuitarForgeApp.tsx [Client Component SSR]
    ./guitarforge/src/components/GuitarForgeApp.tsx [Server Component]
    ./guitarforge/src/app/page.tsx [Server Component] @ http://localhost:3001/_next/static/chunks/a266a_next_dist_cfedd8c2._.js:3127
[  175426ms] [ERROR] ./guitarforge/src/components/LearningCenterPage.tsx:680:10
Ecmascript file had an error
  678 | }
  679 |
> 680 | function ChromaticTuner() {
      |          ^^^^^^^^^^^^^^
  681 |   const [listening, setListening] = useState(false);
  682 |   const [detected, setDetected] = useState<{ note: string; octave: number; cents: number; freq: number } | null>(null);
  683 |   const ctxRef = useRef<AudioContext | null>(null);

the name `ChromaticTuner` is defined multiple times

Import traces:
  Client Component Browser:
    ./guitarforge/src/components/LearningCenterPage.tsx [Client Component Browser]
    ./guitarforge/src/components/GuitarForgeApp.tsx [Client Component Browser]
    ./guitarforge/src/components/GuitarForgeApp.tsx [Server Component]
    ./guitarforge/src/app/page.tsx [Server Component]

  Client Component SSR:
    ./guitarforge/src/components/LearningCenterPage.tsx [Client Component SSR]
    ./guitarforge/src/components/GuitarForgeApp.tsx [Client Component SSR]
    ./guitarforge/src/components/GuitarForgeApp.tsx [Server Component]
    ./guitarforge/src/app/page.tsx [Server Component] @ http://localhost:3001/_next/static/chunks/a266a_next_dist_cfedd8c2._.js:3127
[  175505ms] [ERROR] ./guitarforge/src/components/LearningCenterPage.tsx:680:10
Ecmascript file had an error
  678 | }
  679 |
> 680 | function ChromaticTuner() {
      |          ^^^^^^^^^^^^^^
  681 |   const [listening, setListening] = useState(false);
  682 |   const [detected, setDetected] = useState<{ note: string; octave: number; cents: number; freq: number } | null>(null);
  683 |   const ctxRef = useRef<AudioContext | null>(null);

the name `ChromaticTuner` is defined multiple times

Import traces:
  Client Component Browser:
    ./guitarforge/src/components/LearningCenterPage.tsx [Client Component Browser]
    ./guitarforge/src/components/GuitarForgeApp.tsx [Client Component Browser]
    ./guitarforge/src/components/GuitarForgeApp.tsx [Server Component]
    ./guitarforge/src/app/page.tsx [Server Component]

  Client Component SSR:
    ./guitarforge/src/components/LearningCenterPage.tsx [Client Component SSR]
    ./guitarforge/src/components/GuitarForgeApp.tsx [Client Component SSR]
    ./guitarforge/src/components/GuitarForgeApp.tsx [Server Component]
    ./guitarforge/src/app/page.tsx [Server Component] @ http://localhost:3001/_next/static/chunks/a266a_next_dist_cfedd8c2._.js:3127
[  175581ms] [ERROR] ./guitarforge/src/components/LearningCenterPage.tsx:680:10
Ecmascript file had an error
  678 | }
  679 |
> 680 | function ChromaticTuner() {
      |          ^^^^^^^^^^^^^^
  681 |   const [listening, setListening] = useState(false);
  682 |   const [detected, setDetected] = useState<{ note: string; octave: number; cents: number; freq: number } | null>(null);
  683 |   const ctxRef = useRef<AudioContext | null>(null);

the name `ChromaticTuner` is defined multiple times

Import traces:
  Client Component Browser:
    ./guitarforge/src/components/LearningCenterPage.tsx [Client Component Browser]
    ./guitarforge/src/components/GuitarForgeApp.tsx [Client Component Browser]
    ./guitarforge/src/components/GuitarForgeApp.tsx [Server Component]
    ./guitarforge/src/app/page.tsx [Server Component]

  Client Component SSR:
    ./guitarforge/src/components/LearningCenterPage.tsx [Client Component SSR]
    ./guitarforge/src/components/GuitarForgeApp.tsx [Client Component SSR]
    ./guitarforge/src/components/GuitarForgeApp.tsx [Server Component]
    ./guitarforge/src/app/page.tsx [Server Component] @ http://localhost:3001/_next/static/chunks/a266a_next_dist_cfedd8c2._.js:3127
[  175659ms] [ERROR] ./guitarforge/src/components/LearningCenterPage.tsx:680:10
Ecmascript file had an error
  678 | }
  679 |
> 680 | function ChromaticTuner() {
      |          ^^^^^^^^^^^^^^
  681 |   const [listening, setListening] = useState(false);
  682 |   const [detected, setDetected] = useState<{ note: string; octave: number; cents: number; freq: number } | null>(null);
  683 |   const ctxRef = useRef<AudioContext | null>(null);

the name `ChromaticTuner` is defined multiple times

Import traces:
  Client Component Browser:
    ./guitarforge/src/components/LearningCenterPage.tsx [Client Component Browser]
    ./guitarforge/src/components/GuitarForgeApp.tsx [Client Component Browser]
    ./guitarforge/src/components/GuitarForgeApp.tsx [Server Component]
    ./guitarforge/src/app/page.tsx [Server Component]

  Client Component SSR:
    ./guitarforge/src/components/LearningCenterPage.tsx [Client Component SSR]
    ./guitarforge/src/components/GuitarForgeApp.tsx [Client Component SSR]
    ./guitarforge/src/components/GuitarForgeApp.tsx [Server Component]
    ./guitarforge/src/app/page.tsx [Server Component] @ http://localhost:3001/_next/static/chunks/a266a_next_dist_cfedd8c2._.js:3127
[  175737ms] [ERROR] ./guitarforge/src/components/LearningCenterPage.tsx:680:10
Ecmascript file had an error
  678 | }
  679 |
> 680 | function ChromaticTuner() {
      |          ^^^^^^^^^^^^^^
  681 |   const [listening, setListening] = useState(false);
  682 |   const [detected, setDetected] = useState<{ note: string; octave: number; cents: number; freq: number } | null>(null);
  683 |   const ctxRef = useRef<AudioContext | null>(null);

the name `ChromaticTuner` is defined multiple times

Import traces:
  Client Component Browser:
    ./guitarforge/src/components/LearningCenterPage.tsx [Client Component Browser]
    ./guitarforge/src/components/GuitarForgeApp.tsx [Client Component Browser]
    ./guitarforge/src/components/GuitarForgeApp.tsx [Server Component]
    ./guitarforge/src/app/page.tsx [Server Component]

  Client Component SSR:
    ./guitarforge/src/components/LearningCenterPage.tsx [Client Component SSR]
    ./guitarforge/src/components/GuitarForgeApp.tsx [Client Component SSR]
    ./guitarforge/src/components/GuitarForgeApp.tsx [Server Component]
    ./guitarforge/src/app/page.tsx [Server Component] @ http://localhost:3001/_next/static/chunks/a266a_next_dist_cfedd8c2._.js:3127
[  175817ms] [ERROR] ./guitarforge/src/components/LearningCenterPage.tsx:680:10
Ecmascript file had an error
  678 | }
  679 |
> 680 | function ChromaticTuner() {
      |          ^^^^^^^^^^^^^^
  681 |   const [listening, setListening] = useState(false);
  682 |   const [detected, setDetected] = useState<{ note: string; octave: number; cents: number; freq: number } | null>(null);
  683 |   const ctxRef = useRef<AudioContext | null>(null);

the name `ChromaticTuner` is defined multiple times

Import traces:
  Client Component Browser:
    ./guitarforge/src/components/LearningCenterPage.tsx [Client Component Browser]
    ./guitarforge/src/components/GuitarForgeApp.tsx [Client Component Browser]
    ./guitarforge/src/components/GuitarForgeApp.tsx [Server Component]
    ./guitarforge/src/app/page.tsx [Server Component]

  Client Component SSR:
    ./guitarforge/src/components/LearningCenterPage.tsx [Client Component SSR]
    ./guitarforge/src/components/GuitarForgeApp.tsx [Client Component SSR]
    ./guitarforge/src/components/GuitarForgeApp.tsx [Server Component]
    ./guitarforge/src/app/page.tsx [Server Component] @ http://localhost:3001/_next/static/chunks/a266a_next_dist_cfedd8c2._.js:3127
[  175895ms] [ERROR] ./guitarforge/src/components/LearningCenterPage.tsx:680:10
Ecmascript file had an error
  678 | }
  679 |
> 680 | function ChromaticTuner() {
      |          ^^^^^^^^^^^^^^
  681 |   const [listening, setListening] = useState(false);
  682 |   const [detected, setDetected] = useState<{ note: string; octave: number; cents: number; freq: number } | null>(null);
  683 |   const ctxRef = useRef<AudioContext | null>(null);

the name `ChromaticTuner` is defined multiple times

Import traces:
  Client Component Browser:
    ./guitarforge/src/components/LearningCenterPage.tsx [Client Component Browser]
    ./guitarforge/src/components/GuitarForgeApp.tsx [Client Component Browser]
    ./guitarforge/src/components/GuitarForgeApp.tsx [Server Component]
    ./guitarforge/src/app/page.tsx [Server Component]

  Client Component SSR:
    ./guitarforge/src/components/LearningCenterPage.tsx [Client Component SSR]
    ./guitarforge/src/components/GuitarForgeApp.tsx [Client Component SSR]
    ./guitarforge/src/components/GuitarForgeApp.tsx [Server Component]
    ./guitarforge/src/app/page.tsx [Server Component] @ http://localhost:3001/_next/static/chunks/a266a_next_dist_cfedd8c2._.js:3127
[  175970ms] [ERROR] ./guitarforge/src/components/LearningCenterPage.tsx:680:10
Ecmascript file had an error
  678 | }
  679 |
> 680 | function ChromaticTuner() {
      |          ^^^^^^^^^^^^^^
  681 |   const [listening, setListening] = useState(false);
  682 |   const [detected, setDetected] = useState<{ note: string; octave: number; cents: number; freq: number } | null>(null);
  683 |   const ctxRef = useRef<AudioContext | null>(null);

the name `ChromaticTuner` is defined multiple times

Import traces:
  Client Component Browser:
    ./guitarforge/src/components/LearningCenterPage.tsx [Client Component Browser]
    ./guitarforge/src/components/GuitarForgeApp.tsx [Client Component Browser]
    ./guitarforge/src/components/GuitarForgeApp.tsx [Server Component]
    ./guitarforge/src/app/page.tsx [Server Component]

  Client Component SSR:
    ./guitarforge/src/components/LearningCenterPage.tsx [Client Component SSR]
    ./guitarforge/src/components/GuitarForgeApp.tsx [Client Component SSR]
    ./guitarforge/src/components/GuitarForgeApp.tsx [Server Component]
    ./guitarforge/src/app/page.tsx [Server Component] @ http://localhost:3001/_next/static/chunks/a266a_next_dist_cfedd8c2._.js:3127
[  176048ms] [ERROR] ./guitarforge/src/components/LearningCenterPage.tsx:680:10
Ecmascript file had an error
  678 | }
  679 |
> 680 | function ChromaticTuner() {
      |          ^^^^^^^^^^^^^^
  681 |   const [listening, setListening] = useState(false);
  682 |   const [detected, setDetected] = useState<{ note: string; octave: number; cents: number; freq: number } | null>(null);
  683 |   const ctxRef = useRef<AudioContext | null>(null);

the name `ChromaticTuner` is defined multiple times

Import traces:
  Client Component Browser:
    ./guitarforge/src/components/LearningCenterPage.tsx [Client Component Browser]
    ./guitarforge/src/components/GuitarForgeApp.tsx [Client Component Browser]
    ./guitarforge/src/components/GuitarForgeApp.tsx [Server Component]
    ./guitarforge/src/app/page.tsx [Server Component]

  Client Component SSR:
    ./guitarforge/src/components/LearningCenterPage.tsx [Client Component SSR]
    ./guitarforge/src/components/GuitarForgeApp.tsx [Client Component SSR]
    ./guitarforge/src/components/GuitarForgeApp.tsx [Server Component]
    ./guitarforge/src/app/page.tsx [Server Component] @ http://localhost:3001/_next/static/chunks/a266a_next_dist_cfedd8c2._.js:3127
[  176126ms] [ERROR] ./guitarforge/src/components/LearningCenterPage.tsx:680:10
Ecmascript file had an error
  678 | }
  679 |
> 680 | function ChromaticTuner() {
      |          ^^^^^^^^^^^^^^
  681 |   const [listening, setListening] = useState(false);
  682 |   const [detected, setDetected] = useState<{ note: string; octave: number; cents: number; freq: number } | null>(null);
  683 |   const ctxRef = useRef<AudioContext | null>(null);

the name `ChromaticTuner` is defined multiple times

Import traces:
  Client Component Browser:
    ./guitarforge/src/components/LearningCenterPage.tsx [Client Component Browser]
    ./guitarforge/src/components/GuitarForgeApp.tsx [Client Component Browser]
    ./guitarforge/src/components/GuitarForgeApp.tsx [Server Component]
    ./guitarforge/src/app/page.tsx [Server Component]

  Client Component SSR:
    ./guitarforge/src/components/LearningCenterPage.tsx [Client Component SSR]
    ./guitarforge/src/components/GuitarForgeApp.tsx [Client Component SSR]
    ./guitarforge/src/components/GuitarForgeApp.tsx [Server Component]
    ./guitarforge/src/app/page.tsx [Server Component] @ http://localhost:3001/_next/static/chunks/a266a_next_dist_cfedd8c2._.js:3127
[  176206ms] [ERROR] ./guitarforge/src/components/LearningCenterPage.tsx:680:10
Ecmascript file had an error
  678 | }
  679 |
> 680 | function ChromaticTuner() {
      |          ^^^^^^^^^^^^^^
  681 |   const [listening, setListening] = useState(false);
  682 |   const [detected, setDetected] = useState<{ note: string; octave: number; cents: number; freq: number } | null>(null);
  683 |   const ctxRef = useRef<AudioContext | null>(null);

the name `ChromaticTuner` is defined multiple times

Import traces:
  Client Component Browser:
    ./guitarforge/src/components/LearningCenterPage.tsx [Client Component Browser]
    ./guitarforge/src/components/GuitarForgeApp.tsx [Client Component Browser]
    ./guitarforge/src/components/GuitarForgeApp.tsx [Server Component]
    ./guitarforge/src/app/page.tsx [Server Component]

  Client Component SSR:
    ./guitarforge/src/components/LearningCenterPage.tsx [Client Component SSR]
    ./guitarforge/src/components/GuitarForgeApp.tsx [Client Component SSR]
    ./guitarforge/src/components/GuitarForgeApp.tsx [Server Component]
    ./guitarforge/src/app/page.tsx [Server Component] @ http://localhost:3001/_next/static/chunks/a266a_next_dist_cfedd8c2._.js:3127
[  176288ms] [ERROR] ./guitarforge/src/components/LearningCenterPage.tsx:680:10
Ecmascript file had an error
  678 | }
  679 |
> 680 | function ChromaticTuner() {
      |          ^^^^^^^^^^^^^^
  681 |   const [listening, setListening] = useState(false);
  682 |   const [detected, setDetected] = useState<{ note: string; octave: number; cents: number; freq: number } | null>(null);
  683 |   const ctxRef = useRef<AudioContext | null>(null);

the name `ChromaticTuner` is defined multiple times

Import traces:
  Client Component Browser:
    ./guitarforge/src/components/LearningCenterPage.tsx [Client Component Browser]
    ./guitarforge/src/components/GuitarForgeApp.tsx [Client Component Browser]
    ./guitarforge/src/components/GuitarForgeApp.tsx [Server Component]
    ./guitarforge/src/app/page.tsx [Server Component]

  Client Component SSR:
    ./guitarforge/src/components/LearningCenterPage.tsx [Client Component SSR]
    ./guitarforge/src/components/GuitarForgeApp.tsx [Client Component SSR]
    ./guitarforge/src/components/GuitarForgeApp.tsx [Server Component]
    ./guitarforge/src/app/page.tsx [Server Component] @ http://localhost:3001/_next/static/chunks/a266a_next_dist_cfedd8c2._.js:3127
[  176359ms] [ERROR] ./guitarforge/src/components/LearningCenterPage.tsx:680:10
Ecmascript file had an error
  678 | }
  679 |
> 680 | function ChromaticTuner() {
      |          ^^^^^^^^^^^^^^
  681 |   const [listening, setListening] = useState(false);
  682 |   const [detected, setDetected] = useState<{ note: string; octave: number; cents: number; freq: number } | null>(null);
  683 |   const ctxRef = useRef<AudioContext | null>(null);

the name `ChromaticTuner` is defined multiple times

Import traces:
  Client Component Browser:
    ./guitarforge/src/components/LearningCenterPage.tsx [Client Component Browser]
    ./guitarforge/src/components/GuitarForgeApp.tsx [Client Component Browser]
    ./guitarforge/src/components/GuitarForgeApp.tsx [Server Component]
    ./guitarforge/src/app/page.tsx [Server Component]

  Client Component SSR:
    ./guitarforge/src/components/LearningCenterPage.tsx [Client Component SSR]
    ./guitarforge/src/components/GuitarForgeApp.tsx [Client Component SSR]
    ./guitarforge/src/components/GuitarForgeApp.tsx [Server Component]
    ./guitarforge/src/app/page.tsx [Server Component] @ http://localhost:3001/_next/static/chunks/a266a_next_dist_cfedd8c2._.js:3127
[  176423ms] [ERROR] ./guitarforge/src/components/LearningCenterPage.tsx:680:10
Ecmascript file had an error
  678 | }
  679 |
> 680 | function ChromaticTuner() {
      |          ^^^^^^^^^^^^^^
  681 |   const [listening, setListening] = useState(false);
  682 |   const [detected, setDetected] = useState<{ note: string; octave: number; cents: number; freq: number } | null>(null);
  683 |   const ctxRef = useRef<AudioContext | null>(null);

the name `ChromaticTuner` is defined multiple times

Import traces:
  Client Component Browser:
    ./guitarforge/src/components/LearningCenterPage.tsx [Client Component Browser]
    ./guitarforge/src/components/GuitarForgeApp.tsx [Client Component Browser]
    ./guitarforge/src/components/GuitarForgeApp.tsx [Server Component]
    ./guitarforge/src/app/page.tsx [Server Component]

  Client Component SSR:
    ./guitarforge/src/components/LearningCenterPage.tsx [Client Component SSR]
    ./guitarforge/src/components/GuitarForgeApp.tsx [Client Component SSR]
    ./guitarforge/src/components/GuitarForgeApp.tsx [Server Component]
    ./guitarforge/src/app/page.tsx [Server Component] @ http://localhost:3001/_next/static/chunks/a266a_next_dist_cfedd8c2._.js:3127
[  176504ms] [ERROR] ./guitarforge/src/components/LearningCenterPage.tsx:680:10
Ecmascript file had an error
  678 | }
  679 |
> 680 | function ChromaticTuner() {
      |          ^^^^^^^^^^^^^^
  681 |   const [listening, setListening] = useState(false);
  682 |   const [detected, setDetected] = useState<{ note: string; octave: number; cents: number; freq: number } | null>(null);
  683 |   const ctxRef = useRef<AudioContext | null>(null);

the name `ChromaticTuner` is defined multiple times

Import traces:
  Client Component Browser:
    ./guitarforge/src/components/LearningCenterPage.tsx [Client Component Browser]
    ./guitarforge/src/components/GuitarForgeApp.tsx [Client Component Browser]
    ./guitarforge/src/components/GuitarForgeApp.tsx [Server Component]
    ./guitarforge/src/app/page.tsx [Server Component]

  Client Component SSR:
    ./guitarforge/src/components/LearningCenterPage.tsx [Client Component SSR]
    ./guitarforge/src/components/GuitarForgeApp.tsx [Client Component SSR]
    ./guitarforge/src/components/GuitarForgeApp.tsx [Server Component]
    ./guitarforge/src/app/page.tsx [Server Component] @ http://localhost:3001/_next/static/chunks/a266a_next_dist_cfedd8c2._.js:3127
[  176581ms] [ERROR] ./guitarforge/src/components/LearningCenterPage.tsx:680:10
Ecmascript file had an error
  678 | }
  679 |
> 680 | function ChromaticTuner() {
      |          ^^^^^^^^^^^^^^
  681 |   const [listening, setListening] = useState(false);
  682 |   const [detected, setDetected] = useState<{ note: string; octave: number; cents: number; freq: number } | null>(null);
  683 |   const ctxRef = useRef<AudioContext | null>(null);

the name `ChromaticTuner` is defined multiple times

Import traces:
  Client Component Browser:
    ./guitarforge/src/components/LearningCenterPage.tsx [Client Component Browser]
    ./guitarforge/src/components/GuitarForgeApp.tsx [Client Component Browser]
    ./guitarforge/src/components/GuitarForgeApp.tsx [Server Component]
    ./guitarforge/src/app/page.tsx [Server Component]

  Client Component SSR:
    ./guitarforge/src/components/LearningCenterPage.tsx [Client Component SSR]
    ./guitarforge/src/components/GuitarForgeApp.tsx [Client Component SSR]
    ./guitarforge/src/components/GuitarForgeApp.tsx [Server Component]
    ./guitarforge/src/app/page.tsx [Server Component] @ http://localhost:3001/_next/static/chunks/a266a_next_dist_cfedd8c2._.js:3127
[  176659ms] [ERROR] ./guitarforge/src/components/LearningCenterPage.tsx:680:10
Ecmascript file had an error
  678 | }
  679 |
> 680 | function ChromaticTuner() {
      |          ^^^^^^^^^^^^^^
  681 |   const [listening, setListening] = useState(false);
  682 |   const [detected, setDetected] = useState<{ note: string; octave: number; cents: number; freq: number } | null>(null);
  683 |   const ctxRef = useRef<AudioContext | null>(null);

the name `ChromaticTuner` is defined multiple times

Import traces:
  Client Component Browser:
    ./guitarforge/src/components/LearningCenterPage.tsx [Client Component Browser]
    ./guitarforge/src/components/GuitarForgeApp.tsx [Client Component Browser]
    ./guitarforge/src/components/GuitarForgeApp.tsx [Server Component]
    ./guitarforge/src/app/page.tsx [Server Component]

  Client Component SSR:
    ./guitarforge/src/components/LearningCenterPage.tsx [Client Component SSR]
    ./guitarforge/src/components/GuitarForgeApp.tsx [Client Component SSR]
    ./guitarforge/src/components/GuitarForgeApp.tsx [Server Component]
    ./guitarforge/src/app/page.tsx [Server Component] @ http://localhost:3001/_next/static/chunks/a266a_next_dist_cfedd8c2._.js:3127
[  176736ms] [ERROR] ./guitarforge/src/components/LearningCenterPage.tsx:680:10
Ecmascript file had an error
  678 | }
  679 |
> 680 | function ChromaticTuner() {
      |          ^^^^^^^^^^^^^^
  681 |   const [listening, setListening] = useState(false);
  682 |   const [detected, setDetected] = useState<{ note: string; octave: number; cents: number; freq: number } | null>(null);
  683 |   const ctxRef = useRef<AudioContext | null>(null);

the name `ChromaticTuner` is defined multiple times

Import traces:
  Client Component Browser:
    ./guitarforge/src/components/LearningCenterPage.tsx [Client Component Browser]
    ./guitarforge/src/components/GuitarForgeApp.tsx [Client Component Browser]
    ./guitarforge/src/components/GuitarForgeApp.tsx [Server Component]
    ./guitarforge/src/app/page.tsx [Server Component]

  Client Component SSR:
    ./guitarforge/src/components/LearningCenterPage.tsx [Client Component SSR]
    ./guitarforge/src/components/GuitarForgeApp.tsx [Client Component SSR]
    ./guitarforge/src/components/GuitarForgeApp.tsx [Server Component]
    ./guitarforge/src/app/page.tsx [Server Component] @ http://localhost:3001/_next/static/chunks/a266a_next_dist_cfedd8c2._.js:3127
[  176812ms] [ERROR] ./guitarforge/src/components/LearningCenterPage.tsx:680:10
Ecmascript file had an error
  678 | }
  679 |
> 680 | function ChromaticTuner() {
      |          ^^^^^^^^^^^^^^
  681 |   const [listening, setListening] = useState(false);
  682 |   const [detected, setDetected] = useState<{ note: string; octave: number; cents: number; freq: number } | null>(null);
  683 |   const ctxRef = useRef<AudioContext | null>(null);

the name `ChromaticTuner` is defined multiple times

Import traces:
  Client Component Browser:
    ./guitarforge/src/components/LearningCenterPage.tsx [Client Component Browser]
    ./guitarforge/src/components/GuitarForgeApp.tsx [Client Component Browser]
    ./guitarforge/src/components/GuitarForgeApp.tsx [Server Component]
    ./guitarforge/src/app/page.tsx [Server Component]

  Client Component SSR:
    ./guitarforge/src/components/LearningCenterPage.tsx [Client Component SSR]
    ./guitarforge/src/components/GuitarForgeApp.tsx [Client Component SSR]
    ./guitarforge/src/components/GuitarForgeApp.tsx [Server Component]
    ./guitarforge/src/app/page.tsx [Server Component] @ http://localhost:3001/_next/static/chunks/a266a_next_dist_cfedd8c2._.js:3127
[  176891ms] [ERROR] ./guitarforge/src/components/LearningCenterPage.tsx:680:10
Ecmascript file had an error
  678 | }
  679 |
> 680 | function ChromaticTuner() {
      |          ^^^^^^^^^^^^^^
  681 |   const [listening, setListening] = useState(false);
  682 |   const [detected, setDetected] = useState<{ note: string; octave: number; cents: number; freq: number } | null>(null);
  683 |   const ctxRef = useRef<AudioContext | null>(null);

the name `ChromaticTuner` is defined multiple times

Import traces:
  Client Component Browser:
    ./guitarforge/src/components/LearningCenterPage.tsx [Client Component Browser]
    ./guitarforge/src/components/GuitarForgeApp.tsx [Client Component Browser]
    ./guitarforge/src/components/GuitarForgeApp.tsx [Server Component]
    ./guitarforge/src/app/page.tsx [Server Component]

  Client Component SSR:
    ./guitarforge/src/components/LearningCenterPage.tsx [Client Component SSR]
    ./guitarforge/src/components/GuitarForgeApp.tsx [Client Component SSR]
    ./guitarforge/src/components/GuitarForgeApp.tsx [Server Component]
    ./guitarforge/src/app/page.tsx [Server Component] @ http://localhost:3001/_next/static/chunks/a266a_next_dist_cfedd8c2._.js:3127
[  176969ms] [ERROR] ./guitarforge/src/components/LearningCenterPage.tsx:680:10
Ecmascript file had an error
  678 | }
  679 |
> 680 | function ChromaticTuner() {
      |          ^^^^^^^^^^^^^^
  681 |   const [listening, setListening] = useState(false);
  682 |   const [detected, setDetected] = useState<{ note: string; octave: number; cents: number; freq: number } | null>(null);
  683 |   const ctxRef = useRef<AudioContext | null>(null);

the name `ChromaticTuner` is defined multiple times

Import traces:
  Client Component Browser:
    ./guitarforge/src/components/LearningCenterPage.tsx [Client Component Browser]
    ./guitarforge/src/components/GuitarForgeApp.tsx [Client Component Browser]
    ./guitarforge/src/components/GuitarForgeApp.tsx [Server Component]
    ./guitarforge/src/app/page.tsx [Server Component]

  Client Component SSR:
    ./guitarforge/src/components/LearningCenterPage.tsx [Client Component SSR]
    ./guitarforge/src/components/GuitarForgeApp.tsx [Client Component SSR]
    ./guitarforge/src/components/GuitarForgeApp.tsx [Server Component]
    ./guitarforge/src/app/page.tsx [Server Component] @ http://localhost:3001/_next/static/chunks/a266a_next_dist_cfedd8c2._.js:3127
[  177047ms] [ERROR] ./guitarforge/src/components/LearningCenterPage.tsx:680:10
Ecmascript file had an error
  678 | }
  679 |
> 680 | function ChromaticTuner() {
      |          ^^^^^^^^^^^^^^
  681 |   const [listening, setListening] = useState(false);
  682 |   const [detected, setDetected] = useState<{ note: string; octave: number; cents: number; freq: number } | null>(null);
  683 |   const ctxRef = useRef<AudioContext | null>(null);

the name `ChromaticTuner` is defined multiple times

Import traces:
  Client Component Browser:
    ./guitarforge/src/components/LearningCenterPage.tsx [Client Component Browser]
    ./guitarforge/src/components/GuitarForgeApp.tsx [Client Component Browser]
    ./guitarforge/src/components/GuitarForgeApp.tsx [Server Component]
    ./guitarforge/src/app/page.tsx [Server Component]

  Client Component SSR:
    ./guitarforge/src/components/LearningCenterPage.tsx [Client Component SSR]
    ./guitarforge/src/components/GuitarForgeApp.tsx [Client Component SSR]
    ./guitarforge/src/components/GuitarForgeApp.tsx [Server Component]
    ./guitarforge/src/app/page.tsx [Server Component] @ http://localhost:3001/_next/static/chunks/a266a_next_dist_cfedd8c2._.js:3127
[  177123ms] [ERROR] ./guitarforge/src/components/LearningCenterPage.tsx:680:10
Ecmascript file had an error
  678 | }
  679 |
> 680 | function ChromaticTuner() {
      |          ^^^^^^^^^^^^^^
  681 |   const [listening, setListening] = useState(false);
  682 |   const [detected, setDetected] = useState<{ note: string; octave: number; cents: number; freq: number } | null>(null);
  683 |   const ctxRef = useRef<AudioContext | null>(null);

the name `ChromaticTuner` is defined multiple times

Import traces:
  Client Component Browser:
    ./guitarforge/src/components/LearningCenterPage.tsx [Client Component Browser]
    ./guitarforge/src/components/GuitarForgeApp.tsx [Client Component Browser]
    ./guitarforge/src/components/GuitarForgeApp.tsx [Server Component]
    ./guitarforge/src/app/page.tsx [Server Component]

  Client Component SSR:
    ./guitarforge/src/components/LearningCenterPage.tsx [Client Component SSR]
    ./guitarforge/src/components/GuitarForgeApp.tsx [Client Component SSR]
    ./guitarforge/src/components/GuitarForgeApp.tsx [Server Component]
    ./guitarforge/src/app/page.tsx [Server Component] @ http://localhost:3001/_next/static/chunks/a266a_next_dist_cfedd8c2._.js:3127
[  177187ms] [ERROR] ./guitarforge/src/components/LearningCenterPage.tsx:680:10
Ecmascript file had an error
  678 | }
  679 |
> 680 | function ChromaticTuner() {
      |          ^^^^^^^^^^^^^^
  681 |   const [listening, setListening] = useState(false);
  682 |   const [detected, setDetected] = useState<{ note: string; octave: number; cents: number; freq: number } | null>(null);
  683 |   const ctxRef = useRef<AudioContext | null>(null);

the name `ChromaticTuner` is defined multiple times

Import traces:
  Client Component Browser:
    ./guitarforge/src/components/LearningCenterPage.tsx [Client Component Browser]
    ./guitarforge/src/components/GuitarForgeApp.tsx [Client Component Browser]
    ./guitarforge/src/components/GuitarForgeApp.tsx [Server Component]
    ./guitarforge/src/app/page.tsx [Server Component]

  Client Component SSR:
    ./guitarforge/src/components/LearningCenterPage.tsx [Client Component SSR]
    ./guitarforge/src/components/GuitarForgeApp.tsx [Client Component SSR]
    ./guitarforge/src/components/GuitarForgeApp.tsx [Server Component]
    ./guitarforge/src/app/page.tsx [Server Component] @ http://localhost:3001/_next/static/chunks/a266a_next_dist_cfedd8c2._.js:3127
[  177262ms] [ERROR] ./guitarforge/src/components/LearningCenterPage.tsx:680:10
Ecmascript file had an error
  678 | }
  679 |
> 680 | function ChromaticTuner() {
      |          ^^^^^^^^^^^^^^
  681 |   const [listening, setListening] = useState(false);
  682 |   const [detected, setDetected] = useState<{ note: string; octave: number; cents: number; freq: number } | null>(null);
  683 |   const ctxRef = useRef<AudioContext | null>(null);

the name `ChromaticTuner` is defined multiple times

Import traces:
  Client Component Browser:
    ./guitarforge/src/components/LearningCenterPage.tsx [Client Component Browser]
    ./guitarforge/src/components/GuitarForgeApp.tsx [Client Component Browser]
    ./guitarforge/src/components/GuitarForgeApp.tsx [Server Component]
    ./guitarforge/src/app/page.tsx [Server Component]

  Client Component SSR:
    ./guitarforge/src/components/LearningCenterPage.tsx [Client Component SSR]
    ./guitarforge/src/components/GuitarForgeApp.tsx [Client Component SSR]
    ./guitarforge/src/components/GuitarForgeApp.tsx [Server Component]
    ./guitarforge/src/app/page.tsx [Server Component] @ http://localhost:3001/_next/static/chunks/a266a_next_dist_cfedd8c2._.js:3127
[  177342ms] [ERROR] ./guitarforge/src/components/LearningCenterPage.tsx:680:10
Ecmascript file had an error
  678 | }
  679 |
> 680 | function ChromaticTuner() {
      |          ^^^^^^^^^^^^^^
  681 |   const [listening, setListening] = useState(false);
  682 |   const [detected, setDetected] = useState<{ note: string; octave: number; cents: number; freq: number } | null>(null);
  683 |   const ctxRef = useRef<AudioContext | null>(null);

the name `ChromaticTuner` is defined multiple times

Import traces:
  Client Component Browser:
    ./guitarforge/src/components/LearningCenterPage.tsx [Client Component Browser]
    ./guitarforge/src/components/GuitarForgeApp.tsx [Client Component Browser]
    ./guitarforge/src/components/GuitarForgeApp.tsx [Server Component]
    ./guitarforge/src/app/page.tsx [Server Component]

  Client Component SSR:
    ./guitarforge/src/components/LearningCenterPage.tsx [Client Component SSR]
    ./guitarforge/src/components/GuitarForgeApp.tsx [Client Component SSR]
    ./guitarforge/src/components/GuitarForgeApp.tsx [Server Component]
    ./guitarforge/src/app/page.tsx [Server Component] @ http://localhost:3001/_next/static/chunks/a266a_next_dist_cfedd8c2._.js:3127
[  177420ms] [ERROR] ./guitarforge/src/components/LearningCenterPage.tsx:680:10
Ecmascript file had an error
  678 | }
  679 |
> 680 | function ChromaticTuner() {
      |          ^^^^^^^^^^^^^^
  681 |   const [listening, setListening] = useState(false);
  682 |   const [detected, setDetected] = useState<{ note: string; octave: number; cents: number; freq: number } | null>(null);
  683 |   const ctxRef = useRef<AudioContext | null>(null);

the name `ChromaticTuner` is defined multiple times

Import traces:
  Client Component Browser:
    ./guitarforge/src/components/LearningCenterPage.tsx [Client Component Browser]
    ./guitarforge/src/components/GuitarForgeApp.tsx [Client Component Browser]
    ./guitarforge/src/components/GuitarForgeApp.tsx [Server Component]
    ./guitarforge/src/app/page.tsx [Server Component]

  Client Component SSR:
    ./guitarforge/src/components/LearningCenterPage.tsx [Client Component SSR]
    ./guitarforge/src/components/GuitarForgeApp.tsx [Client Component SSR]
    ./guitarforge/src/components/GuitarForgeApp.tsx [Server Component]
    ./guitarforge/src/app/page.tsx [Server Component] @ http://localhost:3001/_next/static/chunks/a266a_next_dist_cfedd8c2._.js:3127
[  177496ms] [ERROR] ./guitarforge/src/components/LearningCenterPage.tsx:680:10
Ecmascript file had an error
  678 | }
  679 |
> 680 | function ChromaticTuner() {
      |          ^^^^^^^^^^^^^^
  681 |   const [listening, setListening] = useState(false);
  682 |   const [detected, setDetected] = useState<{ note: string; octave: number; cents: number; freq: number } | null>(null);
  683 |   const ctxRef = useRef<AudioContext | null>(null);

the name `ChromaticTuner` is defined multiple times

Import traces:
  Client Component Browser:
    ./guitarforge/src/components/LearningCenterPage.tsx [Client Component Browser]
    ./guitarforge/src/components/GuitarForgeApp.tsx [Client Component Browser]
    ./guitarforge/src/components/GuitarForgeApp.tsx [Server Component]
    ./guitarforge/src/app/page.tsx [Server Component]

  Client Component SSR:
    ./guitarforge/src/components/LearningCenterPage.tsx [Client Component SSR]
    ./guitarforge/src/components/GuitarForgeApp.tsx [Client Component SSR]
    ./guitarforge/src/components/GuitarForgeApp.tsx [Server Component]
    ./guitarforge/src/app/page.tsx [Server Component] @ http://localhost:3001/_next/static/chunks/a266a_next_dist_cfedd8c2._.js:3127
[  177573ms] [ERROR] ./guitarforge/src/components/LearningCenterPage.tsx:680:10
Ecmascript file had an error
  678 | }
  679 |
> 680 | function ChromaticTuner() {
      |          ^^^^^^^^^^^^^^
  681 |   const [listening, setListening] = useState(false);
  682 |   const [detected, setDetected] = useState<{ note: string; octave: number; cents: number; freq: number } | null>(null);
  683 |   const ctxRef = useRef<AudioContext | null>(null);

the name `ChromaticTuner` is defined multiple times

Import traces:
  Client Component Browser:
    ./guitarforge/src/components/LearningCenterPage.tsx [Client Component Browser]
    ./guitarforge/src/components/GuitarForgeApp.tsx [Client Component Browser]
    ./guitarforge/src/components/GuitarForgeApp.tsx [Server Component]
    ./guitarforge/src/app/page.tsx [Server Component]

  Client Component SSR:
    ./guitarforge/src/components/LearningCenterPage.tsx [Client Component SSR]
    ./guitarforge/src/components/GuitarForgeApp.tsx [Client Component SSR]
    ./guitarforge/src/components/GuitarForgeApp.tsx [Server Component]
    ./guitarforge/src/app/page.tsx [Server Component] @ http://localhost:3001/_next/static/chunks/a266a_next_dist_cfedd8c2._.js:3127
[  177653ms] [ERROR] ./guitarforge/src/components/LearningCenterPage.tsx:680:10
Ecmascript file had an error
  678 | }
  679 |
> 680 | function ChromaticTuner() {
      |          ^^^^^^^^^^^^^^
  681 |   const [listening, setListening] = useState(false);
  682 |   const [detected, setDetected] = useState<{ note: string; octave: number; cents: number; freq: number } | null>(null);
  683 |   const ctxRef = useRef<AudioContext | null>(null);

the name `ChromaticTuner` is defined multiple times

Import traces:
  Client Component Browser:
    ./guitarforge/src/components/LearningCenterPage.tsx [Client Component Browser]
    ./guitarforge/src/components/GuitarForgeApp.tsx [Client Component Browser]
    ./guitarforge/src/components/GuitarForgeApp.tsx [Server Component]
    ./guitarforge/src/app/page.tsx [Server Component]

  Client Component SSR:
    ./guitarforge/src/components/LearningCenterPage.tsx [Client Component SSR]
    ./guitarforge/src/components/GuitarForgeApp.tsx [Client Component SSR]
    ./guitarforge/src/components/GuitarForgeApp.tsx [Server Component]
    ./guitarforge/src/app/page.tsx [Server Component] @ http://localhost:3001/_next/static/chunks/a266a_next_dist_cfedd8c2._.js:3127
[  177730ms] [ERROR] ./guitarforge/src/components/LearningCenterPage.tsx:680:10
Ecmascript file had an error
  678 | }
  679 |
> 680 | function ChromaticTuner() {
      |          ^^^^^^^^^^^^^^
  681 |   const [listening, setListening] = useState(false);
  682 |   const [detected, setDetected] = useState<{ note: string; octave: number; cents: number; freq: number } | null>(null);
  683 |   const ctxRef = useRef<AudioContext | null>(null);

the name `ChromaticTuner` is defined multiple times

Import traces:
  Client Component Browser:
    ./guitarforge/src/components/LearningCenterPage.tsx [Client Component Browser]
    ./guitarforge/src/components/GuitarForgeApp.tsx [Client Component Browser]
    ./guitarforge/src/components/GuitarForgeApp.tsx [Server Component]
    ./guitarforge/src/app/page.tsx [Server Component]

  Client Component SSR:
    ./guitarforge/src/components/LearningCenterPage.tsx [Client Component SSR]
    ./guitarforge/src/components/GuitarForgeApp.tsx [Client Component SSR]
    ./guitarforge/src/components/GuitarForgeApp.tsx [Server Component]
    ./guitarforge/src/app/page.tsx [Server Component] @ http://localhost:3001/_next/static/chunks/a266a_next_dist_cfedd8c2._.js:3127
[  177825ms] [ERROR] ./guitarforge/src/components/LearningCenterPage.tsx:680:10
Ecmascript file had an error
  678 | }
  679 |
> 680 | function ChromaticTuner() {
      |          ^^^^^^^^^^^^^^
  681 |   const [listening, setListening] = useState(false);
  682 |   const [detected, setDetected] = useState<{ note: string; octave: number; cents: number; freq: number } | null>(null);
  683 |   const ctxRef = useRef<AudioContext | null>(null);

the name `ChromaticTuner` is defined multiple times

Import traces:
  Client Component Browser:
    ./guitarforge/src/components/LearningCenterPage.tsx [Client Component Browser]
    ./guitarforge/src/components/GuitarForgeApp.tsx [Client Component Browser]
    ./guitarforge/src/components/GuitarForgeApp.tsx [Server Component]
    ./guitarforge/src/app/page.tsx [Server Component]

  Client Component SSR:
    ./guitarforge/src/components/LearningCenterPage.tsx [Client Component SSR]
    ./guitarforge/src/components/GuitarForgeApp.tsx [Client Component SSR]
    ./guitarforge/src/components/GuitarForgeApp.tsx [Server Component]
    ./guitarforge/src/app/page.tsx [Server Component] @ http://localhost:3001/_next/static/chunks/a266a_next_dist_cfedd8c2._.js:3127
[  177900ms] [ERROR] ./guitarforge/src/components/LearningCenterPage.tsx:680:10
Ecmascript file had an error
  678 | }
  679 |
> 680 | function ChromaticTuner() {
      |          ^^^^^^^^^^^^^^
  681 |   const [listening, setListening] = useState(false);
  682 |   const [detected, setDetected] = useState<{ note: string; octave: number; cents: number; freq: number } | null>(null);
  683 |   const ctxRef = useRef<AudioContext | null>(null);

the name `ChromaticTuner` is defined multiple times

Import traces:
  Client Component Browser:
    ./guitarforge/src/components/LearningCenterPage.tsx [Client Component Browser]
    ./guitarforge/src/components/GuitarForgeApp.tsx [Client Component Browser]
    ./guitarforge/src/components/GuitarForgeApp.tsx [Server Component]
    ./guitarforge/src/app/page.tsx [Server Component]

  Client Component SSR:
    ./guitarforge/src/components/LearningCenterPage.tsx [Client Component SSR]
    ./guitarforge/src/components/GuitarForgeApp.tsx [Client Component SSR]
    ./guitarforge/src/components/GuitarForgeApp.tsx [Server Component]
    ./guitarforge/src/app/page.tsx [Server Component] @ http://localhost:3001/_next/static/chunks/a266a_next_dist_cfedd8c2._.js:3127
[  177977ms] [ERROR] ./guitarforge/src/components/LearningCenterPage.tsx:680:10
Ecmascript file had an error
  678 | }
  679 |
> 680 | function ChromaticTuner() {
      |          ^^^^^^^^^^^^^^
  681 |   const [listening, setListening] = useState(false);
  682 |   const [detected, setDetected] = useState<{ note: string; octave: number; cents: number; freq: number } | null>(null);
  683 |   const ctxRef = useRef<AudioContext | null>(null);

the name `ChromaticTuner` is defined multiple times

Import traces:
  Client Component Browser:
    ./guitarforge/src/components/LearningCenterPage.tsx [Client Component Browser]
    ./guitarforge/src/components/GuitarForgeApp.tsx [Client Component Browser]
    ./guitarforge/src/components/GuitarForgeApp.tsx [Server Component]
    ./guitarforge/src/app/page.tsx [Server Component]

  Client Component SSR:
    ./guitarforge/src/components/LearningCenterPage.tsx [Client Component SSR]
    ./guitarforge/src/components/GuitarForgeApp.tsx [Client Component SSR]
    ./guitarforge/src/components/GuitarForgeApp.tsx [Server Component]
    ./guitarforge/src/app/page.tsx [Server Component] @ http://localhost:3001/_next/static/chunks/a266a_next_dist_cfedd8c2._.js:3127
[  178056ms] [ERROR] ./guitarforge/src/components/LearningCenterPage.tsx:680:10
Ecmascript file had an error
  678 | }
  679 |
> 680 | function ChromaticTuner() {
      |          ^^^^^^^^^^^^^^
  681 |   const [listening, setListening] = useState(false);
  682 |   const [detected, setDetected] = useState<{ note: string; octave: number; cents: number; freq: number } | null>(null);
  683 |   const ctxRef = useRef<AudioContext | null>(null);

the name `ChromaticTuner` is defined multiple times

Import traces:
  Client Component Browser:
    ./guitarforge/src/components/LearningCenterPage.tsx [Client Component Browser]
    ./guitarforge/src/components/GuitarForgeApp.tsx [Client Component Browser]
    ./guitarforge/src/components/GuitarForgeApp.tsx [Server Component]
    ./guitarforge/src/app/page.tsx [Server Component]

  Client Component SSR:
    ./guitarforge/src/components/LearningCenterPage.tsx [Client Component SSR]
    ./guitarforge/src/components/GuitarForgeApp.tsx [Client Component SSR]
    ./guitarforge/src/components/GuitarForgeApp.tsx [Server Component]
    ./guitarforge/src/app/page.tsx [Server Component] @ http://localhost:3001/_next/static/chunks/a266a_next_dist_cfedd8c2._.js:3127
[  178135ms] [ERROR] ./guitarforge/src/components/LearningCenterPage.tsx:680:10
Ecmascript file had an error
  678 | }
  679 |
> 680 | function ChromaticTuner() {
      |          ^^^^^^^^^^^^^^
  681 |   const [listening, setListening] = useState(false);
  682 |   const [detected, setDetected] = useState<{ note: string; octave: number; cents: number; freq: number } | null>(null);
  683 |   const ctxRef = useRef<AudioContext | null>(null);

the name `ChromaticTuner` is defined multiple times

Import traces:
  Client Component Browser:
    ./guitarforge/src/components/LearningCenterPage.tsx [Client Component Browser]
    ./guitarforge/src/components/GuitarForgeApp.tsx [Client Component Browser]
    ./guitarforge/src/components/GuitarForgeApp.tsx [Server Component]
    ./guitarforge/src/app/page.tsx [Server Component]

  Client Component SSR:
    ./guitarforge/src/components/LearningCenterPage.tsx [Client Component SSR]
    ./guitarforge/src/components/GuitarForgeApp.tsx [Client Component SSR]
    ./guitarforge/src/components/GuitarForgeApp.tsx [Server Component]
    ./guitarforge/src/app/page.tsx [Server Component] @ http://localhost:3001/_next/static/chunks/a266a_next_dist_cfedd8c2._.js:3127
[  178212ms] [ERROR] ./guitarforge/src/components/LearningCenterPage.tsx:680:10
Ecmascript file had an error
  678 | }
  679 |
> 680 | function ChromaticTuner() {
      |          ^^^^^^^^^^^^^^
  681 |   const [listening, setListening] = useState(false);
  682 |   const [detected, setDetected] = useState<{ note: string; octave: number; cents: number; freq: number } | null>(null);
  683 |   const ctxRef = useRef<AudioContext | null>(null);

the name `ChromaticTuner` is defined multiple times

Import traces:
  Client Component Browser:
    ./guitarforge/src/components/LearningCenterPage.tsx [Client Component Browser]
    ./guitarforge/src/components/GuitarForgeApp.tsx [Client Component Browser]
    ./guitarforge/src/components/GuitarForgeApp.tsx [Server Component]
    ./guitarforge/src/app/page.tsx [Server Component]

  Client Component SSR:
    ./guitarforge/src/components/LearningCenterPage.tsx [Client Component SSR]
    ./guitarforge/src/components/GuitarForgeApp.tsx [Client Component SSR]
    ./guitarforge/src/components/GuitarForgeApp.tsx [Server Component]
    ./guitarforge/src/app/page.tsx [Server Component] @ http://localhost:3001/_next/static/chunks/a266a_next_dist_cfedd8c2._.js:3127
[  178288ms] [ERROR] ./guitarforge/src/components/LearningCenterPage.tsx:680:10
Ecmascript file had an error
  678 | }
  679 |
> 680 | function ChromaticTuner() {
      |          ^^^^^^^^^^^^^^
  681 |   const [listening, setListening] = useState(false);
  682 |   const [detected, setDetected] = useState<{ note: string; octave: number; cents: number; freq: number } | null>(null);
  683 |   const ctxRef = useRef<AudioContext | null>(null);

the name `ChromaticTuner` is defined multiple times

Import traces:
  Client Component Browser:
    ./guitarforge/src/components/LearningCenterPage.tsx [Client Component Browser]
    ./guitarforge/src/components/GuitarForgeApp.tsx [Client Component Browser]
    ./guitarforge/src/components/GuitarForgeApp.tsx [Server Component]
    ./guitarforge/src/app/page.tsx [Server Component]

  Client Component SSR:
    ./guitarforge/src/components/LearningCenterPage.tsx [Client Component SSR]
    ./guitarforge/src/components/GuitarForgeApp.tsx [Client Component SSR]
    ./guitarforge/src/components/GuitarForgeApp.tsx [Server Component]
    ./guitarforge/src/app/page.tsx [Server Component] @ http://localhost:3001/_next/static/chunks/a266a_next_dist_cfedd8c2._.js:3127
[  178351ms] [ERROR] ./guitarforge/src/components/LearningCenterPage.tsx:680:10
Ecmascript file had an error
  678 | }
  679 |
> 680 | function ChromaticTuner() {
      |          ^^^^^^^^^^^^^^
  681 |   const [listening, setListening] = useState(false);
  682 |   const [detected, setDetected] = useState<{ note: string; octave: number; cents: number; freq: number } | null>(null);
  683 |   const ctxRef = useRef<AudioContext | null>(null);

the name `ChromaticTuner` is defined multiple times

Import traces:
  Client Component Browser:
    ./guitarforge/src/components/LearningCenterPage.tsx [Client Component Browser]
    ./guitarforge/src/components/GuitarForgeApp.tsx [Client Component Browser]
    ./guitarforge/src/components/GuitarForgeApp.tsx [Server Component]
    ./guitarforge/src/app/page.tsx [Server Component]

  Client Component SSR:
    ./guitarforge/src/components/LearningCenterPage.tsx [Client Component SSR]
    ./guitarforge/src/components/GuitarForgeApp.tsx [Client Component SSR]
    ./guitarforge/src/components/GuitarForgeApp.tsx [Server Component]
    ./guitarforge/src/app/page.tsx [Server Component] @ http://localhost:3001/_next/static/chunks/a266a_next_dist_cfedd8c2._.js:3127
[  178430ms] [ERROR] ./guitarforge/src/components/LearningCenterPage.tsx:680:10
Ecmascript file had an error
  678 | }
  679 |
> 680 | function ChromaticTuner() {
      |          ^^^^^^^^^^^^^^
  681 |   const [listening, setListening] = useState(false);
  682 |   const [detected, setDetected] = useState<{ note: string; octave: number; cents: number; freq: number } | null>(null);
  683 |   const ctxRef = useRef<AudioContext | null>(null);

the name `ChromaticTuner` is defined multiple times

Import traces:
  Client Component Browser:
    ./guitarforge/src/components/LearningCenterPage.tsx [Client Component Browser]
    ./guitarforge/src/components/GuitarForgeApp.tsx [Client Component Browser]
    ./guitarforge/src/components/GuitarForgeApp.tsx [Server Component]
    ./guitarforge/src/app/page.tsx [Server Component]

  Client Component SSR:
    ./guitarforge/src/components/LearningCenterPage.tsx [Client Component SSR]
    ./guitarforge/src/components/GuitarForgeApp.tsx [Client Component SSR]
    ./guitarforge/src/components/GuitarForgeApp.tsx [Server Component]
    ./guitarforge/src/app/page.tsx [Server Component] @ http://localhost:3001/_next/static/chunks/a266a_next_dist_cfedd8c2._.js:3127
[  178508ms] [ERROR] ./guitarforge/src/components/LearningCenterPage.tsx:680:10
Ecmascript file had an error
  678 | }
  679 |
> 680 | function ChromaticTuner() {
      |          ^^^^^^^^^^^^^^
  681 |   const [listening, setListening] = useState(false);
  682 |   const [detected, setDetected] = useState<{ note: string; octave: number; cents: number; freq: number } | null>(null);
  683 |   const ctxRef = useRef<AudioContext | null>(null);

the name `ChromaticTuner` is defined multiple times

Import traces:
  Client Component Browser:
    ./guitarforge/src/components/LearningCenterPage.tsx [Client Component Browser]
    ./guitarforge/src/components/GuitarForgeApp.tsx [Client Component Browser]
    ./guitarforge/src/components/GuitarForgeApp.tsx [Server Component]
    ./guitarforge/src/app/page.tsx [Server Component]

  Client Component SSR:
    ./guitarforge/src/components/LearningCenterPage.tsx [Client Component SSR]
    ./guitarforge/src/components/GuitarForgeApp.tsx [Client Component SSR]
    ./guitarforge/src/components/GuitarForgeApp.tsx [Server Component]
    ./guitarforge/src/app/page.tsx [Server Component] @ http://localhost:3001/_next/static/chunks/a266a_next_dist_cfedd8c2._.js:3127
[  178590ms] [ERROR] ./guitarforge/src/components/LearningCenterPage.tsx:680:10
Ecmascript file had an error
  678 | }
  679 |
> 680 | function ChromaticTuner() {
      |          ^^^^^^^^^^^^^^
  681 |   const [listening, setListening] = useState(false);
  682 |   const [detected, setDetected] = useState<{ note: string; octave: number; cents: number; freq: number } | null>(null);
  683 |   const ctxRef = useRef<AudioContext | null>(null);

the name `ChromaticTuner` is defined multiple times

Import traces:
  Client Component Browser:
    ./guitarforge/src/components/LearningCenterPage.tsx [Client Component Browser]
    ./guitarforge/src/components/GuitarForgeApp.tsx [Client Component Browser]
    ./guitarforge/src/components/GuitarForgeApp.tsx [Server Component]
    ./guitarforge/src/app/page.tsx [Server Component]

  Client Component SSR:
    ./guitarforge/src/components/LearningCenterPage.tsx [Client Component SSR]
    ./guitarforge/src/components/GuitarForgeApp.tsx [Client Component SSR]
    ./guitarforge/src/components/GuitarForgeApp.tsx [Server Component]
    ./guitarforge/src/app/page.tsx [Server Component] @ http://localhost:3001/_next/static/chunks/a266a_next_dist_cfedd8c2._.js:3127
[  178663ms] [ERROR] ./guitarforge/src/components/LearningCenterPage.tsx:680:10
Ecmascript file had an error
  678 | }
  679 |
> 680 | function ChromaticTuner() {
      |          ^^^^^^^^^^^^^^
  681 |   const [listening, setListening] = useState(false);
  682 |   const [detected, setDetected] = useState<{ note: string; octave: number; cents: number; freq: number } | null>(null);
  683 |   const ctxRef = useRef<AudioContext | null>(null);

the name `ChromaticTuner` is defined multiple times

Import traces:
  Client Component Browser:
    ./guitarforge/src/components/LearningCenterPage.tsx [Client Component Browser]
    ./guitarforge/src/components/GuitarForgeApp.tsx [Client Component Browser]
    ./guitarforge/src/components/GuitarForgeApp.tsx [Server Component]
    ./guitarforge/src/app/page.tsx [Server Component]

  Client Component SSR:
    ./guitarforge/src/components/LearningCenterPage.tsx [Client Component SSR]
    ./guitarforge/src/components/GuitarForgeApp.tsx [Client Component SSR]
    ./guitarforge/src/components/GuitarForgeApp.tsx [Server Component]
    ./guitarforge/src/app/page.tsx [Server Component] @ http://localhost:3001/_next/static/chunks/a266a_next_dist_cfedd8c2._.js:3127
[  178740ms] [ERROR] ./guitarforge/src/components/LearningCenterPage.tsx:680:10
Ecmascript file had an error
  678 | }
  679 |
> 680 | function ChromaticTuner() {
      |          ^^^^^^^^^^^^^^
  681 |   const [listening, setListening] = useState(false);
  682 |   const [detected, setDetected] = useState<{ note: string; octave: number; cents: number; freq: number } | null>(null);
  683 |   const ctxRef = useRef<AudioContext | null>(null);

the name `ChromaticTuner` is defined multiple times

Import traces:
  Client Component Browser:
    ./guitarforge/src/components/LearningCenterPage.tsx [Client Component Browser]
    ./guitarforge/src/components/GuitarForgeApp.tsx [Client Component Browser]
    ./guitarforge/src/components/GuitarForgeApp.tsx [Server Component]
    ./guitarforge/src/app/page.tsx [Server Component]

  Client Component SSR:
    ./guitarforge/src/components/LearningCenterPage.tsx [Client Component SSR]
    ./guitarforge/src/components/GuitarForgeApp.tsx [Client Component SSR]
    ./guitarforge/src/components/GuitarForgeApp.tsx [Server Component]
    ./guitarforge/src/app/page.tsx [Server Component] @ http://localhost:3001/_next/static/chunks/a266a_next_dist_cfedd8c2._.js:3127
[  178819ms] [ERROR] ./guitarforge/src/components/LearningCenterPage.tsx:680:10
Ecmascript file had an error
  678 | }
  679 |
> 680 | function ChromaticTuner() {
      |          ^^^^^^^^^^^^^^
  681 |   const [listening, setListening] = useState(false);
  682 |   const [detected, setDetected] = useState<{ note: string; octave: number; cents: number; freq: number } | null>(null);
  683 |   const ctxRef = useRef<AudioContext | null>(null);

the name `ChromaticTuner` is defined multiple times

Import traces:
  Client Component Browser:
    ./guitarforge/src/components/LearningCenterPage.tsx [Client Component Browser]
    ./guitarforge/src/components/GuitarForgeApp.tsx [Client Component Browser]
    ./guitarforge/src/components/GuitarForgeApp.tsx [Server Component]
    ./guitarforge/src/app/page.tsx [Server Component]

  Client Component SSR:
    ./guitarforge/src/components/LearningCenterPage.tsx [Client Component SSR]
    ./guitarforge/src/components/GuitarForgeApp.tsx [Client Component SSR]
    ./guitarforge/src/components/GuitarForgeApp.tsx [Server Component]
    ./guitarforge/src/app/page.tsx [Server Component] @ http://localhost:3001/_next/static/chunks/a266a_next_dist_cfedd8c2._.js:3127
[  178897ms] [ERROR] ./guitarforge/src/components/LearningCenterPage.tsx:680:10
Ecmascript file had an error
  678 | }
  679 |
> 680 | function ChromaticTuner() {
      |          ^^^^^^^^^^^^^^
  681 |   const [listening, setListening] = useState(false);
  682 |   const [detected, setDetected] = useState<{ note: string; octave: number; cents: number; freq: number } | null>(null);
  683 |   const ctxRef = useRef<AudioContext | null>(null);

the name `ChromaticTuner` is defined multiple times

Import traces:
  Client Component Browser:
    ./guitarforge/src/components/LearningCenterPage.tsx [Client Component Browser]
    ./guitarforge/src/components/GuitarForgeApp.tsx [Client Component Browser]
    ./guitarforge/src/components/GuitarForgeApp.tsx [Server Component]
    ./guitarforge/src/app/page.tsx [Server Component]

  Client Component SSR:
    ./guitarforge/src/components/LearningCenterPage.tsx [Client Component SSR]
    ./guitarforge/src/components/GuitarForgeApp.tsx [Client Component SSR]
    ./guitarforge/src/components/GuitarForgeApp.tsx [Server Component]
    ./guitarforge/src/app/page.tsx [Server Component] @ http://localhost:3001/_next/static/chunks/a266a_next_dist_cfedd8c2._.js:3127
[  178976ms] [ERROR] ./guitarforge/src/components/LearningCenterPage.tsx:680:10
Ecmascript file had an error
  678 | }
  679 |
> 680 | function ChromaticTuner() {
      |          ^^^^^^^^^^^^^^
  681 |   const [listening, setListening] = useState(false);
  682 |   const [detected, setDetected] = useState<{ note: string; octave: number; cents: number; freq: number } | null>(null);
  683 |   const ctxRef = useRef<AudioContext | null>(null);

the name `ChromaticTuner` is defined multiple times

Import traces:
  Client Component Browser:
    ./guitarforge/src/components/LearningCenterPage.tsx [Client Component Browser]
    ./guitarforge/src/components/GuitarForgeApp.tsx [Client Component Browser]
    ./guitarforge/src/components/GuitarForgeApp.tsx [Server Component]
    ./guitarforge/src/app/page.tsx [Server Component]

  Client Component SSR:
    ./guitarforge/src/components/LearningCenterPage.tsx [Client Component SSR]
    ./guitarforge/src/components/GuitarForgeApp.tsx [Client Component SSR]
    ./guitarforge/src/components/GuitarForgeApp.tsx [Server Component]
    ./guitarforge/src/app/page.tsx [Server Component] @ http://localhost:3001/_next/static/chunks/a266a_next_dist_cfedd8c2._.js:3127
[  179052ms] [ERROR] ./guitarforge/src/components/LearningCenterPage.tsx:680:10
Ecmascript file had an error
  678 | }
  679 |
> 680 | function ChromaticTuner() {
      |          ^^^^^^^^^^^^^^
  681 |   const [listening, setListening] = useState(false);
  682 |   const [detected, setDetected] = useState<{ note: string; octave: number; cents: number; freq: number } | null>(null);
  683 |   const ctxRef = useRef<AudioContext | null>(null);

the name `ChromaticTuner` is defined multiple times

Import traces:
  Client Component Browser:
    ./guitarforge/src/components/LearningCenterPage.tsx [Client Component Browser]
    ./guitarforge/src/components/GuitarForgeApp.tsx [Client Component Browser]
    ./guitarforge/src/components/GuitarForgeApp.tsx [Server Component]
    ./guitarforge/src/app/page.tsx [Server Component]

  Client Component SSR:
    ./guitarforge/src/components/LearningCenterPage.tsx [Client Component SSR]
    ./guitarforge/src/components/GuitarForgeApp.tsx [Client Component SSR]
    ./guitarforge/src/components/GuitarForgeApp.tsx [Server Component]
    ./guitarforge/src/app/page.tsx [Server Component] @ http://localhost:3001/_next/static/chunks/a266a_next_dist_cfedd8c2._.js:3127
[  179131ms] [ERROR] ./guitarforge/src/components/LearningCenterPage.tsx:680:10
Ecmascript file had an error
  678 | }
  679 |
> 680 | function ChromaticTuner() {
      |          ^^^^^^^^^^^^^^
  681 |   const [listening, setListening] = useState(false);
  682 |   const [detected, setDetected] = useState<{ note: string; octave: number; cents: number; freq: number } | null>(null);
  683 |   const ctxRef = useRef<AudioContext | null>(null);

the name `ChromaticTuner` is defined multiple times

Import traces:
  Client Component Browser:
    ./guitarforge/src/components/LearningCenterPage.tsx [Client Component Browser]
    ./guitarforge/src/components/GuitarForgeApp.tsx [Client Component Browser]
    ./guitarforge/src/components/GuitarForgeApp.tsx [Server Component]
    ./guitarforge/src/app/page.tsx [Server Component]

  Client Component SSR:
    ./guitarforge/src/components/LearningCenterPage.tsx [Client Component SSR]
    ./guitarforge/src/components/GuitarForgeApp.tsx [Client Component SSR]
    ./guitarforge/src/components/GuitarForgeApp.tsx [Server Component]
    ./guitarforge/src/app/page.tsx [Server Component] @ http://localhost:3001/_next/static/chunks/a266a_next_dist_cfedd8c2._.js:3127
[  179209ms] [ERROR] ./guitarforge/src/components/LearningCenterPage.tsx:680:10
Ecmascript file had an error
  678 | }
  679 |
> 680 | function ChromaticTuner() {
      |          ^^^^^^^^^^^^^^
  681 |   const [listening, setListening] = useState(false);
  682 |   const [detected, setDetected] = useState<{ note: string; octave: number; cents: number; freq: number } | null>(null);
  683 |   const ctxRef = useRef<AudioContext | null>(null);

the name `ChromaticTuner` is defined multiple times

Import traces:
  Client Component Browser:
    ./guitarforge/src/components/LearningCenterPage.tsx [Client Component Browser]
    ./guitarforge/src/components/GuitarForgeApp.tsx [Client Component Browser]
    ./guitarforge/src/components/GuitarForgeApp.tsx [Server Component]
    ./guitarforge/src/app/page.tsx [Server Component]

  Client Component SSR:
    ./guitarforge/src/components/LearningCenterPage.tsx [Client Component SSR]
    ./guitarforge/src/components/GuitarForgeApp.tsx [Client Component SSR]
    ./guitarforge/src/components/GuitarForgeApp.tsx [Server Component]
    ./guitarforge/src/app/page.tsx [Server Component] @ http://localhost:3001/_next/static/chunks/a266a_next_dist_cfedd8c2._.js:3127
[  179287ms] [ERROR] ./guitarforge/src/components/LearningCenterPage.tsx:680:10
Ecmascript file had an error
  678 | }
  679 |
> 680 | function ChromaticTuner() {
      |          ^^^^^^^^^^^^^^
  681 |   const [listening, setListening] = useState(false);
  682 |   const [detected, setDetected] = useState<{ note: string; octave: number; cents: number; freq: number } | null>(null);
  683 |   const ctxRef = useRef<AudioContext | null>(null);

the name `ChromaticTuner` is defined multiple times

Import traces:
  Client Component Browser:
    ./guitarforge/src/components/LearningCenterPage.tsx [Client Component Browser]
    ./guitarforge/src/components/GuitarForgeApp.tsx [Client Component Browser]
    ./guitarforge/src/components/GuitarForgeApp.tsx [Server Component]
    ./guitarforge/src/app/page.tsx [Server Component]

  Client Component SSR:
    ./guitarforge/src/components/LearningCenterPage.tsx [Client Component SSR]
    ./guitarforge/src/components/GuitarForgeApp.tsx [Client Component SSR]
    ./guitarforge/src/components/GuitarForgeApp.tsx [Server Component]
    ./guitarforge/src/app/page.tsx [Server Component] @ http://localhost:3001/_next/static/chunks/a266a_next_dist_cfedd8c2._.js:3127
[  179367ms] [ERROR] ./guitarforge/src/components/LearningCenterPage.tsx:680:10
Ecmascript file had an error
  678 | }
  679 |
> 680 | function ChromaticTuner() {
      |          ^^^^^^^^^^^^^^
  681 |   const [listening, setListening] = useState(false);
  682 |   const [detected, setDetected] = useState<{ note: string; octave: number; cents: number; freq: number } | null>(null);
  683 |   const ctxRef = useRef<AudioContext | null>(null);

the name `ChromaticTuner` is defined multiple times

Import traces:
  Client Component Browser:
    ./guitarforge/src/components/LearningCenterPage.tsx [Client Component Browser]
    ./guitarforge/src/components/GuitarForgeApp.tsx [Client Component Browser]
    ./guitarforge/src/components/GuitarForgeApp.tsx [Server Component]
    ./guitarforge/src/app/page.tsx [Server Component]

  Client Component SSR:
    ./guitarforge/src/components/LearningCenterPage.tsx [Client Component SSR]
    ./guitarforge/src/components/GuitarForgeApp.tsx [Client Component SSR]
    ./guitarforge/src/components/GuitarForgeApp.tsx [Server Component]
    ./guitarforge/src/app/page.tsx [Server Component] @ http://localhost:3001/_next/static/chunks/a266a_next_dist_cfedd8c2._.js:3127
[  179443ms] [ERROR] ./guitarforge/src/components/LearningCenterPage.tsx:680:10
Ecmascript file had an error
  678 | }
  679 |
> 680 | function ChromaticTuner() {
      |          ^^^^^^^^^^^^^^
  681 |   const [listening, setListening] = useState(false);
  682 |   const [detected, setDetected] = useState<{ note: string; octave: number; cents: number; freq: number } | null>(null);
  683 |   const ctxRef = useRef<AudioContext | null>(null);

the name `ChromaticTuner` is defined multiple times

Import traces:
  Client Component Browser:
    ./guitarforge/src/components/LearningCenterPage.tsx [Client Component Browser]
    ./guitarforge/src/components/GuitarForgeApp.tsx [Client Component Browser]
    ./guitarforge/src/components/GuitarForgeApp.tsx [Server Component]
    ./guitarforge/src/app/page.tsx [Server Component]

  Client Component SSR:
    ./guitarforge/src/components/LearningCenterPage.tsx [Client Component SSR]
    ./guitarforge/src/components/GuitarForgeApp.tsx [Client Component SSR]
    ./guitarforge/src/components/GuitarForgeApp.tsx [Server Component]
    ./guitarforge/src/app/page.tsx [Server Component] @ http://localhost:3001/_next/static/chunks/a266a_next_dist_cfedd8c2._.js:3127
[  179522ms] [ERROR] ./guitarforge/src/components/LearningCenterPage.tsx:680:10
Ecmascript file had an error
  678 | }
  679 |
> 680 | function ChromaticTuner() {
      |          ^^^^^^^^^^^^^^
  681 |   const [listening, setListening] = useState(false);
  682 |   const [detected, setDetected] = useState<{ note: string; octave: number; cents: number; freq: number } | null>(null);
  683 |   const ctxRef = useRef<AudioContext | null>(null);

the name `ChromaticTuner` is defined multiple times

Import traces:
  Client Component Browser:
    ./guitarforge/src/components/LearningCenterPage.tsx [Client Component Browser]
    ./guitarforge/src/components/GuitarForgeApp.tsx [Client Component Browser]
    ./guitarforge/src/components/GuitarForgeApp.tsx [Server Component]
    ./guitarforge/src/app/page.tsx [Server Component]

  Client Component SSR:
    ./guitarforge/src/components/LearningCenterPage.tsx [Client Component SSR]
    ./guitarforge/src/components/GuitarForgeApp.tsx [Client Component SSR]
    ./guitarforge/src/components/GuitarForgeApp.tsx [Server Component]
    ./guitarforge/src/app/page.tsx [Server Component] @ http://localhost:3001/_next/static/chunks/a266a_next_dist_cfedd8c2._.js:3127
[  179598ms] [ERROR] ./guitarforge/src/components/LearningCenterPage.tsx:680:10
Ecmascript file had an error
  678 | }
  679 |
> 680 | function ChromaticTuner() {
      |          ^^^^^^^^^^^^^^
  681 |   const [listening, setListening] = useState(false);
  682 |   const [detected, setDetected] = useState<{ note: string; octave: number; cents: number; freq: number } | null>(null);
  683 |   const ctxRef = useRef<AudioContext | null>(null);

the name `ChromaticTuner` is defined multiple times

Import traces:
  Client Component Browser:
    ./guitarforge/src/components/LearningCenterPage.tsx [Client Component Browser]
    ./guitarforge/src/components/GuitarForgeApp.tsx [Client Component Browser]
    ./guitarforge/src/components/GuitarForgeApp.tsx [Server Component]
    ./guitarforge/src/app/page.tsx [Server Component]

  Client Component SSR:
    ./guitarforge/src/components/LearningCenterPage.tsx [Client Component SSR]
    ./guitarforge/src/components/GuitarForgeApp.tsx [Client Component SSR]
    ./guitarforge/src/components/GuitarForgeApp.tsx [Server Component]
    ./guitarforge/src/app/page.tsx [Server Component] @ http://localhost:3001/_next/static/chunks/a266a_next_dist_cfedd8c2._.js:3127
[  179677ms] [ERROR] ./guitarforge/src/components/LearningCenterPage.tsx:680:10
Ecmascript file had an error
  678 | }
  679 |
> 680 | function ChromaticTuner() {
      |          ^^^^^^^^^^^^^^
  681 |   const [listening, setListening] = useState(false);
  682 |   const [detected, setDetected] = useState<{ note: string; octave: number; cents: number; freq: number } | null>(null);
  683 |   const ctxRef = useRef<AudioContext | null>(null);

the name `ChromaticTuner` is defined multiple times

Import traces:
  Client Component Browser:
    ./guitarforge/src/components/LearningCenterPage.tsx [Client Component Browser]
    ./guitarforge/src/components/GuitarForgeApp.tsx [Client Component Browser]
    ./guitarforge/src/components/GuitarForgeApp.tsx [Server Component]
    ./guitarforge/src/app/page.tsx [Server Component]

  Client Component SSR:
    ./guitarforge/src/components/LearningCenterPage.tsx [Client Component SSR]
    ./guitarforge/src/components/GuitarForgeApp.tsx [Client Component SSR]
    ./guitarforge/src/components/GuitarForgeApp.tsx [Server Component]
    ./guitarforge/src/app/page.tsx [Server Component] @ http://localhost:3001/_next/static/chunks/a266a_next_dist_cfedd8c2._.js:3127
[  179757ms] [ERROR] ./guitarforge/src/components/LearningCenterPage.tsx:680:10
Ecmascript file had an error
  678 | }
  679 |
> 680 | function ChromaticTuner() {
      |          ^^^^^^^^^^^^^^
  681 |   const [listening, setListening] = useState(false);
  682 |   const [detected, setDetected] = useState<{ note: string; octave: number; cents: number; freq: number } | null>(null);
  683 |   const ctxRef = useRef<AudioContext | null>(null);

the name `ChromaticTuner` is defined multiple times

Import traces:
  Client Component Browser:
    ./guitarforge/src/components/LearningCenterPage.tsx [Client Component Browser]
    ./guitarforge/src/components/GuitarForgeApp.tsx [Client Component Browser]
    ./guitarforge/src/components/GuitarForgeApp.tsx [Server Component]
    ./guitarforge/src/app/page.tsx [Server Component]

  Client Component SSR:
    ./guitarforge/src/components/LearningCenterPage.tsx [Client Component SSR]
    ./guitarforge/src/components/GuitarForgeApp.tsx [Client Component SSR]
    ./guitarforge/src/components/GuitarForgeApp.tsx [Server Component]
    ./guitarforge/src/app/page.tsx [Server Component] @ http://localhost:3001/_next/static/chunks/a266a_next_dist_cfedd8c2._.js:3127
[  179831ms] [ERROR] ./guitarforge/src/components/LearningCenterPage.tsx:680:10
Ecmascript file had an error
  678 | }
  679 |
> 680 | function ChromaticTuner() {
      |          ^^^^^^^^^^^^^^
  681 |   const [listening, setListening] = useState(false);
  682 |   const [detected, setDetected] = useState<{ note: string; octave: number; cents: number; freq: number } | null>(null);
  683 |   const ctxRef = useRef<AudioContext | null>(null);

the name `ChromaticTuner` is defined multiple times

Import traces:
  Client Component Browser:
    ./guitarforge/src/components/LearningCenterPage.tsx [Client Component Browser]
    ./guitarforge/src/components/GuitarForgeApp.tsx [Client Component Browser]
    ./guitarforge/src/components/GuitarForgeApp.tsx [Server Component]
    ./guitarforge/src/app/page.tsx [Server Component]

  Client Component SSR:
    ./guitarforge/src/components/LearningCenterPage.tsx [Client Component SSR]
    ./guitarforge/src/components/GuitarForgeApp.tsx [Client Component SSR]
    ./guitarforge/src/components/GuitarForgeApp.tsx [Server Component]
    ./guitarforge/src/app/page.tsx [Server Component] @ http://localhost:3001/_next/static/chunks/a266a_next_dist_cfedd8c2._.js:3127
[  179909ms] [ERROR] ./guitarforge/src/components/LearningCenterPage.tsx:680:10
Ecmascript file had an error
  678 | }
  679 |
> 680 | function ChromaticTuner() {
      |          ^^^^^^^^^^^^^^
  681 |   const [listening, setListening] = useState(false);
  682 |   const [detected, setDetected] = useState<{ note: string; octave: number; cents: number; freq: number } | null>(null);
  683 |   const ctxRef = useRef<AudioContext | null>(null);

the name `ChromaticTuner` is defined multiple times

Import traces:
  Client Component Browser:
    ./guitarforge/src/components/LearningCenterPage.tsx [Client Component Browser]
    ./guitarforge/src/components/GuitarForgeApp.tsx [Client Component Browser]
    ./guitarforge/src/components/GuitarForgeApp.tsx [Server Component]
    ./guitarforge/src/app/page.tsx [Server Component]

  Client Component SSR:
    ./guitarforge/src/components/LearningCenterPage.tsx [Client Component SSR]
    ./guitarforge/src/components/GuitarForgeApp.tsx [Client Component SSR]
    ./guitarforge/src/components/GuitarForgeApp.tsx [Server Component]
    ./guitarforge/src/app/page.tsx [Server Component] @ http://localhost:3001/_next/static/chunks/a266a_next_dist_cfedd8c2._.js:3127
[  179989ms] [ERROR] ./guitarforge/src/components/LearningCenterPage.tsx:680:10
Ecmascript file had an error
  678 | }
  679 |
> 680 | function ChromaticTuner() {
      |          ^^^^^^^^^^^^^^
  681 |   const [listening, setListening] = useState(false);
  682 |   const [detected, setDetected] = useState<{ note: string; octave: number; cents: number; freq: number } | null>(null);
  683 |   const ctxRef = useRef<AudioContext | null>(null);

the name `ChromaticTuner` is defined multiple times

Import traces:
  Client Component Browser:
    ./guitarforge/src/components/LearningCenterPage.tsx [Client Component Browser]
    ./guitarforge/src/components/GuitarForgeApp.tsx [Client Component Browser]
    ./guitarforge/src/components/GuitarForgeApp.tsx [Server Component]
    ./guitarforge/src/app/page.tsx [Server Component]

  Client Component SSR:
    ./guitarforge/src/components/LearningCenterPage.tsx [Client Component SSR]
    ./guitarforge/src/components/GuitarForgeApp.tsx [Client Component SSR]
    ./guitarforge/src/components/GuitarForgeApp.tsx [Server Component]
    ./guitarforge/src/app/page.tsx [Server Component] @ http://localhost:3001/_next/static/chunks/a266a_next_dist_cfedd8c2._.js:3127
[  180066ms] [ERROR] ./guitarforge/src/components/LearningCenterPage.tsx:680:10
Ecmascript file had an error
  678 | }
  679 |
> 680 | function ChromaticTuner() {
      |          ^^^^^^^^^^^^^^
  681 |   const [listening, setListening] = useState(false);
  682 |   const [detected, setDetected] = useState<{ note: string; octave: number; cents: number; freq: number } | null>(null);
  683 |   const ctxRef = useRef<AudioContext | null>(null);

the name `ChromaticTuner` is defined multiple times

Import traces:
  Client Component Browser:
    ./guitarforge/src/components/LearningCenterPage.tsx [Client Component Browser]
    ./guitarforge/src/components/GuitarForgeApp.tsx [Client Component Browser]
    ./guitarforge/src/components/GuitarForgeApp.tsx [Server Component]
    ./guitarforge/src/app/page.tsx [Server Component]

  Client Component SSR:
    ./guitarforge/src/components/LearningCenterPage.tsx [Client Component SSR]
    ./guitarforge/src/components/GuitarForgeApp.tsx [Client Component SSR]
    ./guitarforge/src/components/GuitarForgeApp.tsx [Server Component]
    ./guitarforge/src/app/page.tsx [Server Component] @ http://localhost:3001/_next/static/chunks/a266a_next_dist_cfedd8c2._.js:3127
[  180143ms] [ERROR] ./guitarforge/src/components/LearningCenterPage.tsx:680:10
Ecmascript file had an error
  678 | }
  679 |
> 680 | function ChromaticTuner() {
      |          ^^^^^^^^^^^^^^
  681 |   const [listening, setListening] = useState(false);
  682 |   const [detected, setDetected] = useState<{ note: string; octave: number; cents: number; freq: number } | null>(null);
  683 |   const ctxRef = useRef<AudioContext | null>(null);

the name `ChromaticTuner` is defined multiple times

Import traces:
  Client Component Browser:
    ./guitarforge/src/components/LearningCenterPage.tsx [Client Component Browser]
    ./guitarforge/src/components/GuitarForgeApp.tsx [Client Component Browser]
    ./guitarforge/src/components/GuitarForgeApp.tsx [Server Component]
    ./guitarforge/src/app/page.tsx [Server Component]

  Client Component SSR:
    ./guitarforge/src/components/LearningCenterPage.tsx [Client Component SSR]
    ./guitarforge/src/components/GuitarForgeApp.tsx [Client Component SSR]
    ./guitarforge/src/components/GuitarForgeApp.tsx [Server Component]
    ./guitarforge/src/app/page.tsx [Server Component] @ http://localhost:3001/_next/static/chunks/a266a_next_dist_cfedd8c2._.js:3127
[  180220ms] [ERROR] ./guitarforge/src/components/LearningCenterPage.tsx:680:10
Ecmascript file had an error
  678 | }
  679 |
> 680 | function ChromaticTuner() {
      |          ^^^^^^^^^^^^^^
  681 |   const [listening, setListening] = useState(false);
  682 |   const [detected, setDetected] = useState<{ note: string; octave: number; cents: number; freq: number } | null>(null);
  683 |   const ctxRef = useRef<AudioContext | null>(null);

the name `ChromaticTuner` is defined multiple times

Import traces:
  Client Component Browser:
    ./guitarforge/src/components/LearningCenterPage.tsx [Client Component Browser]
    ./guitarforge/src/components/GuitarForgeApp.tsx [Client Component Browser]
    ./guitarforge/src/components/GuitarForgeApp.tsx [Server Component]
    ./guitarforge/src/app/page.tsx [Server Component]

  Client Component SSR:
    ./guitarforge/src/components/LearningCenterPage.tsx [Client Component SSR]
    ./guitarforge/src/components/GuitarForgeApp.tsx [Client Component SSR]
    ./guitarforge/src/components/GuitarForgeApp.tsx [Server Component]
    ./guitarforge/src/app/page.tsx [Server Component] @ http://localhost:3001/_next/static/chunks/a266a_next_dist_cfedd8c2._.js:3127
[  180283ms] [ERROR] ./guitarforge/src/components/LearningCenterPage.tsx:680:10
Ecmascript file had an error
  678 | }
  679 |
> 680 | function ChromaticTuner() {
      |          ^^^^^^^^^^^^^^
  681 |   const [listening, setListening] = useState(false);
  682 |   const [detected, setDetected] = useState<{ note: string; octave: number; cents: number; freq: number } | null>(null);
  683 |   const ctxRef = useRef<AudioContext | null>(null);

the name `ChromaticTuner` is defined multiple times

Import traces:
  Client Component Browser:
    ./guitarforge/src/components/LearningCenterPage.tsx [Client Component Browser]
    ./guitarforge/src/components/GuitarForgeApp.tsx [Client Component Browser]
    ./guitarforge/src/components/GuitarForgeApp.tsx [Server Component]
    ./guitarforge/src/app/page.tsx [Server Component]

  Client Component SSR:
    ./guitarforge/src/components/LearningCenterPage.tsx [Client Component SSR]
    ./guitarforge/src/components/GuitarForgeApp.tsx [Client Component SSR]
    ./guitarforge/src/components/GuitarForgeApp.tsx [Server Component]
    ./guitarforge/src/app/page.tsx [Server Component] @ http://localhost:3001/_next/static/chunks/a266a_next_dist_cfedd8c2._.js:3127
[  180346ms] [ERROR] ./guitarforge/src/components/LearningCenterPage.tsx:680:10
Ecmascript file had an error
  678 | }
  679 |
> 680 | function ChromaticTuner() {
      |          ^^^^^^^^^^^^^^
  681 |   const [listening, setListening] = useState(false);
  682 |   const [detected, setDetected] = useState<{ note: string; octave: number; cents: number; freq: number } | null>(null);
  683 |   const ctxRef = useRef<AudioContext | null>(null);

the name `ChromaticTuner` is defined multiple times

Import traces:
  Client Component Browser:
    ./guitarforge/src/components/LearningCenterPage.tsx [Client Component Browser]
    ./guitarforge/src/components/GuitarForgeApp.tsx [Client Component Browser]
    ./guitarforge/src/components/GuitarForgeApp.tsx [Server Component]
    ./guitarforge/src/app/page.tsx [Server Component]

  Client Component SSR:
    ./guitarforge/src/components/LearningCenterPage.tsx [Client Component SSR]
    ./guitarforge/src/components/GuitarForgeApp.tsx [Client Component SSR]
    ./guitarforge/src/components/GuitarForgeApp.tsx [Server Component]
    ./guitarforge/src/app/page.tsx [Server Component] @ http://localhost:3001/_next/static/chunks/a266a_next_dist_cfedd8c2._.js:3127
[  180426ms] [ERROR] ./guitarforge/src/components/LearningCenterPage.tsx:680:10
Ecmascript file had an error
  678 | }
  679 |
> 680 | function ChromaticTuner() {
      |          ^^^^^^^^^^^^^^
  681 |   const [listening, setListening] = useState(false);
  682 |   const [detected, setDetected] = useState<{ note: string; octave: number; cents: number; freq: number } | null>(null);
  683 |   const ctxRef = useRef<AudioContext | null>(null);

the name `ChromaticTuner` is defined multiple times

Import traces:
  Client Component Browser:
    ./guitarforge/src/components/LearningCenterPage.tsx [Client Component Browser]
    ./guitarforge/src/components/GuitarForgeApp.tsx [Client Component Browser]
    ./guitarforge/src/components/GuitarForgeApp.tsx [Server Component]
    ./guitarforge/src/app/page.tsx [Server Component]

  Client Component SSR:
    ./guitarforge/src/components/LearningCenterPage.tsx [Client Component SSR]
    ./guitarforge/src/components/GuitarForgeApp.tsx [Client Component SSR]
    ./guitarforge/src/components/GuitarForgeApp.tsx [Server Component]
    ./guitarforge/src/app/page.tsx [Server Component] @ http://localhost:3001/_next/static/chunks/a266a_next_dist_cfedd8c2._.js:3127
[  180470ms] [LOG] [Fast Refresh] rebuilding @ http://localhost:3001/_next/static/chunks/a266a_next_dist_cfedd8c2._.js:2297
[  180552ms] [ERROR] ./guitarforge/src/components/LearningCenterPage.tsx:680:10
Ecmascript file had an error
  678 | }
  679 |
> 680 | function ChromaticTuner() {
      |          ^^^^^^^^^^^^^^
  681 |   const [listening, setListening] = useState(false);
  682 |   const [detected, setDetected] = useState<{ note: string; octave: number; cents: number; freq: number } | null>(null);
  683 |   const ctxRef = useRef<AudioContext | null>(null);

the name `ChromaticTuner` is defined multiple times

Import traces:
  Client Component Browser:
    ./guitarforge/src/components/LearningCenterPage.tsx [Client Component Browser]
    ./guitarforge/src/components/GuitarForgeApp.tsx [Client Component Browser]
    ./guitarforge/src/components/GuitarForgeApp.tsx [Server Component]
    ./guitarforge/src/app/page.tsx [Server Component]

  Client Component SSR:
    ./guitarforge/src/components/LearningCenterPage.tsx [Client Component SSR]
    ./guitarforge/src/components/GuitarForgeApp.tsx [Client Component SSR]
    ./guitarforge/src/components/GuitarForgeApp.tsx [Server Component]
    ./guitarforge/src/app/page.tsx [Server Component] @ http://localhost:3001/_next/static/chunks/a266a_next_dist_cfedd8c2._.js:3127
[  180625ms] [ERROR] ./guitarforge/src/components/LearningCenterPage.tsx:680:10
Ecmascript file had an error
  678 | }
  679 |
> 680 | function ChromaticTuner() {
      |          ^^^^^^^^^^^^^^
  681 |   const [listening, setListening] = useState(false);
  682 |   const [detected, setDetected] = useState<{ note: string; octave: number; cents: number; freq: number } | null>(null);
  683 |   const ctxRef = useRef<AudioContext | null>(null);

the name `ChromaticTuner` is defined multiple times

Import traces:
  Client Component Browser:
    ./guitarforge/src/components/LearningCenterPage.tsx [Client Component Browser]
    ./guitarforge/src/components/GuitarForgeApp.tsx [Client Component Browser]
    ./guitarforge/src/components/GuitarForgeApp.tsx [Server Component]
    ./guitarforge/src/app/page.tsx [Server Component]

  Client Component SSR:
    ./guitarforge/src/components/LearningCenterPage.tsx [Client Component SSR]
    ./guitarforge/src/components/GuitarForgeApp.tsx [Client Component SSR]
    ./guitarforge/src/components/GuitarForgeApp.tsx [Server Component]
    ./guitarforge/src/app/page.tsx [Server Component] @ http://localhost:3001/_next/static/chunks/a266a_next_dist_cfedd8c2._.js:3127
[  180705ms] [ERROR] ./guitarforge/src/components/LearningCenterPage.tsx:680:10
Ecmascript file had an error
  678 | }
  679 |
> 680 | function ChromaticTuner() {
      |          ^^^^^^^^^^^^^^
  681 |   const [listening, setListening] = useState(false);
  682 |   const [detected, setDetected] = useState<{ note: string; octave: number; cents: number; freq: number } | null>(null);
  683 |   const ctxRef = useRef<AudioContext | null>(null);

the name `ChromaticTuner` is defined multiple times

Import traces:
  Client Component Browser:
    ./guitarforge/src/components/LearningCenterPage.tsx [Client Component Browser]
    ./guitarforge/src/components/GuitarForgeApp.tsx [Client Component Browser]
    ./guitarforge/src/components/GuitarForgeApp.tsx [Server Component]
    ./guitarforge/src/app/page.tsx [Server Component]

  Client Component SSR:
    ./guitarforge/src/components/LearningCenterPage.tsx [Client Component SSR]
    ./guitarforge/src/components/GuitarForgeApp.tsx [Client Component SSR]
    ./guitarforge/src/components/GuitarForgeApp.tsx [Server Component]
    ./guitarforge/src/app/page.tsx [Server Component] @ http://localhost:3001/_next/static/chunks/a266a_next_dist_cfedd8c2._.js:3127
[  180780ms] [ERROR] ./guitarforge/src/components/LearningCenterPage.tsx:680:10
Ecmascript file had an error
  678 | }
  679 |
> 680 | function ChromaticTuner() {
      |          ^^^^^^^^^^^^^^
  681 |   const [listening, setListening] = useState(false);
  682 |   const [detected, setDetected] = useState<{ note: string; octave: number; cents: number; freq: number } | null>(null);
  683 |   const ctxRef = useRef<AudioContext | null>(null);

the name `ChromaticTuner` is defined multiple times

Import traces:
  Client Component Browser:
    ./guitarforge/src/components/LearningCenterPage.tsx [Client Component Browser]
    ./guitarforge/src/components/GuitarForgeApp.tsx [Client Component Browser]
    ./guitarforge/src/components/GuitarForgeApp.tsx [Server Component]
    ./guitarforge/src/app/page.tsx [Server Component]

  Client Component SSR:
    ./guitarforge/src/components/LearningCenterPage.tsx [Client Component SSR]
    ./guitarforge/src/components/GuitarForgeApp.tsx [Client Component SSR]
    ./guitarforge/src/components/GuitarForgeApp.tsx [Server Component]
    ./guitarforge/src/app/page.tsx [Server Component] @ http://localhost:3001/_next/static/chunks/a266a_next_dist_cfedd8c2._.js:3127
[  180859ms] [ERROR] ./guitarforge/src/components/LearningCenterPage.tsx:680:10
Ecmascript file had an error
  678 | }
  679 |
> 680 | function ChromaticTuner() {
      |          ^^^^^^^^^^^^^^
  681 |   const [listening, setListening] = useState(false);
  682 |   const [detected, setDetected] = useState<{ note: string; octave: number; cents: number; freq: number } | null>(null);
  683 |   const ctxRef = useRef<AudioContext | null>(null);

the name `ChromaticTuner` is defined multiple times

Import traces:
  Client Component Browser:
    ./guitarforge/src/components/LearningCenterPage.tsx [Client Component Browser]
    ./guitarforge/src/components/GuitarForgeApp.tsx [Client Component Browser]
    ./guitarforge/src/components/GuitarForgeApp.tsx [Server Component]
    ./guitarforge/src/app/page.tsx [Server Component]

  Client Component SSR:
    ./guitarforge/src/components/LearningCenterPage.tsx [Client Component SSR]
    ./guitarforge/src/components/GuitarForgeApp.tsx [Client Component SSR]
    ./guitarforge/src/components/GuitarForgeApp.tsx [Server Component]
    ./guitarforge/src/app/page.tsx [Server Component] @ http://localhost:3001/_next/static/chunks/a266a_next_dist_cfedd8c2._.js:3127
[  180938ms] [ERROR] ./guitarforge/src/components/LearningCenterPage.tsx:680:10
Ecmascript file had an error
  678 | }
  679 |
> 680 | function ChromaticTuner() {
      |          ^^^^^^^^^^^^^^
  681 |   const [listening, setListening] = useState(false);
  682 |   const [detected, setDetected] = useState<{ note: string; octave: number; cents: number; freq: number } | null>(null);
  683 |   const ctxRef = useRef<AudioContext | null>(null);

the name `ChromaticTuner` is defined multiple times

Import traces:
  Client Component Browser:
    ./guitarforge/src/components/LearningCenterPage.tsx [Client Component Browser]
    ./guitarforge/src/components/GuitarForgeApp.tsx [Client Component Browser]
    ./guitarforge/src/components/GuitarForgeApp.tsx [Server Component]
    ./guitarforge/src/app/page.tsx [Server Component]

  Client Component SSR:
    ./guitarforge/src/components/LearningCenterPage.tsx [Client Component SSR]
    ./guitarforge/src/components/GuitarForgeApp.tsx [Client Component SSR]
    ./guitarforge/src/components/GuitarForgeApp.tsx [Server Component]
    ./guitarforge/src/app/page.tsx [Server Component] @ http://localhost:3001/_next/static/chunks/a266a_next_dist_cfedd8c2._.js:3127
[  181014ms] [ERROR] ./guitarforge/src/components/LearningCenterPage.tsx:680:10
Ecmascript file had an error
  678 | }
  679 |
> 680 | function ChromaticTuner() {
      |          ^^^^^^^^^^^^^^
  681 |   const [listening, setListening] = useState(false);
  682 |   const [detected, setDetected] = useState<{ note: string; octave: number; cents: number; freq: number } | null>(null);
  683 |   const ctxRef = useRef<AudioContext | null>(null);

the name `ChromaticTuner` is defined multiple times

Import traces:
  Client Component Browser:
    ./guitarforge/src/components/LearningCenterPage.tsx [Client Component Browser]
    ./guitarforge/src/components/GuitarForgeApp.tsx [Client Component Browser]
    ./guitarforge/src/components/GuitarForgeApp.tsx [Server Component]
    ./guitarforge/src/app/page.tsx [Server Component]

  Client Component SSR:
    ./guitarforge/src/components/LearningCenterPage.tsx [Client Component SSR]
    ./guitarforge/src/components/GuitarForgeApp.tsx [Client Component SSR]
    ./guitarforge/src/components/GuitarForgeApp.tsx [Server Component]
    ./guitarforge/src/app/page.tsx [Server Component] @ http://localhost:3001/_next/static/chunks/a266a_next_dist_cfedd8c2._.js:3127
[  181091ms] [ERROR] ./guitarforge/src/components/LearningCenterPage.tsx:680:10
Ecmascript file had an error
  678 | }
  679 |
> 680 | function ChromaticTuner() {
      |          ^^^^^^^^^^^^^^
  681 |   const [listening, setListening] = useState(false);
  682 |   const [detected, setDetected] = useState<{ note: string; octave: number; cents: number; freq: number } | null>(null);
  683 |   const ctxRef = useRef<AudioContext | null>(null);

the name `ChromaticTuner` is defined multiple times

Import traces:
  Client Component Browser:
    ./guitarforge/src/components/LearningCenterPage.tsx [Client Component Browser]
    ./guitarforge/src/components/GuitarForgeApp.tsx [Client Component Browser]
    ./guitarforge/src/components/GuitarForgeApp.tsx [Server Component]
    ./guitarforge/src/app/page.tsx [Server Component]

  Client Component SSR:
    ./guitarforge/src/components/LearningCenterPage.tsx [Client Component SSR]
    ./guitarforge/src/components/GuitarForgeApp.tsx [Client Component SSR]
    ./guitarforge/src/components/GuitarForgeApp.tsx [Server Component]
    ./guitarforge/src/app/page.tsx [Server Component] @ http://localhost:3001/_next/static/chunks/a266a_next_dist_cfedd8c2._.js:3127
[  181170ms] [ERROR] ./guitarforge/src/components/LearningCenterPage.tsx:680:10
Ecmascript file had an error
  678 | }
  679 |
> 680 | function ChromaticTuner() {
      |          ^^^^^^^^^^^^^^
  681 |   const [listening, setListening] = useState(false);
  682 |   const [detected, setDetected] = useState<{ note: string; octave: number; cents: number; freq: number } | null>(null);
  683 |   const ctxRef = useRef<AudioContext | null>(null);

the name `ChromaticTuner` is defined multiple times

Import traces:
  Client Component Browser:
    ./guitarforge/src/components/LearningCenterPage.tsx [Client Component Browser]
    ./guitarforge/src/components/GuitarForgeApp.tsx [Client Component Browser]
    ./guitarforge/src/components/GuitarForgeApp.tsx [Server Component]
    ./guitarforge/src/app/page.tsx [Server Component]

  Client Component SSR:
    ./guitarforge/src/components/LearningCenterPage.tsx [Client Component SSR]
    ./guitarforge/src/components/GuitarForgeApp.tsx [Client Component SSR]
    ./guitarforge/src/components/GuitarForgeApp.tsx [Server Component]
    ./guitarforge/src/app/page.tsx [Server Component] @ http://localhost:3001/_next/static/chunks/a266a_next_dist_cfedd8c2._.js:3127
[  181248ms] [ERROR] ./guitarforge/src/components/LearningCenterPage.tsx:680:10
Ecmascript file had an error
  678 | }
  679 |
> 680 | function ChromaticTuner() {
      |          ^^^^^^^^^^^^^^
  681 |   const [listening, setListening] = useState(false);
  682 |   const [detected, setDetected] = useState<{ note: string; octave: number; cents: number; freq: number } | null>(null);
  683 |   const ctxRef = useRef<AudioContext | null>(null);

the name `ChromaticTuner` is defined multiple times

Import traces:
  Client Component Browser:
    ./guitarforge/src/components/LearningCenterPage.tsx [Client Component Browser]
    ./guitarforge/src/components/GuitarForgeApp.tsx [Client Component Browser]
    ./guitarforge/src/components/GuitarForgeApp.tsx [Server Component]
    ./guitarforge/src/app/page.tsx [Server Component]

  Client Component SSR:
    ./guitarforge/src/components/LearningCenterPage.tsx [Client Component SSR]
    ./guitarforge/src/components/GuitarForgeApp.tsx [Client Component SSR]
    ./guitarforge/src/components/GuitarForgeApp.tsx [Server Component]
    ./guitarforge/src/app/page.tsx [Server Component] @ http://localhost:3001/_next/static/chunks/a266a_next_dist_cfedd8c2._.js:3127
[  181326ms] [ERROR] ./guitarforge/src/components/LearningCenterPage.tsx:680:10
Ecmascript file had an error
  678 | }
  679 |
> 680 | function ChromaticTuner() {
      |          ^^^^^^^^^^^^^^
  681 |   const [listening, setListening] = useState(false);
  682 |   const [detected, setDetected] = useState<{ note: string; octave: number; cents: number; freq: number } | null>(null);
  683 |   const ctxRef = useRef<AudioContext | null>(null);

the name `ChromaticTuner` is defined multiple times

Import traces:
  Client Component Browser:
    ./guitarforge/src/components/LearningCenterPage.tsx [Client Component Browser]
    ./guitarforge/src/components/GuitarForgeApp.tsx [Client Component Browser]
    ./guitarforge/src/components/GuitarForgeApp.tsx [Server Component]
    ./guitarforge/src/app/page.tsx [Server Component]

  Client Component SSR:
    ./guitarforge/src/components/LearningCenterPage.tsx [Client Component SSR]
    ./guitarforge/src/components/GuitarForgeApp.tsx [Client Component SSR]
    ./guitarforge/src/components/GuitarForgeApp.tsx [Server Component]
    ./guitarforge/src/app/page.tsx [Server Component] @ http://localhost:3001/_next/static/chunks/a266a_next_dist_cfedd8c2._.js:3127
[  181403ms] [ERROR] ./guitarforge/src/components/LearningCenterPage.tsx:680:10
Ecmascript file had an error
  678 | }
  679 |
> 680 | function ChromaticTuner() {
      |          ^^^^^^^^^^^^^^
  681 |   const [listening, setListening] = useState(false);
  682 |   const [detected, setDetected] = useState<{ note: string; octave: number; cents: number; freq: number } | null>(null);
  683 |   const ctxRef = useRef<AudioContext | null>(null);

the name `ChromaticTuner` is defined multiple times

Import traces:
  Client Component Browser:
    ./guitarforge/src/components/LearningCenterPage.tsx [Client Component Browser]
    ./guitarforge/src/components/GuitarForgeApp.tsx [Client Component Browser]
    ./guitarforge/src/components/GuitarForgeApp.tsx [Server Component]
    ./guitarforge/src/app/page.tsx [Server Component]

  Client Component SSR:
    ./guitarforge/src/components/LearningCenterPage.tsx [Client Component SSR]
    ./guitarforge/src/components/GuitarForgeApp.tsx [Client Component SSR]
    ./guitarforge/src/components/GuitarForgeApp.tsx [Server Component]
    ./guitarforge/src/app/page.tsx [Server Component] @ http://localhost:3001/_next/static/chunks/a266a_next_dist_cfedd8c2._.js:3127
[  181481ms] [ERROR] ./guitarforge/src/components/LearningCenterPage.tsx:680:10
Ecmascript file had an error
  678 | }
  679 |
> 680 | function ChromaticTuner() {
      |          ^^^^^^^^^^^^^^
  681 |   const [listening, setListening] = useState(false);
  682 |   const [detected, setDetected] = useState<{ note: string; octave: number; cents: number; freq: number } | null>(null);
  683 |   const ctxRef = useRef<AudioContext | null>(null);

the name `ChromaticTuner` is defined multiple times

Import traces:
  Client Component Browser:
    ./guitarforge/src/components/LearningCenterPage.tsx [Client Component Browser]
    ./guitarforge/src/components/GuitarForgeApp.tsx [Client Component Browser]
    ./guitarforge/src/components/GuitarForgeApp.tsx [Server Component]
    ./guitarforge/src/app/page.tsx [Server Component]

  Client Component SSR:
    ./guitarforge/src/components/LearningCenterPage.tsx [Client Component SSR]
    ./guitarforge/src/components/GuitarForgeApp.tsx [Client Component SSR]
    ./guitarforge/src/components/GuitarForgeApp.tsx [Server Component]
    ./guitarforge/src/app/page.tsx [Server Component] @ http://localhost:3001/_next/static/chunks/a266a_next_dist_cfedd8c2._.js:3127
[  181543ms] [ERROR] ./guitarforge/src/components/LearningCenterPage.tsx:680:10
Ecmascript file had an error
  678 | }
  679 |
> 680 | function ChromaticTuner() {
      |          ^^^^^^^^^^^^^^
  681 |   const [listening, setListening] = useState(false);
  682 |   const [detected, setDetected] = useState<{ note: string; octave: number; cents: number; freq: number } | null>(null);
  683 |   const ctxRef = useRef<AudioContext | null>(null);

the name `ChromaticTuner` is defined multiple times

Import traces:
  Client Component Browser:
    ./guitarforge/src/components/LearningCenterPage.tsx [Client Component Browser]
    ./guitarforge/src/components/GuitarForgeApp.tsx [Client Component Browser]
    ./guitarforge/src/components/GuitarForgeApp.tsx [Server Component]
    ./guitarforge/src/app/page.tsx [Server Component]

  Client Component SSR:
    ./guitarforge/src/components/LearningCenterPage.tsx [Client Component SSR]
    ./guitarforge/src/components/GuitarForgeApp.tsx [Client Component SSR]
    ./guitarforge/src/components/GuitarForgeApp.tsx [Server Component]
    ./guitarforge/src/app/page.tsx [Server Component] @ http://localhost:3001/_next/static/chunks/a266a_next_dist_cfedd8c2._.js:3127
[  181622ms] [ERROR] ./guitarforge/src/components/LearningCenterPage.tsx:680:10
Ecmascript file had an error
  678 | }
  679 |
> 680 | function ChromaticTuner() {
      |          ^^^^^^^^^^^^^^
  681 |   const [listening, setListening] = useState(false);
  682 |   const [detected, setDetected] = useState<{ note: string; octave: number; cents: number; freq: number } | null>(null);
  683 |   const ctxRef = useRef<AudioContext | null>(null);

the name `ChromaticTuner` is defined multiple times

Import traces:
  Client Component Browser:
    ./guitarforge/src/components/LearningCenterPage.tsx [Client Component Browser]
    ./guitarforge/src/components/GuitarForgeApp.tsx [Client Component Browser]
    ./guitarforge/src/components/GuitarForgeApp.tsx [Server Component]
    ./guitarforge/src/app/page.tsx [Server Component]

  Client Component SSR:
    ./guitarforge/src/components/LearningCenterPage.tsx [Client Component SSR]
    ./guitarforge/src/components/GuitarForgeApp.tsx [Client Component SSR]
    ./guitarforge/src/components/GuitarForgeApp.tsx [Server Component]
    ./guitarforge/src/app/page.tsx [Server Component] @ http://localhost:3001/_next/static/chunks/a266a_next_dist_cfedd8c2._.js:3127
[  181702ms] [ERROR] ./guitarforge/src/components/LearningCenterPage.tsx:680:10
Ecmascript file had an error
  678 | }
  679 |
> 680 | function ChromaticTuner() {
      |          ^^^^^^^^^^^^^^
  681 |   const [listening, setListening] = useState(false);
  682 |   const [detected, setDetected] = useState<{ note: string; octave: number; cents: number; freq: number } | null>(null);
  683 |   const ctxRef = useRef<AudioContext | null>(null);

the name `ChromaticTuner` is defined multiple times

Import traces:
  Client Component Browser:
    ./guitarforge/src/components/LearningCenterPage.tsx [Client Component Browser]
    ./guitarforge/src/components/GuitarForgeApp.tsx [Client Component Browser]
    ./guitarforge/src/components/GuitarForgeApp.tsx [Server Component]
    ./guitarforge/src/app/page.tsx [Server Component]

  Client Component SSR:
    ./guitarforge/src/components/LearningCenterPage.tsx [Client Component SSR]
    ./guitarforge/src/components/GuitarForgeApp.tsx [Client Component SSR]
    ./guitarforge/src/components/GuitarForgeApp.tsx [Server Component]
    ./guitarforge/src/app/page.tsx [Server Component] @ http://localhost:3001/_next/static/chunks/a266a_next_dist_cfedd8c2._.js:3127
[  181779ms] [ERROR] ./guitarforge/src/components/LearningCenterPage.tsx:680:10
Ecmascript file had an error
  678 | }
  679 |
> 680 | function ChromaticTuner() {
      |          ^^^^^^^^^^^^^^
  681 |   const [listening, setListening] = useState(false);
  682 |   const [detected, setDetected] = useState<{ note: string; octave: number; cents: number; freq: number } | null>(null);
  683 |   const ctxRef = useRef<AudioContext | null>(null);

the name `ChromaticTuner` is defined multiple times

Import traces:
  Client Component Browser:
    ./guitarforge/src/components/LearningCenterPage.tsx [Client Component Browser]
    ./guitarforge/src/components/GuitarForgeApp.tsx [Client Component Browser]
    ./guitarforge/src/components/GuitarForgeApp.tsx [Server Component]
    ./guitarforge/src/app/page.tsx [Server Component]

  Client Component SSR:
    ./guitarforge/src/components/LearningCenterPage.tsx [Client Component SSR]
    ./guitarforge/src/components/GuitarForgeApp.tsx [Client Component SSR]
    ./guitarforge/src/components/GuitarForgeApp.tsx [Server Component]
    ./guitarforge/src/app/page.tsx [Server Component] @ http://localhost:3001/_next/static/chunks/a266a_next_dist_cfedd8c2._.js:3127
[  181857ms] [ERROR] ./guitarforge/src/components/LearningCenterPage.tsx:680:10
Ecmascript file had an error
  678 | }
  679 |
> 680 | function ChromaticTuner() {
      |          ^^^^^^^^^^^^^^
  681 |   const [listening, setListening] = useState(false);
  682 |   const [detected, setDetected] = useState<{ note: string; octave: number; cents: number; freq: number } | null>(null);
  683 |   const ctxRef = useRef<AudioContext | null>(null);

the name `ChromaticTuner` is defined multiple times

Import traces:
  Client Component Browser:
    ./guitarforge/src/components/LearningCenterPage.tsx [Client Component Browser]
    ./guitarforge/src/components/GuitarForgeApp.tsx [Client Component Browser]
    ./guitarforge/src/components/GuitarForgeApp.tsx [Server Component]
    ./guitarforge/src/app/page.tsx [Server Component]

  Client Component SSR:
    ./guitarforge/src/components/LearningCenterPage.tsx [Client Component SSR]
    ./guitarforge/src/components/GuitarForgeApp.tsx [Client Component SSR]
    ./guitarforge/src/components/GuitarForgeApp.tsx [Server Component]
    ./guitarforge/src/app/page.tsx [Server Component] @ http://localhost:3001/_next/static/chunks/a266a_next_dist_cfedd8c2._.js:3127
[  181921ms] [ERROR] ./guitarforge/src/components/LearningCenterPage.tsx:680:10
Ecmascript file had an error
  678 | }
  679 |
> 680 | function ChromaticTuner() {
      |          ^^^^^^^^^^^^^^
  681 |   const [listening, setListening] = useState(false);
  682 |   const [detected, setDetected] = useState<{ note: string; octave: number; cents: number; freq: number } | null>(null);
  683 |   const ctxRef = useRef<AudioContext | null>(null);

the name `ChromaticTuner` is defined multiple times

Import traces:
  Client Component Browser:
    ./guitarforge/src/components/LearningCenterPage.tsx [Client Component Browser]
    ./guitarforge/src/components/GuitarForgeApp.tsx [Client Component Browser]
    ./guitarforge/src/components/GuitarForgeApp.tsx [Server Component]
    ./guitarforge/src/app/page.tsx [Server Component]

  Client Component SSR:
    ./guitarforge/src/components/LearningCenterPage.tsx [Client Component SSR]
    ./guitarforge/src/components/GuitarForgeApp.tsx [Client Component SSR]
    ./guitarforge/src/components/GuitarForgeApp.tsx [Server Component]
    ./guitarforge/src/app/page.tsx [Server Component] @ http://localhost:3001/_next/static/chunks/a266a_next_dist_cfedd8c2._.js:3127
[  181998ms] [ERROR] ./guitarforge/src/components/LearningCenterPage.tsx:680:10
Ecmascript file had an error
  678 | }
  679 |
> 680 | function ChromaticTuner() {
      |          ^^^^^^^^^^^^^^
  681 |   const [listening, setListening] = useState(false);
  682 |   const [detected, setDetected] = useState<{ note: string; octave: number; cents: number; freq: number } | null>(null);
  683 |   const ctxRef = useRef<AudioContext | null>(null);

the name `ChromaticTuner` is defined multiple times

Import traces:
  Client Component Browser:
    ./guitarforge/src/components/LearningCenterPage.tsx [Client Component Browser]
    ./guitarforge/src/components/GuitarForgeApp.tsx [Client Component Browser]
    ./guitarforge/src/components/GuitarForgeApp.tsx [Server Component]
    ./guitarforge/src/app/page.tsx [Server Component]

  Client Component SSR:
    ./guitarforge/src/components/LearningCenterPage.tsx [Client Component SSR]
    ./guitarforge/src/components/GuitarForgeApp.tsx [Client Component SSR]
    ./guitarforge/src/components/GuitarForgeApp.tsx [Server Component]
    ./guitarforge/src/app/page.tsx [Server Component] @ http://localhost:3001/_next/static/chunks/a266a_next_dist_cfedd8c2._.js:3127
[  182078ms] [ERROR] ./guitarforge/src/components/LearningCenterPage.tsx:680:10
Ecmascript file had an error
  678 | }
  679 |
> 680 | function ChromaticTuner() {
      |          ^^^^^^^^^^^^^^
  681 |   const [listening, setListening] = useState(false);
  682 |   const [detected, setDetected] = useState<{ note: string; octave: number; cents: number; freq: number } | null>(null);
  683 |   const ctxRef = useRef<AudioContext | null>(null);

the name `ChromaticTuner` is defined multiple times

Import traces:
  Client Component Browser:
    ./guitarforge/src/components/LearningCenterPage.tsx [Client Component Browser]
    ./guitarforge/src/components/GuitarForgeApp.tsx [Client Component Browser]
    ./guitarforge/src/components/GuitarForgeApp.tsx [Server Component]
    ./guitarforge/src/app/page.tsx [Server Component]

  Client Component SSR:
    ./guitarforge/src/components/LearningCenterPage.tsx [Client Component SSR]
    ./guitarforge/src/components/GuitarForgeApp.tsx [Client Component SSR]
    ./guitarforge/src/components/GuitarForgeApp.tsx [Server Component]
    ./guitarforge/src/app/page.tsx [Server Component] @ http://localhost:3001/_next/static/chunks/a266a_next_dist_cfedd8c2._.js:3127
[  182153ms] [ERROR] ./guitarforge/src/components/LearningCenterPage.tsx:680:10
Ecmascript file had an error
  678 | }
  679 |
> 680 | function ChromaticTuner() {
      |          ^^^^^^^^^^^^^^
  681 |   const [listening, setListening] = useState(false);
  682 |   const [detected, setDetected] = useState<{ note: string; octave: number; cents: number; freq: number } | null>(null);
  683 |   const ctxRef = useRef<AudioContext | null>(null);

the name `ChromaticTuner` is defined multiple times

Import traces:
  Client Component Browser:
    ./guitarforge/src/components/LearningCenterPage.tsx [Client Component Browser]
    ./guitarforge/src/components/GuitarForgeApp.tsx [Client Component Browser]
    ./guitarforge/src/components/GuitarForgeApp.tsx [Server Component]
    ./guitarforge/src/app/page.tsx [Server Component]

  Client Component SSR:
    ./guitarforge/src/components/LearningCenterPage.tsx [Client Component SSR]
    ./guitarforge/src/components/GuitarForgeApp.tsx [Client Component SSR]
    ./guitarforge/src/components/GuitarForgeApp.tsx [Server Component]
    ./guitarforge/src/app/page.tsx [Server Component] @ http://localhost:3001/_next/static/chunks/a266a_next_dist_cfedd8c2._.js:3127
[  182214ms] [ERROR] ./guitarforge/src/components/LearningCenterPage.tsx:680:10
Ecmascript file had an error
  678 | }
  679 |
> 680 | function ChromaticTuner() {
      |          ^^^^^^^^^^^^^^
  681 |   const [listening, setListening] = useState(false);
  682 |   const [detected, setDetected] = useState<{ note: string; octave: number; cents: number; freq: number } | null>(null);
  683 |   const ctxRef = useRef<AudioContext | null>(null);

the name `ChromaticTuner` is defined multiple times

Import traces:
  Client Component Browser:
    ./guitarforge/src/components/LearningCenterPage.tsx [Client Component Browser]
    ./guitarforge/src/components/GuitarForgeApp.tsx [Client Component Browser]
    ./guitarforge/src/components/GuitarForgeApp.tsx [Server Component]
    ./guitarforge/src/app/page.tsx [Server Component]

  Client Component SSR:
    ./guitarforge/src/components/LearningCenterPage.tsx [Client Component SSR]
    ./guitarforge/src/components/GuitarForgeApp.tsx [Client Component SSR]
    ./guitarforge/src/components/GuitarForgeApp.tsx [Server Component]
    ./guitarforge/src/app/page.tsx [Server Component] @ http://localhost:3001/_next/static/chunks/a266a_next_dist_cfedd8c2._.js:3127
[  182265ms] [LOG] [Fast Refresh] rebuilding @ http://localhost:3001/_next/static/chunks/a266a_next_dist_cfedd8c2._.js:2297
[  182325ms] [ERROR] ./guitarforge/src/components/LearningCenterPage.tsx:680:10
Ecmascript file had an error
  678 | }
  679 |
> 680 | function ChromaticTuner() {
      |          ^^^^^^^^^^^^^^
  681 |   const [listening, setListening] = useState(false);
  682 |   const [detected, setDetected] = useState<{ note: string; octave: number; cents: number; freq: number } | null>(null);
  683 |   const ctxRef = useRef<AudioContext | null>(null);

the name `ChromaticTuner` is defined multiple times

Import traces:
  Client Component Browser:
    ./guitarforge/src/components/LearningCenterPage.tsx [Client Component Browser]
    ./guitarforge/src/components/GuitarForgeApp.tsx [Client Component Browser]
    ./guitarforge/src/components/GuitarForgeApp.tsx [Server Component]
    ./guitarforge/src/app/page.tsx [Server Component]

  Client Component SSR:
    ./guitarforge/src/components/LearningCenterPage.tsx [Client Component SSR]
    ./guitarforge/src/components/GuitarForgeApp.tsx [Client Component SSR]
    ./guitarforge/src/components/GuitarForgeApp.tsx [Server Component]
    ./guitarforge/src/app/page.tsx [Server Component] @ http://localhost:3001/_next/static/chunks/a266a_next_dist_cfedd8c2._.js:3127
[  182372ms] [ERROR] ./guitarforge/src/components/LearningCenterPage.tsx:680:10
Ecmascript file had an error
  678 | }
  679 |
> 680 | function ChromaticTuner() {
      |          ^^^^^^^^^^^^^^
  681 |   const [listening, setListening] = useState(false);
  682 |   const [detected, setDetected] = useState<{ note: string; octave: number; cents: number; freq: number } | null>(null);
  683 |   const ctxRef = useRef<AudioContext | null>(null);

the name `ChromaticTuner` is defined multiple times

Import traces:
  Client Component Browser:
    ./guitarforge/src/components/LearningCenterPage.tsx [Client Component Browser]
    ./guitarforge/src/components/GuitarForgeApp.tsx [Client Component Browser]
    ./guitarforge/src/components/GuitarForgeApp.tsx [Server Component]
    ./guitarforge/src/app/page.tsx [Server Component]

  Client Component SSR:
    ./guitarforge/src/components/LearningCenterPage.tsx [Client Component SSR]
    ./guitarforge/src/components/GuitarForgeApp.tsx [Client Component SSR]
    ./guitarforge/src/components/GuitarForgeApp.tsx [Server Component]
    ./guitarforge/src/app/page.tsx [Server Component] @ http://localhost:3001/_next/static/chunks/a266a_next_dist_cfedd8c2._.js:3127
[  182465ms] [ERROR] ./guitarforge/src/components/LearningCenterPage.tsx:680:10
Ecmascript file had an error
  678 | }
  679 |
> 680 | function ChromaticTuner() {
      |          ^^^^^^^^^^^^^^
  681 |   const [listening, setListening] = useState(false);
  682 |   const [detected, setDetected] = useState<{ note: string; octave: number; cents: number; freq: number } | null>(null);
  683 |   const ctxRef = useRef<AudioContext | null>(null);

the name `ChromaticTuner` is defined multiple times

Import traces:
  Client Component Browser:
    ./guitarforge/src/components/LearningCenterPage.tsx [Client Component Browser]
    ./guitarforge/src/components/GuitarForgeApp.tsx [Client Component Browser]
    ./guitarforge/src/components/GuitarForgeApp.tsx [Server Component]
    ./guitarforge/src/app/page.tsx [Server Component]

  Client Component SSR:
    ./guitarforge/src/components/LearningCenterPage.tsx [Client Component SSR]
    ./guitarforge/src/components/GuitarForgeApp.tsx [Client Component SSR]
    ./guitarforge/src/components/GuitarForgeApp.tsx [Server Component]
    ./guitarforge/src/app/page.tsx [Server Component] @ http://localhost:3001/_next/static/chunks/a266a_next_dist_cfedd8c2._.js:3127
[  182541ms] [ERROR] ./guitarforge/src/components/LearningCenterPage.tsx:680:10
Ecmascript file had an error
  678 | }
  679 |
> 680 | function ChromaticTuner() {
      |          ^^^^^^^^^^^^^^
  681 |   const [listening, setListening] = useState(false);
  682 |   const [detected, setDetected] = useState<{ note: string; octave: number; cents: number; freq: number } | null>(null);
  683 |   const ctxRef = useRef<AudioContext | null>(null);

the name `ChromaticTuner` is defined multiple times

Import traces:
  Client Component Browser:
    ./guitarforge/src/components/LearningCenterPage.tsx [Client Component Browser]
    ./guitarforge/src/components/GuitarForgeApp.tsx [Client Component Browser]
    ./guitarforge/src/components/GuitarForgeApp.tsx [Server Component]
    ./guitarforge/src/app/page.tsx [Server Component]

  Client Component SSR:
    ./guitarforge/src/components/LearningCenterPage.tsx [Client Component SSR]
    ./guitarforge/src/components/GuitarForgeApp.tsx [Client Component SSR]
    ./guitarforge/src/components/GuitarForgeApp.tsx [Server Component]
    ./guitarforge/src/app/page.tsx [Server Component] @ http://localhost:3001/_next/static/chunks/a266a_next_dist_cfedd8c2._.js:3127
[  182603ms] [ERROR] ./guitarforge/src/components/LearningCenterPage.tsx:680:10
Ecmascript file had an error
  678 | }
  679 |
> 680 | function ChromaticTuner() {
      |          ^^^^^^^^^^^^^^
  681 |   const [listening, setListening] = useState(false);
  682 |   const [detected, setDetected] = useState<{ note: string; octave: number; cents: number; freq: number } | null>(null);
  683 |   const ctxRef = useRef<AudioContext | null>(null);

the name `ChromaticTuner` is defined multiple times

Import traces:
  Client Component Browser:
    ./guitarforge/src/components/LearningCenterPage.tsx [Client Component Browser]
    ./guitarforge/src/components/GuitarForgeApp.tsx [Client Component Browser]
    ./guitarforge/src/components/GuitarForgeApp.tsx [Server Component]
    ./guitarforge/src/app/page.tsx [Server Component]

  Client Component SSR:
    ./guitarforge/src/components/LearningCenterPage.tsx [Client Component SSR]
    ./guitarforge/src/components/GuitarForgeApp.tsx [Client Component SSR]
    ./guitarforge/src/components/GuitarForgeApp.tsx [Server Component]
    ./guitarforge/src/app/page.tsx [Server Component] @ http://localhost:3001/_next/static/chunks/a266a_next_dist_cfedd8c2._.js:3127
[  182667ms] [ERROR] ./guitarforge/src/components/LearningCenterPage.tsx:680:10
Ecmascript file had an error
  678 | }
  679 |
> 680 | function ChromaticTuner() {
      |          ^^^^^^^^^^^^^^
  681 |   const [listening, setListening] = useState(false);
  682 |   const [detected, setDetected] = useState<{ note: string; octave: number; cents: number; freq: number } | null>(null);
  683 |   const ctxRef = useRef<AudioContext | null>(null);

the name `ChromaticTuner` is defined multiple times

Import traces:
  Client Component Browser:
    ./guitarforge/src/components/LearningCenterPage.tsx [Client Component Browser]
    ./guitarforge/src/components/GuitarForgeApp.tsx [Client Component Browser]
    ./guitarforge/src/components/GuitarForgeApp.tsx [Server Component]
    ./guitarforge/src/app/page.tsx [Server Component]

  Client Component SSR:
    ./guitarforge/src/components/LearningCenterPage.tsx [Client Component SSR]
    ./guitarforge/src/components/GuitarForgeApp.tsx [Client Component SSR]
    ./guitarforge/src/components/GuitarForgeApp.tsx [Server Component]
    ./guitarforge/src/app/page.tsx [Server Component] @ http://localhost:3001/_next/static/chunks/a266a_next_dist_cfedd8c2._.js:3127
[  182744ms] [ERROR] ./guitarforge/src/components/LearningCenterPage.tsx:680:10
Ecmascript file had an error
  678 | }
  679 |
> 680 | function ChromaticTuner() {
      |          ^^^^^^^^^^^^^^
  681 |   const [listening, setListening] = useState(false);
  682 |   const [detected, setDetected] = useState<{ note: string; octave: number; cents: number; freq: number } | null>(null);
  683 |   const ctxRef = useRef<AudioContext | null>(null);

the name `ChromaticTuner` is defined multiple times

Import traces:
  Client Component Browser:
    ./guitarforge/src/components/LearningCenterPage.tsx [Client Component Browser]
    ./guitarforge/src/components/GuitarForgeApp.tsx [Client Component Browser]
    ./guitarforge/src/components/GuitarForgeApp.tsx [Server Component]
    ./guitarforge/src/app/page.tsx [Server Component]

  Client Component SSR:
    ./guitarforge/src/components/LearningCenterPage.tsx [Client Component SSR]
    ./guitarforge/src/components/GuitarForgeApp.tsx [Client Component SSR]
    ./guitarforge/src/components/GuitarForgeApp.tsx [Server Component]
    ./guitarforge/src/app/page.tsx [Server Component] @ http://localhost:3001/_next/static/chunks/a266a_next_dist_cfedd8c2._.js:3127
[  182822ms] [ERROR] ./guitarforge/src/components/LearningCenterPage.tsx:680:10
Ecmascript file had an error
  678 | }
  679 |
> 680 | function ChromaticTuner() {
      |          ^^^^^^^^^^^^^^
  681 |   const [listening, setListening] = useState(false);
  682 |   const [detected, setDetected] = useState<{ note: string; octave: number; cents: number; freq: number } | null>(null);
  683 |   const ctxRef = useRef<AudioContext | null>(null);

the name `ChromaticTuner` is defined multiple times

Import traces:
  Client Component Browser:
    ./guitarforge/src/components/LearningCenterPage.tsx [Client Component Browser]
    ./guitarforge/src/components/GuitarForgeApp.tsx [Client Component Browser]
    ./guitarforge/src/components/GuitarForgeApp.tsx [Server Component]
    ./guitarforge/src/app/page.tsx [Server Component]

  Client Component SSR:
    ./guitarforge/src/components/LearningCenterPage.tsx [Client Component SSR]
    ./guitarforge/src/components/GuitarForgeApp.tsx [Client Component SSR]
    ./guitarforge/src/components/GuitarForgeApp.tsx [Server Component]
    ./guitarforge/src/app/page.tsx [Server Component] @ http://localhost:3001/_next/static/chunks/a266a_next_dist_cfedd8c2._.js:3127
[  182901ms] [ERROR] ./guitarforge/src/components/LearningCenterPage.tsx:680:10
Ecmascript file had an error
  678 | }
  679 |
> 680 | function ChromaticTuner() {
      |          ^^^^^^^^^^^^^^
  681 |   const [listening, setListening] = useState(false);
  682 |   const [detected, setDetected] = useState<{ note: string; octave: number; cents: number; freq: number } | null>(null);
  683 |   const ctxRef = useRef<AudioContext | null>(null);

the name `ChromaticTuner` is defined multiple times

Import traces:
  Client Component Browser:
    ./guitarforge/src/components/LearningCenterPage.tsx [Client Component Browser]
    ./guitarforge/src/components/GuitarForgeApp.tsx [Client Component Browser]
    ./guitarforge/src/components/GuitarForgeApp.tsx [Server Component]
    ./guitarforge/src/app/page.tsx [Server Component]

  Client Component SSR:
    ./guitarforge/src/components/LearningCenterPage.tsx [Client Component SSR]
    ./guitarforge/src/components/GuitarForgeApp.tsx [Client Component SSR]
    ./guitarforge/src/components/GuitarForgeApp.tsx [Server Component]
    ./guitarforge/src/app/page.tsx [Server Component] @ http://localhost:3001/_next/static/chunks/a266a_next_dist_cfedd8c2._.js:3127
[  182976ms] [ERROR] ./guitarforge/src/components/LearningCenterPage.tsx:680:10
Ecmascript file had an error
  678 | }
  679 |
> 680 | function ChromaticTuner() {
      |          ^^^^^^^^^^^^^^
  681 |   const [listening, setListening] = useState(false);
  682 |   const [detected, setDetected] = useState<{ note: string; octave: number; cents: number; freq: number } | null>(null);
  683 |   const ctxRef = useRef<AudioContext | null>(null);

the name `ChromaticTuner` is defined multiple times

Import traces:
  Client Component Browser:
    ./guitarforge/src/components/LearningCenterPage.tsx [Client Component Browser]
    ./guitarforge/src/components/GuitarForgeApp.tsx [Client Component Browser]
    ./guitarforge/src/components/GuitarForgeApp.tsx [Server Component]
    ./guitarforge/src/app/page.tsx [Server Component]

  Client Component SSR:
    ./guitarforge/src/components/LearningCenterPage.tsx [Client Component SSR]
    ./guitarforge/src/components/GuitarForgeApp.tsx [Client Component SSR]
    ./guitarforge/src/components/GuitarForgeApp.tsx [Server Component]
    ./guitarforge/src/app/page.tsx [Server Component] @ http://localhost:3001/_next/static/chunks/a266a_next_dist_cfedd8c2._.js:3127
[  183056ms] [ERROR] ./guitarforge/src/components/LearningCenterPage.tsx:680:10
Ecmascript file had an error
  678 | }
  679 |
> 680 | function ChromaticTuner() {
      |          ^^^^^^^^^^^^^^
  681 |   const [listening, setListening] = useState(false);
  682 |   const [detected, setDetected] = useState<{ note: string; octave: number; cents: number; freq: number } | null>(null);
  683 |   const ctxRef = useRef<AudioContext | null>(null);

the name `ChromaticTuner` is defined multiple times

Import traces:
  Client Component Browser:
    ./guitarforge/src/components/LearningCenterPage.tsx [Client Component Browser]
    ./guitarforge/src/components/GuitarForgeApp.tsx [Client Component Browser]
    ./guitarforge/src/components/GuitarForgeApp.tsx [Server Component]
    ./guitarforge/src/app/page.tsx [Server Component]

  Client Component SSR:
    ./guitarforge/src/components/LearningCenterPage.tsx [Client Component SSR]
    ./guitarforge/src/components/GuitarForgeApp.tsx [Client Component SSR]
    ./guitarforge/src/components/GuitarForgeApp.tsx [Server Component]
    ./guitarforge/src/app/page.tsx [Server Component] @ http://localhost:3001/_next/static/chunks/a266a_next_dist_cfedd8c2._.js:3127
[  183135ms] [ERROR] ./guitarforge/src/components/LearningCenterPage.tsx:680:10
Ecmascript file had an error
  678 | }
  679 |
> 680 | function ChromaticTuner() {
      |          ^^^^^^^^^^^^^^
  681 |   const [listening, setListening] = useState(false);
  682 |   const [detected, setDetected] = useState<{ note: string; octave: number; cents: number; freq: number } | null>(null);
  683 |   const ctxRef = useRef<AudioContext | null>(null);

the name `ChromaticTuner` is defined multiple times

Import traces:
  Client Component Browser:
    ./guitarforge/src/components/LearningCenterPage.tsx [Client Component Browser]
    ./guitarforge/src/components/GuitarForgeApp.tsx [Client Component Browser]
    ./guitarforge/src/components/GuitarForgeApp.tsx [Server Component]
    ./guitarforge/src/app/page.tsx [Server Component]

  Client Component SSR:
    ./guitarforge/src/components/LearningCenterPage.tsx [Client Component SSR]
    ./guitarforge/src/components/GuitarForgeApp.tsx [Client Component SSR]
    ./guitarforge/src/components/GuitarForgeApp.tsx [Server Component]
    ./guitarforge/src/app/page.tsx [Server Component] @ http://localhost:3001/_next/static/chunks/a266a_next_dist_cfedd8c2._.js:3127
[  183212ms] [ERROR] ./guitarforge/src/components/LearningCenterPage.tsx:680:10
Ecmascript file had an error
  678 | }
  679 |
> 680 | function ChromaticTuner() {
      |          ^^^^^^^^^^^^^^
  681 |   const [listening, setListening] = useState(false);
  682 |   const [detected, setDetected] = useState<{ note: string; octave: number; cents: number; freq: number } | null>(null);
  683 |   const ctxRef = useRef<AudioContext | null>(null);

the name `ChromaticTuner` is defined multiple times

Import traces:
  Client Component Browser:
    ./guitarforge/src/components/LearningCenterPage.tsx [Client Component Browser]
    ./guitarforge/src/components/GuitarForgeApp.tsx [Client Component Browser]
    ./guitarforge/src/components/GuitarForgeApp.tsx [Server Component]
    ./guitarforge/src/app/page.tsx [Server Component]

  Client Component SSR:
    ./guitarforge/src/components/LearningCenterPage.tsx [Client Component SSR]
    ./guitarforge/src/components/GuitarForgeApp.tsx [Client Component SSR]
    ./guitarforge/src/components/GuitarForgeApp.tsx [Server Component]
    ./guitarforge/src/app/page.tsx [Server Component] @ http://localhost:3001/_next/static/chunks/a266a_next_dist_cfedd8c2._.js:3127
[  183289ms] [ERROR] ./guitarforge/src/components/LearningCenterPage.tsx:680:10
Ecmascript file had an error
  678 | }
  679 |
> 680 | function ChromaticTuner() {
      |          ^^^^^^^^^^^^^^
  681 |   const [listening, setListening] = useState(false);
  682 |   const [detected, setDetected] = useState<{ note: string; octave: number; cents: number; freq: number } | null>(null);
  683 |   const ctxRef = useRef<AudioContext | null>(null);

the name `ChromaticTuner` is defined multiple times

Import traces:
  Client Component Browser:
    ./guitarforge/src/components/LearningCenterPage.tsx [Client Component Browser]
    ./guitarforge/src/components/GuitarForgeApp.tsx [Client Component Browser]
    ./guitarforge/src/components/GuitarForgeApp.tsx [Server Component]
    ./guitarforge/src/app/page.tsx [Server Component]

  Client Component SSR:
    ./guitarforge/src/components/LearningCenterPage.tsx [Client Component SSR]
    ./guitarforge/src/components/GuitarForgeApp.tsx [Client Component SSR]
    ./guitarforge/src/components/GuitarForgeApp.tsx [Server Component]
    ./guitarforge/src/app/page.tsx [Server Component] @ http://localhost:3001/_next/static/chunks/a266a_next_dist_cfedd8c2._.js:3127
[  183352ms] [ERROR] ./guitarforge/src/components/LearningCenterPage.tsx:680:10
Ecmascript file had an error
  678 | }
  679 |
> 680 | function ChromaticTuner() {
      |          ^^^^^^^^^^^^^^
  681 |   const [listening, setListening] = useState(false);
  682 |   const [detected, setDetected] = useState<{ note: string; octave: number; cents: number; freq: number } | null>(null);
  683 |   const ctxRef = useRef<AudioContext | null>(null);

the name `ChromaticTuner` is defined multiple times

Import traces:
  Client Component Browser:
    ./guitarforge/src/components/LearningCenterPage.tsx [Client Component Browser]
    ./guitarforge/src/components/GuitarForgeApp.tsx [Client Component Browser]
    ./guitarforge/src/components/GuitarForgeApp.tsx [Server Component]
    ./guitarforge/src/app/page.tsx [Server Component]

  Client Component SSR:
    ./guitarforge/src/components/LearningCenterPage.tsx [Client Component SSR]
    ./guitarforge/src/components/GuitarForgeApp.tsx [Client Component SSR]
    ./guitarforge/src/components/GuitarForgeApp.tsx [Server Component]
    ./guitarforge/src/app/page.tsx [Server Component] @ http://localhost:3001/_next/static/chunks/a266a_next_dist_cfedd8c2._.js:3127
[  183416ms] [ERROR] ./guitarforge/src/components/LearningCenterPage.tsx:680:10
Ecmascript file had an error
  678 | }
  679 |
> 680 | function ChromaticTuner() {
      |          ^^^^^^^^^^^^^^
  681 |   const [listening, setListening] = useState(false);
  682 |   const [detected, setDetected] = useState<{ note: string; octave: number; cents: number; freq: number } | null>(null);
  683 |   const ctxRef = useRef<AudioContext | null>(null);

the name `ChromaticTuner` is defined multiple times

Import traces:
  Client Component Browser:
    ./guitarforge/src/components/LearningCenterPage.tsx [Client Component Browser]
    ./guitarforge/src/components/GuitarForgeApp.tsx [Client Component Browser]
    ./guitarforge/src/components/GuitarForgeApp.tsx [Server Component]
    ./guitarforge/src/app/page.tsx [Server Component]

  Client Component SSR:
    ./guitarforge/src/components/LearningCenterPage.tsx [Client Component SSR]
    ./guitarforge/src/components/GuitarForgeApp.tsx [Client Component SSR]
    ./guitarforge/src/components/GuitarForgeApp.tsx [Server Component]
    ./guitarforge/src/app/page.tsx [Server Component] @ http://localhost:3001/_next/static/chunks/a266a_next_dist_cfedd8c2._.js:3127
[  183494ms] [ERROR] ./guitarforge/src/components/LearningCenterPage.tsx:680:10
Ecmascript file had an error
  678 | }
  679 |
> 680 | function ChromaticTuner() {
      |          ^^^^^^^^^^^^^^
  681 |   const [listening, setListening] = useState(false);
  682 |   const [detected, setDetected] = useState<{ note: string; octave: number; cents: number; freq: number } | null>(null);
  683 |   const ctxRef = useRef<AudioContext | null>(null);

the name `ChromaticTuner` is defined multiple times

Import traces:
  Client Component Browser:
    ./guitarforge/src/components/LearningCenterPage.tsx [Client Component Browser]
    ./guitarforge/src/components/GuitarForgeApp.tsx [Client Component Browser]
    ./guitarforge/src/components/GuitarForgeApp.tsx [Server Component]
    ./guitarforge/src/app/page.tsx [Server Component]

  Client Component SSR:
    ./guitarforge/src/components/LearningCenterPage.tsx [Client Component SSR]
    ./guitarforge/src/components/GuitarForgeApp.tsx [Client Component SSR]
    ./guitarforge/src/components/GuitarForgeApp.tsx [Server Component]
    ./guitarforge/src/app/page.tsx [Server Component] @ http://localhost:3001/_next/static/chunks/a266a_next_dist_cfedd8c2._.js:3127
[  183574ms] [ERROR] ./guitarforge/src/components/LearningCenterPage.tsx:680:10
Ecmascript file had an error
  678 | }
  679 |
> 680 | function ChromaticTuner() {
      |          ^^^^^^^^^^^^^^
  681 |   const [listening, setListening] = useState(false);
  682 |   const [detected, setDetected] = useState<{ note: string; octave: number; cents: number; freq: number } | null>(null);
  683 |   const ctxRef = useRef<AudioContext | null>(null);

the name `ChromaticTuner` is defined multiple times

Import traces:
  Client Component Browser:
    ./guitarforge/src/components/LearningCenterPage.tsx [Client Component Browser]
    ./guitarforge/src/components/GuitarForgeApp.tsx [Client Component Browser]
    ./guitarforge/src/components/GuitarForgeApp.tsx [Server Component]
    ./guitarforge/src/app/page.tsx [Server Component]

  Client Component SSR:
    ./guitarforge/src/components/LearningCenterPage.tsx [Client Component SSR]
    ./guitarforge/src/components/GuitarForgeApp.tsx [Client Component SSR]
    ./guitarforge/src/components/GuitarForgeApp.tsx [Server Component]
    ./guitarforge/src/app/page.tsx [Server Component] @ http://localhost:3001/_next/static/chunks/a266a_next_dist_cfedd8c2._.js:3127
[  183648ms] [ERROR] ./guitarforge/src/components/LearningCenterPage.tsx:680:10
Ecmascript file had an error
  678 | }
  679 |
> 680 | function ChromaticTuner() {
      |          ^^^^^^^^^^^^^^
  681 |   const [listening, setListening] = useState(false);
  682 |   const [detected, setDetected] = useState<{ note: string; octave: number; cents: number; freq: number } | null>(null);
  683 |   const ctxRef = useRef<AudioContext | null>(null);

the name `ChromaticTuner` is defined multiple times

Import traces:
  Client Component Browser:
    ./guitarforge/src/components/LearningCenterPage.tsx [Client Component Browser]
    ./guitarforge/src/components/GuitarForgeApp.tsx [Client Component Browser]
    ./guitarforge/src/components/GuitarForgeApp.tsx [Server Component]
    ./guitarforge/src/app/page.tsx [Server Component]

  Client Component SSR:
    ./guitarforge/src/components/LearningCenterPage.tsx [Client Component SSR]
    ./guitarforge/src/components/GuitarForgeApp.tsx [Client Component SSR]
    ./guitarforge/src/components/GuitarForgeApp.tsx [Server Component]
    ./guitarforge/src/app/page.tsx [Server Component] @ http://localhost:3001/_next/static/chunks/a266a_next_dist_cfedd8c2._.js:3127
[  183727ms] [ERROR] ./guitarforge/src/components/LearningCenterPage.tsx:680:10
Ecmascript file had an error
  678 | }
  679 |
> 680 | function ChromaticTuner() {
      |          ^^^^^^^^^^^^^^
  681 |   const [listening, setListening] = useState(false);
  682 |   const [detected, setDetected] = useState<{ note: string; octave: number; cents: number; freq: number } | null>(null);
  683 |   const ctxRef = useRef<AudioContext | null>(null);

the name `ChromaticTuner` is defined multiple times

Import traces:
  Client Component Browser:
    ./guitarforge/src/components/LearningCenterPage.tsx [Client Component Browser]
    ./guitarforge/src/components/GuitarForgeApp.tsx [Client Component Browser]
    ./guitarforge/src/components/GuitarForgeApp.tsx [Server Component]
    ./guitarforge/src/app/page.tsx [Server Component]

  Client Component SSR:
    ./guitarforge/src/components/LearningCenterPage.tsx [Client Component SSR]
    ./guitarforge/src/components/GuitarForgeApp.tsx [Client Component SSR]
    ./guitarforge/src/components/GuitarForgeApp.tsx [Server Component]
    ./guitarforge/src/app/page.tsx [Server Component] @ http://localhost:3001/_next/static/chunks/a266a_next_dist_cfedd8c2._.js:3127
[  183807ms] [ERROR] ./guitarforge/src/components/LearningCenterPage.tsx:680:10
Ecmascript file had an error
  678 | }
  679 |
> 680 | function ChromaticTuner() {
      |          ^^^^^^^^^^^^^^
  681 |   const [listening, setListening] = useState(false);
  682 |   const [detected, setDetected] = useState<{ note: string; octave: number; cents: number; freq: number } | null>(null);
  683 |   const ctxRef = useRef<AudioContext | null>(null);

the name `ChromaticTuner` is defined multiple times

Import traces:
  Client Component Browser:
    ./guitarforge/src/components/LearningCenterPage.tsx [Client Component Browser]
    ./guitarforge/src/components/GuitarForgeApp.tsx [Client Component Browser]
    ./guitarforge/src/components/GuitarForgeApp.tsx [Server Component]
    ./guitarforge/src/app/page.tsx [Server Component]

  Client Component SSR:
    ./guitarforge/src/components/LearningCenterPage.tsx [Client Component SSR]
    ./guitarforge/src/components/GuitarForgeApp.tsx [Client Component SSR]
    ./guitarforge/src/components/GuitarForgeApp.tsx [Server Component]
    ./guitarforge/src/app/page.tsx [Server Component] @ http://localhost:3001/_next/static/chunks/a266a_next_dist_cfedd8c2._.js:3127
[  183885ms] [ERROR] ./guitarforge/src/components/LearningCenterPage.tsx:680:10
Ecmascript file had an error
  678 | }
  679 |
> 680 | function ChromaticTuner() {
      |          ^^^^^^^^^^^^^^
  681 |   const [listening, setListening] = useState(false);
  682 |   const [detected, setDetected] = useState<{ note: string; octave: number; cents: number; freq: number } | null>(null);
  683 |   const ctxRef = useRef<AudioContext | null>(null);

the name `ChromaticTuner` is defined multiple times

Import traces:
  Client Component Browser:
    ./guitarforge/src/components/LearningCenterPage.tsx [Client Component Browser]
    ./guitarforge/src/components/GuitarForgeApp.tsx [Client Component Browser]
    ./guitarforge/src/components/GuitarForgeApp.tsx [Server Component]
    ./guitarforge/src/app/page.tsx [Server Component]

  Client Component SSR:
    ./guitarforge/src/components/LearningCenterPage.tsx [Client Component SSR]
    ./guitarforge/src/components/GuitarForgeApp.tsx [Client Component SSR]
    ./guitarforge/src/components/GuitarForgeApp.tsx [Server Component]
    ./guitarforge/src/app/page.tsx [Server Component] @ http://localhost:3001/_next/static/chunks/a266a_next_dist_cfedd8c2._.js:3127
[  183963ms] [ERROR] ./guitarforge/src/components/LearningCenterPage.tsx:680:10
Ecmascript file had an error
  678 | }
  679 |
> 680 | function ChromaticTuner() {
      |          ^^^^^^^^^^^^^^
  681 |   const [listening, setListening] = useState(false);
  682 |   const [detected, setDetected] = useState<{ note: string; octave: number; cents: number; freq: number } | null>(null);
  683 |   const ctxRef = useRef<AudioContext | null>(null);

the name `ChromaticTuner` is defined multiple times

Import traces:
  Client Component Browser:
    ./guitarforge/src/components/LearningCenterPage.tsx [Client Component Browser]
    ./guitarforge/src/components/GuitarForgeApp.tsx [Client Component Browser]
    ./guitarforge/src/components/GuitarForgeApp.tsx [Server Component]
    ./guitarforge/src/app/page.tsx [Server Component]

  Client Component SSR:
    ./guitarforge/src/components/LearningCenterPage.tsx [Client Component SSR]
    ./guitarforge/src/components/GuitarForgeApp.tsx [Client Component SSR]
    ./guitarforge/src/components/GuitarForgeApp.tsx [Server Component]
    ./guitarforge/src/app/page.tsx [Server Component] @ http://localhost:3001/_next/static/chunks/a266a_next_dist_cfedd8c2._.js:3127
[  184039ms] [ERROR] ./guitarforge/src/components/LearningCenterPage.tsx:680:10
Ecmascript file had an error
  678 | }
  679 |
> 680 | function ChromaticTuner() {
      |          ^^^^^^^^^^^^^^
  681 |   const [listening, setListening] = useState(false);
  682 |   const [detected, setDetected] = useState<{ note: string; octave: number; cents: number; freq: number } | null>(null);
  683 |   const ctxRef = useRef<AudioContext | null>(null);

the name `ChromaticTuner` is defined multiple times

Import traces:
  Client Component Browser:
    ./guitarforge/src/components/LearningCenterPage.tsx [Client Component Browser]
    ./guitarforge/src/components/GuitarForgeApp.tsx [Client Component Browser]
    ./guitarforge/src/components/GuitarForgeApp.tsx [Server Component]
    ./guitarforge/src/app/page.tsx [Server Component]

  Client Component SSR:
    ./guitarforge/src/components/LearningCenterPage.tsx [Client Component SSR]
    ./guitarforge/src/components/GuitarForgeApp.tsx [Client Component SSR]
    ./guitarforge/src/components/GuitarForgeApp.tsx [Server Component]
    ./guitarforge/src/app/page.tsx [Server Component] @ http://localhost:3001/_next/static/chunks/a266a_next_dist_cfedd8c2._.js:3127
[  184117ms] [ERROR] ./guitarforge/src/components/LearningCenterPage.tsx:680:10
Ecmascript file had an error
  678 | }
  679 |
> 680 | function ChromaticTuner() {
      |          ^^^^^^^^^^^^^^
  681 |   const [listening, setListening] = useState(false);
  682 |   const [detected, setDetected] = useState<{ note: string; octave: number; cents: number; freq: number } | null>(null);
  683 |   const ctxRef = useRef<AudioContext | null>(null);

the name `ChromaticTuner` is defined multiple times

Import traces:
  Client Component Browser:
    ./guitarforge/src/components/LearningCenterPage.tsx [Client Component Browser]
    ./guitarforge/src/components/GuitarForgeApp.tsx [Client Component Browser]
    ./guitarforge/src/components/GuitarForgeApp.tsx [Server Component]
    ./guitarforge/src/app/page.tsx [Server Component]

  Client Component SSR:
    ./guitarforge/src/components/LearningCenterPage.tsx [Client Component SSR]
    ./guitarforge/src/components/GuitarForgeApp.tsx [Client Component SSR]
    ./guitarforge/src/components/GuitarForgeApp.tsx [Server Component]
    ./guitarforge/src/app/page.tsx [Server Component] @ http://localhost:3001/_next/static/chunks/a266a_next_dist_cfedd8c2._.js:3127
[  184197ms] [ERROR] ./guitarforge/src/components/LearningCenterPage.tsx:680:10
Ecmascript file had an error
  678 | }
  679 |
> 680 | function ChromaticTuner() {
      |          ^^^^^^^^^^^^^^
  681 |   const [listening, setListening] = useState(false);
  682 |   const [detected, setDetected] = useState<{ note: string; octave: number; cents: number; freq: number } | null>(null);
  683 |   const ctxRef = useRef<AudioContext | null>(null);

the name `ChromaticTuner` is defined multiple times

Import traces:
  Client Component Browser:
    ./guitarforge/src/components/LearningCenterPage.tsx [Client Component Browser]
    ./guitarforge/src/components/GuitarForgeApp.tsx [Client Component Browser]
    ./guitarforge/src/components/GuitarForgeApp.tsx [Server Component]
    ./guitarforge/src/app/page.tsx [Server Component]

  Client Component SSR:
    ./guitarforge/src/components/LearningCenterPage.tsx [Client Component SSR]
    ./guitarforge/src/components/GuitarForgeApp.tsx [Client Component SSR]
    ./guitarforge/src/components/GuitarForgeApp.tsx [Server Component]
    ./guitarforge/src/app/page.tsx [Server Component] @ http://localhost:3001/_next/static/chunks/a266a_next_dist_cfedd8c2._.js:3127
[  184274ms] [ERROR] ./guitarforge/src/components/LearningCenterPage.tsx:680:10
Ecmascript file had an error
  678 | }
  679 |
> 680 | function ChromaticTuner() {
      |          ^^^^^^^^^^^^^^
  681 |   const [listening, setListening] = useState(false);
  682 |   const [detected, setDetected] = useState<{ note: string; octave: number; cents: number; freq: number } | null>(null);
  683 |   const ctxRef = useRef<AudioContext | null>(null);

the name `ChromaticTuner` is defined multiple times

Import traces:
  Client Component Browser:
    ./guitarforge/src/components/LearningCenterPage.tsx [Client Component Browser]
    ./guitarforge/src/components/GuitarForgeApp.tsx [Client Component Browser]
    ./guitarforge/src/components/GuitarForgeApp.tsx [Server Component]
    ./guitarforge/src/app/page.tsx [Server Component]

  Client Component SSR:
    ./guitarforge/src/components/LearningCenterPage.tsx [Client Component SSR]
    ./guitarforge/src/components/GuitarForgeApp.tsx [Client Component SSR]
    ./guitarforge/src/components/GuitarForgeApp.tsx [Server Component]
    ./guitarforge/src/app/page.tsx [Server Component] @ http://localhost:3001/_next/static/chunks/a266a_next_dist_cfedd8c2._.js:3127
[  184354ms] [ERROR] ./guitarforge/src/components/LearningCenterPage.tsx:680:10
Ecmascript file had an error
  678 | }
  679 |
> 680 | function ChromaticTuner() {
      |          ^^^^^^^^^^^^^^
  681 |   const [listening, setListening] = useState(false);
  682 |   const [detected, setDetected] = useState<{ note: string; octave: number; cents: number; freq: number } | null>(null);
  683 |   const ctxRef = useRef<AudioContext | null>(null);

the name `ChromaticTuner` is defined multiple times

Import traces:
  Client Component Browser:
    ./guitarforge/src/components/LearningCenterPage.tsx [Client Component Browser]
    ./guitarforge/src/components/GuitarForgeApp.tsx [Client Component Browser]
    ./guitarforge/src/components/GuitarForgeApp.tsx [Server Component]
    ./guitarforge/src/app/page.tsx [Server Component]

  Client Component SSR:
    ./guitarforge/src/components/LearningCenterPage.tsx [Client Component SSR]
    ./guitarforge/src/components/GuitarForgeApp.tsx [Client Component SSR]
    ./guitarforge/src/components/GuitarForgeApp.tsx [Server Component]
    ./guitarforge/src/app/page.tsx [Server Component] @ http://localhost:3001/_next/static/chunks/a266a_next_dist_cfedd8c2._.js:3127
[  184429ms] [ERROR] ./guitarforge/src/components/LearningCenterPage.tsx:680:10
Ecmascript file had an error
  678 | }
  679 |
> 680 | function ChromaticTuner() {
      |          ^^^^^^^^^^^^^^
  681 |   const [listening, setListening] = useState(false);
  682 |   const [detected, setDetected] = useState<{ note: string; octave: number; cents: number; freq: number } | null>(null);
  683 |   const ctxRef = useRef<AudioContext | null>(null);

the name `ChromaticTuner` is defined multiple times

Import traces:
  Client Component Browser:
    ./guitarforge/src/components/LearningCenterPage.tsx [Client Component Browser]
    ./guitarforge/src/components/GuitarForgeApp.tsx [Client Component Browser]
    ./guitarforge/src/components/GuitarForgeApp.tsx [Server Component]
    ./guitarforge/src/app/page.tsx [Server Component]

  Client Component SSR:
    ./guitarforge/src/components/LearningCenterPage.tsx [Client Component SSR]
    ./guitarforge/src/components/GuitarForgeApp.tsx [Client Component SSR]
    ./guitarforge/src/components/GuitarForgeApp.tsx [Server Component]
    ./guitarforge/src/app/page.tsx [Server Component] @ http://localhost:3001/_next/static/chunks/a266a_next_dist_cfedd8c2._.js:3127
[  184506ms] [ERROR] ./guitarforge/src/components/LearningCenterPage.tsx:680:10
Ecmascript file had an error
  678 | }
  679 |
> 680 | function ChromaticTuner() {
      |          ^^^^^^^^^^^^^^
  681 |   const [listening, setListening] = useState(false);
  682 |   const [detected, setDetected] = useState<{ note: string; octave: number; cents: number; freq: number } | null>(null);
  683 |   const ctxRef = useRef<AudioContext | null>(null);

the name `ChromaticTuner` is defined multiple times

Import traces:
  Client Component Browser:
    ./guitarforge/src/components/LearningCenterPage.tsx [Client Component Browser]
    ./guitarforge/src/components/GuitarForgeApp.tsx [Client Component Browser]
    ./guitarforge/src/components/GuitarForgeApp.tsx [Server Component]
    ./guitarforge/src/app/page.tsx [Server Component]

  Client Component SSR:
    ./guitarforge/src/components/LearningCenterPage.tsx [Client Component SSR]
    ./guitarforge/src/components/GuitarForgeApp.tsx [Client Component SSR]
    ./guitarforge/src/components/GuitarForgeApp.tsx [Server Component]
    ./guitarforge/src/app/page.tsx [Server Component] @ http://localhost:3001/_next/static/chunks/a266a_next_dist_cfedd8c2._.js:3127
[  184583ms] [ERROR] ./guitarforge/src/components/LearningCenterPage.tsx:680:10
Ecmascript file had an error
  678 | }
  679 |
> 680 | function ChromaticTuner() {
      |          ^^^^^^^^^^^^^^
  681 |   const [listening, setListening] = useState(false);
  682 |   const [detected, setDetected] = useState<{ note: string; octave: number; cents: number; freq: number } | null>(null);
  683 |   const ctxRef = useRef<AudioContext | null>(null);

the name `ChromaticTuner` is defined multiple times

Import traces:
  Client Component Browser:
    ./guitarforge/src/components/LearningCenterPage.tsx [Client Component Browser]
    ./guitarforge/src/components/GuitarForgeApp.tsx [Client Component Browser]
    ./guitarforge/src/components/GuitarForgeApp.tsx [Server Component]
    ./guitarforge/src/app/page.tsx [Server Component]

  Client Component SSR:
    ./guitarforge/src/components/LearningCenterPage.tsx [Client Component SSR]
    ./guitarforge/src/components/GuitarForgeApp.tsx [Client Component SSR]
    ./guitarforge/src/components/GuitarForgeApp.tsx [Server Component]
    ./guitarforge/src/app/page.tsx [Server Component] @ http://localhost:3001/_next/static/chunks/a266a_next_dist_cfedd8c2._.js:3127
[  184662ms] [ERROR] ./guitarforge/src/components/LearningCenterPage.tsx:680:10
Ecmascript file had an error
  678 | }
  679 |
> 680 | function ChromaticTuner() {
      |          ^^^^^^^^^^^^^^
  681 |   const [listening, setListening] = useState(false);
  682 |   const [detected, setDetected] = useState<{ note: string; octave: number; cents: number; freq: number } | null>(null);
  683 |   const ctxRef = useRef<AudioContext | null>(null);

the name `ChromaticTuner` is defined multiple times

Import traces:
  Client Component Browser:
    ./guitarforge/src/components/LearningCenterPage.tsx [Client Component Browser]
    ./guitarforge/src/components/GuitarForgeApp.tsx [Client Component Browser]
    ./guitarforge/src/components/GuitarForgeApp.tsx [Server Component]
    ./guitarforge/src/app/page.tsx [Server Component]

  Client Component SSR:
    ./guitarforge/src/components/LearningCenterPage.tsx [Client Component SSR]
    ./guitarforge/src/components/GuitarForgeApp.tsx [Client Component SSR]
    ./guitarforge/src/components/GuitarForgeApp.tsx [Server Component]
    ./guitarforge/src/app/page.tsx [Server Component] @ http://localhost:3001/_next/static/chunks/a266a_next_dist_cfedd8c2._.js:3127
[  184742ms] [ERROR] ./guitarforge/src/components/LearningCenterPage.tsx:680:10
Ecmascript file had an error
  678 | }
  679 |
> 680 | function ChromaticTuner() {
      |          ^^^^^^^^^^^^^^
  681 |   const [listening, setListening] = useState(false);
  682 |   const [detected, setDetected] = useState<{ note: string; octave: number; cents: number; freq: number } | null>(null);
  683 |   const ctxRef = useRef<AudioContext | null>(null);

the name `ChromaticTuner` is defined multiple times

Import traces:
  Client Component Browser:
    ./guitarforge/src/components/LearningCenterPage.tsx [Client Component Browser]
    ./guitarforge/src/components/GuitarForgeApp.tsx [Client Component Browser]
    ./guitarforge/src/components/GuitarForgeApp.tsx [Server Component]
    ./guitarforge/src/app/page.tsx [Server Component]

  Client Component SSR:
    ./guitarforge/src/components/LearningCenterPage.tsx [Client Component SSR]
    ./guitarforge/src/components/GuitarForgeApp.tsx [Client Component SSR]
    ./guitarforge/src/components/GuitarForgeApp.tsx [Server Component]
    ./guitarforge/src/app/page.tsx [Server Component] @ http://localhost:3001/_next/static/chunks/a266a_next_dist_cfedd8c2._.js:3127
[  184816ms] [ERROR] ./guitarforge/src/components/LearningCenterPage.tsx:680:10
Ecmascript file had an error
  678 | }
  679 |
> 680 | function ChromaticTuner() {
      |          ^^^^^^^^^^^^^^
  681 |   const [listening, setListening] = useState(false);
  682 |   const [detected, setDetected] = useState<{ note: string; octave: number; cents: number; freq: number } | null>(null);
  683 |   const ctxRef = useRef<AudioContext | null>(null);

the name `ChromaticTuner` is defined multiple times

Import traces:
  Client Component Browser:
    ./guitarforge/src/components/LearningCenterPage.tsx [Client Component Browser]
    ./guitarforge/src/components/GuitarForgeApp.tsx [Client Component Browser]
    ./guitarforge/src/components/GuitarForgeApp.tsx [Server Component]
    ./guitarforge/src/app/page.tsx [Server Component]

  Client Component SSR:
    ./guitarforge/src/components/LearningCenterPage.tsx [Client Component SSR]
    ./guitarforge/src/components/GuitarForgeApp.tsx [Client Component SSR]
    ./guitarforge/src/components/GuitarForgeApp.tsx [Server Component]
    ./guitarforge/src/app/page.tsx [Server Component] @ http://localhost:3001/_next/static/chunks/a266a_next_dist_cfedd8c2._.js:3127
[  184880ms] [ERROR] ./guitarforge/src/components/LearningCenterPage.tsx:680:10
Ecmascript file had an error
  678 | }
  679 |
> 680 | function ChromaticTuner() {
      |          ^^^^^^^^^^^^^^
  681 |   const [listening, setListening] = useState(false);
  682 |   const [detected, setDetected] = useState<{ note: string; octave: number; cents: number; freq: number } | null>(null);
  683 |   const ctxRef = useRef<AudioContext | null>(null);

the name `ChromaticTuner` is defined multiple times

Import traces:
  Client Component Browser:
    ./guitarforge/src/components/LearningCenterPage.tsx [Client Component Browser]
    ./guitarforge/src/components/GuitarForgeApp.tsx [Client Component Browser]
    ./guitarforge/src/components/GuitarForgeApp.tsx [Server Component]
    ./guitarforge/src/app/page.tsx [Server Component]

  Client Component SSR:
    ./guitarforge/src/components/LearningCenterPage.tsx [Client Component SSR]
    ./guitarforge/src/components/GuitarForgeApp.tsx [Client Component SSR]
    ./guitarforge/src/components/GuitarForgeApp.tsx [Server Component]
    ./guitarforge/src/app/page.tsx [Server Component] @ http://localhost:3001/_next/static/chunks/a266a_next_dist_cfedd8c2._.js:3127
[  184958ms] [ERROR] ./guitarforge/src/components/LearningCenterPage.tsx:680:10
Ecmascript file had an error
  678 | }
  679 |
> 680 | function ChromaticTuner() {
      |          ^^^^^^^^^^^^^^
  681 |   const [listening, setListening] = useState(false);
  682 |   const [detected, setDetected] = useState<{ note: string; octave: number; cents: number; freq: number } | null>(null);
  683 |   const ctxRef = useRef<AudioContext | null>(null);

the name `ChromaticTuner` is defined multiple times

Import traces:
  Client Component Browser:
    ./guitarforge/src/components/LearningCenterPage.tsx [Client Component Browser]
    ./guitarforge/src/components/GuitarForgeApp.tsx [Client Component Browser]
    ./guitarforge/src/components/GuitarForgeApp.tsx [Server Component]
    ./guitarforge/src/app/page.tsx [Server Component]

  Client Component SSR:
    ./guitarforge/src/components/LearningCenterPage.tsx [Client Component SSR]
    ./guitarforge/src/components/GuitarForgeApp.tsx [Client Component SSR]
    ./guitarforge/src/components/GuitarForgeApp.tsx [Server Component]
    ./guitarforge/src/app/page.tsx [Server Component] @ http://localhost:3001/_next/static/chunks/a266a_next_dist_cfedd8c2._.js:3127
[  185036ms] [ERROR] ./guitarforge/src/components/LearningCenterPage.tsx:680:10
Ecmascript file had an error
  678 | }
  679 |
> 680 | function ChromaticTuner() {
      |          ^^^^^^^^^^^^^^
  681 |   const [listening, setListening] = useState(false);
  682 |   const [detected, setDetected] = useState<{ note: string; octave: number; cents: number; freq: number } | null>(null);
  683 |   const ctxRef = useRef<AudioContext | null>(null);

the name `ChromaticTuner` is defined multiple times

Import traces:
  Client Component Browser:
    ./guitarforge/src/components/LearningCenterPage.tsx [Client Component Browser]
    ./guitarforge/src/components/GuitarForgeApp.tsx [Client Component Browser]
    ./guitarforge/src/components/GuitarForgeApp.tsx [Server Component]
    ./guitarforge/src/app/page.tsx [Server Component]

  Client Component SSR:
    ./guitarforge/src/components/LearningCenterPage.tsx [Client Component SSR]
    ./guitarforge/src/components/GuitarForgeApp.tsx [Client Component SSR]
    ./guitarforge/src/components/GuitarForgeApp.tsx [Server Component]
    ./guitarforge/src/app/page.tsx [Server Component] @ http://localhost:3001/_next/static/chunks/a266a_next_dist_cfedd8c2._.js:3127
[  185116ms] [ERROR] ./guitarforge/src/components/LearningCenterPage.tsx:680:10
Ecmascript file had an error
  678 | }
  679 |
> 680 | function ChromaticTuner() {
      |          ^^^^^^^^^^^^^^
  681 |   const [listening, setListening] = useState(false);
  682 |   const [detected, setDetected] = useState<{ note: string; octave: number; cents: number; freq: number } | null>(null);
  683 |   const ctxRef = useRef<AudioContext | null>(null);

the name `ChromaticTuner` is defined multiple times

Import traces:
  Client Component Browser:
    ./guitarforge/src/components/LearningCenterPage.tsx [Client Component Browser]
    ./guitarforge/src/components/GuitarForgeApp.tsx [Client Component Browser]
    ./guitarforge/src/components/GuitarForgeApp.tsx [Server Component]
    ./guitarforge/src/app/page.tsx [Server Component]

  Client Component SSR:
    ./guitarforge/src/components/LearningCenterPage.tsx [Client Component SSR]
    ./guitarforge/src/components/GuitarForgeApp.tsx [Client Component SSR]
    ./guitarforge/src/components/GuitarForgeApp.tsx [Server Component]
    ./guitarforge/src/app/page.tsx [Server Component] @ http://localhost:3001/_next/static/chunks/a266a_next_dist_cfedd8c2._.js:3127
[  185192ms] [ERROR] ./guitarforge/src/components/LearningCenterPage.tsx:680:10
Ecmascript file had an error
  678 | }
  679 |
> 680 | function ChromaticTuner() {
      |          ^^^^^^^^^^^^^^
  681 |   const [listening, setListening] = useState(false);
  682 |   const [detected, setDetected] = useState<{ note: string; octave: number; cents: number; freq: number } | null>(null);
  683 |   const ctxRef = useRef<AudioContext | null>(null);

the name `ChromaticTuner` is defined multiple times

Import traces:
  Client Component Browser:
    ./guitarforge/src/components/LearningCenterPage.tsx [Client Component Browser]
    ./guitarforge/src/components/GuitarForgeApp.tsx [Client Component Browser]
    ./guitarforge/src/components/GuitarForgeApp.tsx [Server Component]
    ./guitarforge/src/app/page.tsx [Server Component]

  Client Component SSR:
    ./guitarforge/src/components/LearningCenterPage.tsx [Client Component SSR]
    ./guitarforge/src/components/GuitarForgeApp.tsx [Client Component SSR]
    ./guitarforge/src/components/GuitarForgeApp.tsx [Server Component]
    ./guitarforge/src/app/page.tsx [Server Component] @ http://localhost:3001/_next/static/chunks/a266a_next_dist_cfedd8c2._.js:3127
[  185270ms] [ERROR] ./guitarforge/src/components/LearningCenterPage.tsx:680:10
Ecmascript file had an error
  678 | }
  679 |
> 680 | function ChromaticTuner() {
      |          ^^^^^^^^^^^^^^
  681 |   const [listening, setListening] = useState(false);
  682 |   const [detected, setDetected] = useState<{ note: string; octave: number; cents: number; freq: number } | null>(null);
  683 |   const ctxRef = useRef<AudioContext | null>(null);

the name `ChromaticTuner` is defined multiple times

Import traces:
  Client Component Browser:
    ./guitarforge/src/components/LearningCenterPage.tsx [Client Component Browser]
    ./guitarforge/src/components/GuitarForgeApp.tsx [Client Component Browser]
    ./guitarforge/src/components/GuitarForgeApp.tsx [Server Component]
    ./guitarforge/src/app/page.tsx [Server Component]

  Client Component SSR:
    ./guitarforge/src/components/LearningCenterPage.tsx [Client Component SSR]
    ./guitarforge/src/components/GuitarForgeApp.tsx [Client Component SSR]
    ./guitarforge/src/components/GuitarForgeApp.tsx [Server Component]
    ./guitarforge/src/app/page.tsx [Server Component] @ http://localhost:3001/_next/static/chunks/a266a_next_dist_cfedd8c2._.js:3127
[  185335ms] [ERROR] ./guitarforge/src/components/LearningCenterPage.tsx:680:10
Ecmascript file had an error
  678 | }
  679 |
> 680 | function ChromaticTuner() {
      |          ^^^^^^^^^^^^^^
  681 |   const [listening, setListening] = useState(false);
  682 |   const [detected, setDetected] = useState<{ note: string; octave: number; cents: number; freq: number } | null>(null);
  683 |   const ctxRef = useRef<AudioContext | null>(null);

the name `ChromaticTuner` is defined multiple times

Import traces:
  Client Component Browser:
    ./guitarforge/src/components/LearningCenterPage.tsx [Client Component Browser]
    ./guitarforge/src/components/GuitarForgeApp.tsx [Client Component Browser]
    ./guitarforge/src/components/GuitarForgeApp.tsx [Server Component]
    ./guitarforge/src/app/page.tsx [Server Component]

  Client Component SSR:
    ./guitarforge/src/components/LearningCenterPage.tsx [Client Component SSR]
    ./guitarforge/src/components/GuitarForgeApp.tsx [Client Component SSR]
    ./guitarforge/src/components/GuitarForgeApp.tsx [Server Component]
    ./guitarforge/src/app/page.tsx [Server Component] @ http://localhost:3001/_next/static/chunks/a266a_next_dist_cfedd8c2._.js:3127
[  185413ms] [ERROR] ./guitarforge/src/components/LearningCenterPage.tsx:680:10
Ecmascript file had an error
  678 | }
  679 |
> 680 | function ChromaticTuner() {
      |          ^^^^^^^^^^^^^^
  681 |   const [listening, setListening] = useState(false);
  682 |   const [detected, setDetected] = useState<{ note: string; octave: number; cents: number; freq: number } | null>(null);
  683 |   const ctxRef = useRef<AudioContext | null>(null);

the name `ChromaticTuner` is defined multiple times

Import traces:
  Client Component Browser:
    ./guitarforge/src/components/LearningCenterPage.tsx [Client Component Browser]
    ./guitarforge/src/components/GuitarForgeApp.tsx [Client Component Browser]
    ./guitarforge/src/components/GuitarForgeApp.tsx [Server Component]
    ./guitarforge/src/app/page.tsx [Server Component]

  Client Component SSR:
    ./guitarforge/src/components/LearningCenterPage.tsx [Client Component SSR]
    ./guitarforge/src/components/GuitarForgeApp.tsx [Client Component SSR]
    ./guitarforge/src/components/GuitarForgeApp.tsx [Server Component]
    ./guitarforge/src/app/page.tsx [Server Component] @ http://localhost:3001/_next/static/chunks/a266a_next_dist_cfedd8c2._.js:3127
[  185491ms] [ERROR] ./guitarforge/src/components/LearningCenterPage.tsx:680:10
Ecmascript file had an error
  678 | }
  679 |
> 680 | function ChromaticTuner() {
      |          ^^^^^^^^^^^^^^
  681 |   const [listening, setListening] = useState(false);
  682 |   const [detected, setDetected] = useState<{ note: string; octave: number; cents: number; freq: number } | null>(null);
  683 |   const ctxRef = useRef<AudioContext | null>(null);

the name `ChromaticTuner` is defined multiple times

Import traces:
  Client Component Browser:
    ./guitarforge/src/components/LearningCenterPage.tsx [Client Component Browser]
    ./guitarforge/src/components/GuitarForgeApp.tsx [Client Component Browser]
    ./guitarforge/src/components/GuitarForgeApp.tsx [Server Component]
    ./guitarforge/src/app/page.tsx [Server Component]

  Client Component SSR:
    ./guitarforge/src/components/LearningCenterPage.tsx [Client Component SSR]
    ./guitarforge/src/components/GuitarForgeApp.tsx [Client Component SSR]
    ./guitarforge/src/components/GuitarForgeApp.tsx [Server Component]
    ./guitarforge/src/app/page.tsx [Server Component] @ http://localhost:3001/_next/static/chunks/a266a_next_dist_cfedd8c2._.js:3127
[  185567ms] [ERROR] ./guitarforge/src/components/LearningCenterPage.tsx:680:10
Ecmascript file had an error
  678 | }
  679 |
> 680 | function ChromaticTuner() {
      |          ^^^^^^^^^^^^^^
  681 |   const [listening, setListening] = useState(false);
  682 |   const [detected, setDetected] = useState<{ note: string; octave: number; cents: number; freq: number } | null>(null);
  683 |   const ctxRef = useRef<AudioContext | null>(null);

the name `ChromaticTuner` is defined multiple times

Import traces:
  Client Component Browser:
    ./guitarforge/src/components/LearningCenterPage.tsx [Client Component Browser]
    ./guitarforge/src/components/GuitarForgeApp.tsx [Client Component Browser]
    ./guitarforge/src/components/GuitarForgeApp.tsx [Server Component]
    ./guitarforge/src/app/page.tsx [Server Component]

  Client Component SSR:
    ./guitarforge/src/components/LearningCenterPage.tsx [Client Component SSR]
    ./guitarforge/src/components/GuitarForgeApp.tsx [Client Component SSR]
    ./guitarforge/src/components/GuitarForgeApp.tsx [Server Component]
    ./guitarforge/src/app/page.tsx [Server Component] @ http://localhost:3001/_next/static/chunks/a266a_next_dist_cfedd8c2._.js:3127
[  185645ms] [ERROR] ./guitarforge/src/components/LearningCenterPage.tsx:680:10
Ecmascript file had an error
  678 | }
  679 |
> 680 | function ChromaticTuner() {
      |          ^^^^^^^^^^^^^^
  681 |   const [listening, setListening] = useState(false);
  682 |   const [detected, setDetected] = useState<{ note: string; octave: number; cents: number; freq: number } | null>(null);
  683 |   const ctxRef = useRef<AudioContext | null>(null);

the name `ChromaticTuner` is defined multiple times

Import traces:
  Client Component Browser:
    ./guitarforge/src/components/LearningCenterPage.tsx [Client Component Browser]
    ./guitarforge/src/components/GuitarForgeApp.tsx [Client Component Browser]
    ./guitarforge/src/components/GuitarForgeApp.tsx [Server Component]
    ./guitarforge/src/app/page.tsx [Server Component]

  Client Component SSR:
    ./guitarforge/src/components/LearningCenterPage.tsx [Client Component SSR]
    ./guitarforge/src/components/GuitarForgeApp.tsx [Client Component SSR]
    ./guitarforge/src/components/GuitarForgeApp.tsx [Server Component]
    ./guitarforge/src/app/page.tsx [Server Component] @ http://localhost:3001/_next/static/chunks/a266a_next_dist_cfedd8c2._.js:3127
[  185724ms] [ERROR] ./guitarforge/src/components/LearningCenterPage.tsx:680:10
Ecmascript file had an error
  678 | }
  679 |
> 680 | function ChromaticTuner() {
      |          ^^^^^^^^^^^^^^
  681 |   const [listening, setListening] = useState(false);
  682 |   const [detected, setDetected] = useState<{ note: string; octave: number; cents: number; freq: number } | null>(null);
  683 |   const ctxRef = useRef<AudioContext | null>(null);

the name `ChromaticTuner` is defined multiple times

Import traces:
  Client Component Browser:
    ./guitarforge/src/components/LearningCenterPage.tsx [Client Component Browser]
    ./guitarforge/src/components/GuitarForgeApp.tsx [Client Component Browser]
    ./guitarforge/src/components/GuitarForgeApp.tsx [Server Component]
    ./guitarforge/src/app/page.tsx [Server Component]

  Client Component SSR:
    ./guitarforge/src/components/LearningCenterPage.tsx [Client Component SSR]
    ./guitarforge/src/components/GuitarForgeApp.tsx [Client Component SSR]
    ./guitarforge/src/components/GuitarForgeApp.tsx [Server Component]
    ./guitarforge/src/app/page.tsx [Server Component] @ http://localhost:3001/_next/static/chunks/a266a_next_dist_cfedd8c2._.js:3127
[  185802ms] [ERROR] ./guitarforge/src/components/LearningCenterPage.tsx:680:10
Ecmascript file had an error
  678 | }
  679 |
> 680 | function ChromaticTuner() {
      |          ^^^^^^^^^^^^^^
  681 |   const [listening, setListening] = useState(false);
  682 |   const [detected, setDetected] = useState<{ note: string; octave: number; cents: number; freq: number } | null>(null);
  683 |   const ctxRef = useRef<AudioContext | null>(null);

the name `ChromaticTuner` is defined multiple times

Import traces:
  Client Component Browser:
    ./guitarforge/src/components/LearningCenterPage.tsx [Client Component Browser]
    ./guitarforge/src/components/GuitarForgeApp.tsx [Client Component Browser]
    ./guitarforge/src/components/GuitarForgeApp.tsx [Server Component]
    ./guitarforge/src/app/page.tsx [Server Component]

  Client Component SSR:
    ./guitarforge/src/components/LearningCenterPage.tsx [Client Component SSR]
    ./guitarforge/src/components/GuitarForgeApp.tsx [Client Component SSR]
    ./guitarforge/src/components/GuitarForgeApp.tsx [Server Component]
    ./guitarforge/src/app/page.tsx [Server Component] @ http://localhost:3001/_next/static/chunks/a266a_next_dist_cfedd8c2._.js:3127
[  185880ms] [ERROR] ./guitarforge/src/components/LearningCenterPage.tsx:680:10
Ecmascript file had an error
  678 | }
  679 |
> 680 | function ChromaticTuner() {
      |          ^^^^^^^^^^^^^^
  681 |   const [listening, setListening] = useState(false);
  682 |   const [detected, setDetected] = useState<{ note: string; octave: number; cents: number; freq: number } | null>(null);
  683 |   const ctxRef = useRef<AudioContext | null>(null);

the name `ChromaticTuner` is defined multiple times

Import traces:
  Client Component Browser:
    ./guitarforge/src/components/LearningCenterPage.tsx [Client Component Browser]
    ./guitarforge/src/components/GuitarForgeApp.tsx [Client Component Browser]
    ./guitarforge/src/components/GuitarForgeApp.tsx [Server Component]
    ./guitarforge/src/app/page.tsx [Server Component]

  Client Component SSR:
    ./guitarforge/src/components/LearningCenterPage.tsx [Client Component SSR]
    ./guitarforge/src/components/GuitarForgeApp.tsx [Client Component SSR]
    ./guitarforge/src/components/GuitarForgeApp.tsx [Server Component]
    ./guitarforge/src/app/page.tsx [Server Component] @ http://localhost:3001/_next/static/chunks/a266a_next_dist_cfedd8c2._.js:3127
[  185957ms] [ERROR] ./guitarforge/src/components/LearningCenterPage.tsx:680:10
Ecmascript file had an error
  678 | }
  679 |
> 680 | function ChromaticTuner() {
      |          ^^^^^^^^^^^^^^
  681 |   const [listening, setListening] = useState(false);
  682 |   const [detected, setDetected] = useState<{ note: string; octave: number; cents: number; freq: number } | null>(null);
  683 |   const ctxRef = useRef<AudioContext | null>(null);

the name `ChromaticTuner` is defined multiple times

Import traces:
  Client Component Browser:
    ./guitarforge/src/components/LearningCenterPage.tsx [Client Component Browser]
    ./guitarforge/src/components/GuitarForgeApp.tsx [Client Component Browser]
    ./guitarforge/src/components/GuitarForgeApp.tsx [Server Component]
    ./guitarforge/src/app/page.tsx [Server Component]

  Client Component SSR:
    ./guitarforge/src/components/LearningCenterPage.tsx [Client Component SSR]
    ./guitarforge/src/components/GuitarForgeApp.tsx [Client Component SSR]
    ./guitarforge/src/components/GuitarForgeApp.tsx [Server Component]
    ./guitarforge/src/app/page.tsx [Server Component] @ http://localhost:3001/_next/static/chunks/a266a_next_dist_cfedd8c2._.js:3127
[  186020ms] [ERROR] ./guitarforge/src/components/LearningCenterPage.tsx:680:10
Ecmascript file had an error
  678 | }
  679 |
> 680 | function ChromaticTuner() {
      |          ^^^^^^^^^^^^^^
  681 |   const [listening, setListening] = useState(false);
  682 |   const [detected, setDetected] = useState<{ note: string; octave: number; cents: number; freq: number } | null>(null);
  683 |   const ctxRef = useRef<AudioContext | null>(null);

the name `ChromaticTuner` is defined multiple times

Import traces:
  Client Component Browser:
    ./guitarforge/src/components/LearningCenterPage.tsx [Client Component Browser]
    ./guitarforge/src/components/GuitarForgeApp.tsx [Client Component Browser]
    ./guitarforge/src/components/GuitarForgeApp.tsx [Server Component]
    ./guitarforge/src/app/page.tsx [Server Component]

  Client Component SSR:
    ./guitarforge/src/components/LearningCenterPage.tsx [Client Component SSR]
    ./guitarforge/src/components/GuitarForgeApp.tsx [Client Component SSR]
    ./guitarforge/src/components/GuitarForgeApp.tsx [Server Component]
    ./guitarforge/src/app/page.tsx [Server Component] @ http://localhost:3001/_next/static/chunks/a266a_next_dist_cfedd8c2._.js:3127
[  186099ms] [ERROR] ./guitarforge/src/components/LearningCenterPage.tsx:680:10
Ecmascript file had an error
  678 | }
  679 |
> 680 | function ChromaticTuner() {
      |          ^^^^^^^^^^^^^^
  681 |   const [listening, setListening] = useState(false);
  682 |   const [detected, setDetected] = useState<{ note: string; octave: number; cents: number; freq: number } | null>(null);
  683 |   const ctxRef = useRef<AudioContext | null>(null);

the name `ChromaticTuner` is defined multiple times

Import traces:
  Client Component Browser:
    ./guitarforge/src/components/LearningCenterPage.tsx [Client Component Browser]
    ./guitarforge/src/components/GuitarForgeApp.tsx [Client Component Browser]
    ./guitarforge/src/components/GuitarForgeApp.tsx [Server Component]
    ./guitarforge/src/app/page.tsx [Server Component]

  Client Component SSR:
    ./guitarforge/src/components/LearningCenterPage.tsx [Client Component SSR]
    ./guitarforge/src/components/GuitarForgeApp.tsx [Client Component SSR]
    ./guitarforge/src/components/GuitarForgeApp.tsx [Server Component]
    ./guitarforge/src/app/page.tsx [Server Component] @ http://localhost:3001/_next/static/chunks/a266a_next_dist_cfedd8c2._.js:3127
[  186178ms] [ERROR] ./guitarforge/src/components/LearningCenterPage.tsx:680:10
Ecmascript file had an error
  678 | }
  679 |
> 680 | function ChromaticTuner() {
      |          ^^^^^^^^^^^^^^
  681 |   const [listening, setListening] = useState(false);
  682 |   const [detected, setDetected] = useState<{ note: string; octave: number; cents: number; freq: number } | null>(null);
  683 |   const ctxRef = useRef<AudioContext | null>(null);

the name `ChromaticTuner` is defined multiple times

Import traces:
  Client Component Browser:
    ./guitarforge/src/components/LearningCenterPage.tsx [Client Component Browser]
    ./guitarforge/src/components/GuitarForgeApp.tsx [Client Component Browser]
    ./guitarforge/src/components/GuitarForgeApp.tsx [Server Component]
    ./guitarforge/src/app/page.tsx [Server Component]

  Client Component SSR:
    ./guitarforge/src/components/LearningCenterPage.tsx [Client Component SSR]
    ./guitarforge/src/components/GuitarForgeApp.tsx [Client Component SSR]
    ./guitarforge/src/components/GuitarForgeApp.tsx [Server Component]
    ./guitarforge/src/app/page.tsx [Server Component] @ http://localhost:3001/_next/static/chunks/a266a_next_dist_cfedd8c2._.js:3127
[  186256ms] [ERROR] ./guitarforge/src/components/LearningCenterPage.tsx:680:10
Ecmascript file had an error
  678 | }
  679 |
> 680 | function ChromaticTuner() {
      |          ^^^^^^^^^^^^^^
  681 |   const [listening, setListening] = useState(false);
  682 |   const [detected, setDetected] = useState<{ note: string; octave: number; cents: number; freq: number } | null>(null);
  683 |   const ctxRef = useRef<AudioContext | null>(null);

the name `ChromaticTuner` is defined multiple times

Import traces:
  Client Component Browser:
    ./guitarforge/src/components/LearningCenterPage.tsx [Client Component Browser]
    ./guitarforge/src/components/GuitarForgeApp.tsx [Client Component Browser]
    ./guitarforge/src/components/GuitarForgeApp.tsx [Server Component]
    ./guitarforge/src/app/page.tsx [Server Component]

  Client Component SSR:
    ./guitarforge/src/components/LearningCenterPage.tsx [Client Component SSR]
    ./guitarforge/src/components/GuitarForgeApp.tsx [Client Component SSR]
    ./guitarforge/src/components/GuitarForgeApp.tsx [Server Component]
    ./guitarforge/src/app/page.tsx [Server Component] @ http://localhost:3001/_next/static/chunks/a266a_next_dist_cfedd8c2._.js:3127
[  186333ms] [ERROR] ./guitarforge/src/components/LearningCenterPage.tsx:680:10
Ecmascript file had an error
  678 | }
  679 |
> 680 | function ChromaticTuner() {
      |          ^^^^^^^^^^^^^^
  681 |   const [listening, setListening] = useState(false);
  682 |   const [detected, setDetected] = useState<{ note: string; octave: number; cents: number; freq: number } | null>(null);
  683 |   const ctxRef = useRef<AudioContext | null>(null);

the name `ChromaticTuner` is defined multiple times

Import traces:
  Client Component Browser:
    ./guitarforge/src/components/LearningCenterPage.tsx [Client Component Browser]
    ./guitarforge/src/components/GuitarForgeApp.tsx [Client Component Browser]
    ./guitarforge/src/components/GuitarForgeApp.tsx [Server Component]
    ./guitarforge/src/app/page.tsx [Server Component]

  Client Component SSR:
    ./guitarforge/src/components/LearningCenterPage.tsx [Client Component SSR]
    ./guitarforge/src/components/GuitarForgeApp.tsx [Client Component SSR]
    ./guitarforge/src/components/GuitarForgeApp.tsx [Server Component]
    ./guitarforge/src/app/page.tsx [Server Component] @ http://localhost:3001/_next/static/chunks/a266a_next_dist_cfedd8c2._.js:3127
[  186412ms] [ERROR] ./guitarforge/src/components/LearningCenterPage.tsx:680:10
Ecmascript file had an error
  678 | }
  679 |
> 680 | function ChromaticTuner() {
      |          ^^^^^^^^^^^^^^
  681 |   const [listening, setListening] = useState(false);
  682 |   const [detected, setDetected] = useState<{ note: string; octave: number; cents: number; freq: number } | null>(null);
  683 |   const ctxRef = useRef<AudioContext | null>(null);

the name `ChromaticTuner` is defined multiple times

Import traces:
  Client Component Browser:
    ./guitarforge/src/components/LearningCenterPage.tsx [Client Component Browser]
    ./guitarforge/src/components/GuitarForgeApp.tsx [Client Component Browser]
    ./guitarforge/src/components/GuitarForgeApp.tsx [Server Component]
    ./guitarforge/src/app/page.tsx [Server Component]

  Client Component SSR:
    ./guitarforge/src/components/LearningCenterPage.tsx [Client Component SSR]
    ./guitarforge/src/components/GuitarForgeApp.tsx [Client Component SSR]
    ./guitarforge/src/components/GuitarForgeApp.tsx [Server Component]
    ./guitarforge/src/app/page.tsx [Server Component] @ http://localhost:3001/_next/static/chunks/a266a_next_dist_cfedd8c2._.js:3127
[  186490ms] [ERROR] ./guitarforge/src/components/LearningCenterPage.tsx:680:10
Ecmascript file had an error
  678 | }
  679 |
> 680 | function ChromaticTuner() {
      |          ^^^^^^^^^^^^^^
  681 |   const [listening, setListening] = useState(false);
  682 |   const [detected, setDetected] = useState<{ note: string; octave: number; cents: number; freq: number } | null>(null);
  683 |   const ctxRef = useRef<AudioContext | null>(null);

the name `ChromaticTuner` is defined multiple times

Import traces:
  Client Component Browser:
    ./guitarforge/src/components/LearningCenterPage.tsx [Client Component Browser]
    ./guitarforge/src/components/GuitarForgeApp.tsx [Client Component Browser]
    ./guitarforge/src/components/GuitarForgeApp.tsx [Server Component]
    ./guitarforge/src/app/page.tsx [Server Component]

  Client Component SSR:
    ./guitarforge/src/components/LearningCenterPage.tsx [Client Component SSR]
    ./guitarforge/src/components/GuitarForgeApp.tsx [Client Component SSR]
    ./guitarforge/src/components/GuitarForgeApp.tsx [Server Component]
    ./guitarforge/src/app/page.tsx [Server Component] @ http://localhost:3001/_next/static/chunks/a266a_next_dist_cfedd8c2._.js:3127
[  186568ms] [ERROR] ./guitarforge/src/components/LearningCenterPage.tsx:680:10
Ecmascript file had an error
  678 | }
  679 |
> 680 | function ChromaticTuner() {
      |          ^^^^^^^^^^^^^^
  681 |   const [listening, setListening] = useState(false);
  682 |   const [detected, setDetected] = useState<{ note: string; octave: number; cents: number; freq: number } | null>(null);
  683 |   const ctxRef = useRef<AudioContext | null>(null);

the name `ChromaticTuner` is defined multiple times

Import traces:
  Client Component Browser:
    ./guitarforge/src/components/LearningCenterPage.tsx [Client Component Browser]
    ./guitarforge/src/components/GuitarForgeApp.tsx [Client Component Browser]
    ./guitarforge/src/components/GuitarForgeApp.tsx [Server Component]
    ./guitarforge/src/app/page.tsx [Server Component]

  Client Component SSR:
    ./guitarforge/src/components/LearningCenterPage.tsx [Client Component SSR]
    ./guitarforge/src/components/GuitarForgeApp.tsx [Client Component SSR]
    ./guitarforge/src/components/GuitarForgeApp.tsx [Server Component]
    ./guitarforge/src/app/page.tsx [Server Component] @ http://localhost:3001/_next/static/chunks/a266a_next_dist_cfedd8c2._.js:3127
[  186647ms] [ERROR] ./guitarforge/src/components/LearningCenterPage.tsx:680:10
Ecmascript file had an error
  678 | }
  679 |
> 680 | function ChromaticTuner() {
      |          ^^^^^^^^^^^^^^
  681 |   const [listening, setListening] = useState(false);
  682 |   const [detected, setDetected] = useState<{ note: string; octave: number; cents: number; freq: number } | null>(null);
  683 |   const ctxRef = useRef<AudioContext | null>(null);

the name `ChromaticTuner` is defined multiple times

Import traces:
  Client Component Browser:
    ./guitarforge/src/components/LearningCenterPage.tsx [Client Component Browser]
    ./guitarforge/src/components/GuitarForgeApp.tsx [Client Component Browser]
    ./guitarforge/src/components/GuitarForgeApp.tsx [Server Component]
    ./guitarforge/src/app/page.tsx [Server Component]

  Client Component SSR:
    ./guitarforge/src/components/LearningCenterPage.tsx [Client Component SSR]
    ./guitarforge/src/components/GuitarForgeApp.tsx [Client Component SSR]
    ./guitarforge/src/components/GuitarForgeApp.tsx [Server Component]
    ./guitarforge/src/app/page.tsx [Server Component] @ http://localhost:3001/_next/static/chunks/a266a_next_dist_cfedd8c2._.js:3127
[  186710ms] [ERROR] ./guitarforge/src/components/LearningCenterPage.tsx:680:10
Ecmascript file had an error
  678 | }
  679 |
> 680 | function ChromaticTuner() {
      |          ^^^^^^^^^^^^^^
  681 |   const [listening, setListening] = useState(false);
  682 |   const [detected, setDetected] = useState<{ note: string; octave: number; cents: number; freq: number } | null>(null);
  683 |   const ctxRef = useRef<AudioContext | null>(null);

the name `ChromaticTuner` is defined multiple times

Import traces:
  Client Component Browser:
    ./guitarforge/src/components/LearningCenterPage.tsx [Client Component Browser]
    ./guitarforge/src/components/GuitarForgeApp.tsx [Client Component Browser]
    ./guitarforge/src/components/GuitarForgeApp.tsx [Server Component]
    ./guitarforge/src/app/page.tsx [Server Component]

  Client Component SSR:
    ./guitarforge/src/components/LearningCenterPage.tsx [Client Component SSR]
    ./guitarforge/src/components/GuitarForgeApp.tsx [Client Component SSR]
    ./guitarforge/src/components/GuitarForgeApp.tsx [Server Component]
    ./guitarforge/src/app/page.tsx [Server Component] @ http://localhost:3001/_next/static/chunks/a266a_next_dist_cfedd8c2._.js:3127
[  186786ms] [ERROR] ./guitarforge/src/components/LearningCenterPage.tsx:680:10
Ecmascript file had an error
  678 | }
  679 |
> 680 | function ChromaticTuner() {
      |          ^^^^^^^^^^^^^^
  681 |   const [listening, setListening] = useState(false);
  682 |   const [detected, setDetected] = useState<{ note: string; octave: number; cents: number; freq: number } | null>(null);
  683 |   const ctxRef = useRef<AudioContext | null>(null);

the name `ChromaticTuner` is defined multiple times

Import traces:
  Client Component Browser:
    ./guitarforge/src/components/LearningCenterPage.tsx [Client Component Browser]
    ./guitarforge/src/components/GuitarForgeApp.tsx [Client Component Browser]
    ./guitarforge/src/components/GuitarForgeApp.tsx [Server Component]
    ./guitarforge/src/app/page.tsx [Server Component]

  Client Component SSR:
    ./guitarforge/src/components/LearningCenterPage.tsx [Client Component SSR]
    ./guitarforge/src/components/GuitarForgeApp.tsx [Client Component SSR]
    ./guitarforge/src/components/GuitarForgeApp.tsx [Server Component]
    ./guitarforge/src/app/page.tsx [Server Component] @ http://localhost:3001/_next/static/chunks/a266a_next_dist_cfedd8c2._.js:3127
[  186863ms] [ERROR] ./guitarforge/src/components/LearningCenterPage.tsx:680:10
Ecmascript file had an error
  678 | }
  679 |
> 680 | function ChromaticTuner() {
      |          ^^^^^^^^^^^^^^
  681 |   const [listening, setListening] = useState(false);
  682 |   const [detected, setDetected] = useState<{ note: string; octave: number; cents: number; freq: number } | null>(null);
  683 |   const ctxRef = useRef<AudioContext | null>(null);

the name `ChromaticTuner` is defined multiple times

Import traces:
  Client Component Browser:
    ./guitarforge/src/components/LearningCenterPage.tsx [Client Component Browser]
    ./guitarforge/src/components/GuitarForgeApp.tsx [Client Component Browser]
    ./guitarforge/src/components/GuitarForgeApp.tsx [Server Component]
    ./guitarforge/src/app/page.tsx [Server Component]

  Client Component SSR:
    ./guitarforge/src/components/LearningCenterPage.tsx [Client Component SSR]
    ./guitarforge/src/components/GuitarForgeApp.tsx [Client Component SSR]
    ./guitarforge/src/components/GuitarForgeApp.tsx [Server Component]
    ./guitarforge/src/app/page.tsx [Server Component] @ http://localhost:3001/_next/static/chunks/a266a_next_dist_cfedd8c2._.js:3127
[  186941ms] [ERROR] ./guitarforge/src/components/LearningCenterPage.tsx:680:10
Ecmascript file had an error
  678 | }
  679 |
> 680 | function ChromaticTuner() {
      |          ^^^^^^^^^^^^^^
  681 |   const [listening, setListening] = useState(false);
  682 |   const [detected, setDetected] = useState<{ note: string; octave: number; cents: number; freq: number } | null>(null);
  683 |   const ctxRef = useRef<AudioContext | null>(null);

the name `ChromaticTuner` is defined multiple times

Import traces:
  Client Component Browser:
    ./guitarforge/src/components/LearningCenterPage.tsx [Client Component Browser]
    ./guitarforge/src/components/GuitarForgeApp.tsx [Client Component Browser]
    ./guitarforge/src/components/GuitarForgeApp.tsx [Server Component]
    ./guitarforge/src/app/page.tsx [Server Component]

  Client Component SSR:
    ./guitarforge/src/components/LearningCenterPage.tsx [Client Component SSR]
    ./guitarforge/src/components/GuitarForgeApp.tsx [Client Component SSR]
    ./guitarforge/src/components/GuitarForgeApp.tsx [Server Component]
    ./guitarforge/src/app/page.tsx [Server Component] @ http://localhost:3001/_next/static/chunks/a266a_next_dist_cfedd8c2._.js:3127
[  187019ms] [ERROR] ./guitarforge/src/components/LearningCenterPage.tsx:680:10
Ecmascript file had an error
  678 | }
  679 |
> 680 | function ChromaticTuner() {
      |          ^^^^^^^^^^^^^^
  681 |   const [listening, setListening] = useState(false);
  682 |   const [detected, setDetected] = useState<{ note: string; octave: number; cents: number; freq: number } | null>(null);
  683 |   const ctxRef = useRef<AudioContext | null>(null);

the name `ChromaticTuner` is defined multiple times

Import traces:
  Client Component Browser:
    ./guitarforge/src/components/LearningCenterPage.tsx [Client Component Browser]
    ./guitarforge/src/components/GuitarForgeApp.tsx [Client Component Browser]
    ./guitarforge/src/components/GuitarForgeApp.tsx [Server Component]
    ./guitarforge/src/app/page.tsx [Server Component]

  Client Component SSR:
    ./guitarforge/src/components/LearningCenterPage.tsx [Client Component SSR]
    ./guitarforge/src/components/GuitarForgeApp.tsx [Client Component SSR]
    ./guitarforge/src/components/GuitarForgeApp.tsx [Server Component]
    ./guitarforge/src/app/page.tsx [Server Component] @ http://localhost:3001/_next/static/chunks/a266a_next_dist_cfedd8c2._.js:3127
[  187095ms] [ERROR] ./guitarforge/src/components/LearningCenterPage.tsx:680:10
Ecmascript file had an error
  678 | }
  679 |
> 680 | function ChromaticTuner() {
      |          ^^^^^^^^^^^^^^
  681 |   const [listening, setListening] = useState(false);
  682 |   const [detected, setDetected] = useState<{ note: string; octave: number; cents: number; freq: number } | null>(null);
  683 |   const ctxRef = useRef<AudioContext | null>(null);

the name `ChromaticTuner` is defined multiple times

Import traces:
  Client Component Browser:
    ./guitarforge/src/components/LearningCenterPage.tsx [Client Component Browser]
    ./guitarforge/src/components/GuitarForgeApp.tsx [Client Component Browser]
    ./guitarforge/src/components/GuitarForgeApp.tsx [Server Component]
    ./guitarforge/src/app/page.tsx [Server Component]

  Client Component SSR:
    ./guitarforge/src/components/LearningCenterPage.tsx [Client Component SSR]
    ./guitarforge/src/components/GuitarForgeApp.tsx [Client Component SSR]
    ./guitarforge/src/components/GuitarForgeApp.tsx [Server Component]
    ./guitarforge/src/app/page.tsx [Server Component] @ http://localhost:3001/_next/static/chunks/a266a_next_dist_cfedd8c2._.js:3127
[  187173ms] [ERROR] ./guitarforge/src/components/LearningCenterPage.tsx:680:10
Ecmascript file had an error
  678 | }
  679 |
> 680 | function ChromaticTuner() {
      |          ^^^^^^^^^^^^^^
  681 |   const [listening, setListening] = useState(false);
  682 |   const [detected, setDetected] = useState<{ note: string; octave: number; cents: number; freq: number } | null>(null);
  683 |   const ctxRef = useRef<AudioContext | null>(null);

the name `ChromaticTuner` is defined multiple times

Import traces:
  Client Component Browser:
    ./guitarforge/src/components/LearningCenterPage.tsx [Client Component Browser]
    ./guitarforge/src/components/GuitarForgeApp.tsx [Client Component Browser]
    ./guitarforge/src/components/GuitarForgeApp.tsx [Server Component]
    ./guitarforge/src/app/page.tsx [Server Component]

  Client Component SSR:
    ./guitarforge/src/components/LearningCenterPage.tsx [Client Component SSR]
    ./guitarforge/src/components/GuitarForgeApp.tsx [Client Component SSR]
    ./guitarforge/src/components/GuitarForgeApp.tsx [Server Component]
    ./guitarforge/src/app/page.tsx [Server Component] @ http://localhost:3001/_next/static/chunks/a266a_next_dist_cfedd8c2._.js:3127
[  187251ms] [ERROR] ./guitarforge/src/components/LearningCenterPage.tsx:680:10
Ecmascript file had an error
  678 | }
  679 |
> 680 | function ChromaticTuner() {
      |          ^^^^^^^^^^^^^^
  681 |   const [listening, setListening] = useState(false);
  682 |   const [detected, setDetected] = useState<{ note: string; octave: number; cents: number; freq: number } | null>(null);
  683 |   const ctxRef = useRef<AudioContext | null>(null);

the name `ChromaticTuner` is defined multiple times

Import traces:
  Client Component Browser:
    ./guitarforge/src/components/LearningCenterPage.tsx [Client Component Browser]
    ./guitarforge/src/components/GuitarForgeApp.tsx [Client Component Browser]
    ./guitarforge/src/components/GuitarForgeApp.tsx [Server Component]
    ./guitarforge/src/app/page.tsx [Server Component]

  Client Component SSR:
    ./guitarforge/src/components/LearningCenterPage.tsx [Client Component SSR]
    ./guitarforge/src/components/GuitarForgeApp.tsx [Client Component SSR]
    ./guitarforge/src/components/GuitarForgeApp.tsx [Server Component]
    ./guitarforge/src/app/page.tsx [Server Component] @ http://localhost:3001/_next/static/chunks/a266a_next_dist_cfedd8c2._.js:3127
[  187329ms] [ERROR] ./guitarforge/src/components/LearningCenterPage.tsx:680:10
Ecmascript file had an error
  678 | }
  679 |
> 680 | function ChromaticTuner() {
      |          ^^^^^^^^^^^^^^
  681 |   const [listening, setListening] = useState(false);
  682 |   const [detected, setDetected] = useState<{ note: string; octave: number; cents: number; freq: number } | null>(null);
  683 |   const ctxRef = useRef<AudioContext | null>(null);

the name `ChromaticTuner` is defined multiple times

Import traces:
  Client Component Browser:
    ./guitarforge/src/components/LearningCenterPage.tsx [Client Component Browser]
    ./guitarforge/src/components/GuitarForgeApp.tsx [Client Component Browser]
    ./guitarforge/src/components/GuitarForgeApp.tsx [Server Component]
    ./guitarforge/src/app/page.tsx [Server Component]

  Client Component SSR:
    ./guitarforge/src/components/LearningCenterPage.tsx [Client Component SSR]
    ./guitarforge/src/components/GuitarForgeApp.tsx [Client Component SSR]
    ./guitarforge/src/components/GuitarForgeApp.tsx [Server Component]
    ./guitarforge/src/app/page.tsx [Server Component] @ http://localhost:3001/_next/static/chunks/a266a_next_dist_cfedd8c2._.js:3127
[  187408ms] [ERROR] ./guitarforge/src/components/LearningCenterPage.tsx:680:10
Ecmascript file had an error
  678 | }
  679 |
> 680 | function ChromaticTuner() {
      |          ^^^^^^^^^^^^^^
  681 |   const [listening, setListening] = useState(false);
  682 |   const [detected, setDetected] = useState<{ note: string; octave: number; cents: number; freq: number } | null>(null);
  683 |   const ctxRef = useRef<AudioContext | null>(null);

the name `ChromaticTuner` is defined multiple times

Import traces:
  Client Component Browser:
    ./guitarforge/src/components/LearningCenterPage.tsx [Client Component Browser]
    ./guitarforge/src/components/GuitarForgeApp.tsx [Client Component Browser]
    ./guitarforge/src/components/GuitarForgeApp.tsx [Server Component]
    ./guitarforge/src/app/page.tsx [Server Component]

  Client Component SSR:
    ./guitarforge/src/components/LearningCenterPage.tsx [Client Component SSR]
    ./guitarforge/src/components/GuitarForgeApp.tsx [Client Component SSR]
    ./guitarforge/src/components/GuitarForgeApp.tsx [Server Component]
    ./guitarforge/src/app/page.tsx [Server Component] @ http://localhost:3001/_next/static/chunks/a266a_next_dist_cfedd8c2._.js:3127
[  187486ms] [ERROR] ./guitarforge/src/components/LearningCenterPage.tsx:680:10
Ecmascript file had an error
  678 | }
  679 |
> 680 | function ChromaticTuner() {
      |          ^^^^^^^^^^^^^^
  681 |   const [listening, setListening] = useState(false);
  682 |   const [detected, setDetected] = useState<{ note: string; octave: number; cents: number; freq: number } | null>(null);
  683 |   const ctxRef = useRef<AudioContext | null>(null);

the name `ChromaticTuner` is defined multiple times

Import traces:
  Client Component Browser:
    ./guitarforge/src/components/LearningCenterPage.tsx [Client Component Browser]
    ./guitarforge/src/components/GuitarForgeApp.tsx [Client Component Browser]
    ./guitarforge/src/components/GuitarForgeApp.tsx [Server Component]
    ./guitarforge/src/app/page.tsx [Server Component]

  Client Component SSR:
    ./guitarforge/src/components/LearningCenterPage.tsx [Client Component SSR]
    ./guitarforge/src/components/GuitarForgeApp.tsx [Client Component SSR]
    ./guitarforge/src/components/GuitarForgeApp.tsx [Server Component]
    ./guitarforge/src/app/page.tsx [Server Component] @ http://localhost:3001/_next/static/chunks/a266a_next_dist_cfedd8c2._.js:3127
[  187563ms] [ERROR] ./guitarforge/src/components/LearningCenterPage.tsx:680:10
Ecmascript file had an error
  678 | }
  679 |
> 680 | function ChromaticTuner() {
      |          ^^^^^^^^^^^^^^
  681 |   const [listening, setListening] = useState(false);
  682 |   const [detected, setDetected] = useState<{ note: string; octave: number; cents: number; freq: number } | null>(null);
  683 |   const ctxRef = useRef<AudioContext | null>(null);

the name `ChromaticTuner` is defined multiple times

Import traces:
  Client Component Browser:
    ./guitarforge/src/components/LearningCenterPage.tsx [Client Component Browser]
    ./guitarforge/src/components/GuitarForgeApp.tsx [Client Component Browser]
    ./guitarforge/src/components/GuitarForgeApp.tsx [Server Component]
    ./guitarforge/src/app/page.tsx [Server Component]

  Client Component SSR:
    ./guitarforge/src/components/LearningCenterPage.tsx [Client Component SSR]
    ./guitarforge/src/components/GuitarForgeApp.tsx [Client Component SSR]
    ./guitarforge/src/components/GuitarForgeApp.tsx [Server Component]
    ./guitarforge/src/app/page.tsx [Server Component] @ http://localhost:3001/_next/static/chunks/a266a_next_dist_cfedd8c2._.js:3127
[  187640ms] [ERROR] ./guitarforge/src/components/LearningCenterPage.tsx:680:10
Ecmascript file had an error
  678 | }
  679 |
> 680 | function ChromaticTuner() {
      |          ^^^^^^^^^^^^^^
  681 |   const [listening, setListening] = useState(false);
  682 |   const [detected, setDetected] = useState<{ note: string; octave: number; cents: number; freq: number } | null>(null);
  683 |   const ctxRef = useRef<AudioContext | null>(null);

the name `ChromaticTuner` is defined multiple times

Import traces:
  Client Component Browser:
    ./guitarforge/src/components/LearningCenterPage.tsx [Client Component Browser]
    ./guitarforge/src/components/GuitarForgeApp.tsx [Client Component Browser]
    ./guitarforge/src/components/GuitarForgeApp.tsx [Server Component]
    ./guitarforge/src/app/page.tsx [Server Component]

  Client Component SSR:
    ./guitarforge/src/components/LearningCenterPage.tsx [Client Component SSR]
    ./guitarforge/src/components/GuitarForgeApp.tsx [Client Component SSR]
    ./guitarforge/src/components/GuitarForgeApp.tsx [Server Component]
    ./guitarforge/src/app/page.tsx [Server Component] @ http://localhost:3001/_next/static/chunks/a266a_next_dist_cfedd8c2._.js:3127
[  187720ms] [ERROR] ./guitarforge/src/components/LearningCenterPage.tsx:680:10
Ecmascript file had an error
  678 | }
  679 |
> 680 | function ChromaticTuner() {
      |          ^^^^^^^^^^^^^^
  681 |   const [listening, setListening] = useState(false);
  682 |   const [detected, setDetected] = useState<{ note: string; octave: number; cents: number; freq: number } | null>(null);
  683 |   const ctxRef = useRef<AudioContext | null>(null);

the name `ChromaticTuner` is defined multiple times

Import traces:
  Client Component Browser:
    ./guitarforge/src/components/LearningCenterPage.tsx [Client Component Browser]
    ./guitarforge/src/components/GuitarForgeApp.tsx [Client Component Browser]
    ./guitarforge/src/components/GuitarForgeApp.tsx [Server Component]
    ./guitarforge/src/app/page.tsx [Server Component]

  Client Component SSR:
    ./guitarforge/src/components/LearningCenterPage.tsx [Client Component SSR]
    ./guitarforge/src/components/GuitarForgeApp.tsx [Client Component SSR]
    ./guitarforge/src/components/GuitarForgeApp.tsx [Server Component]
    ./guitarforge/src/app/page.tsx [Server Component] @ http://localhost:3001/_next/static/chunks/a266a_next_dist_cfedd8c2._.js:3127
[  187798ms] [ERROR] ./guitarforge/src/components/LearningCenterPage.tsx:680:10
Ecmascript file had an error
  678 | }
  679 |
> 680 | function ChromaticTuner() {
      |          ^^^^^^^^^^^^^^
  681 |   const [listening, setListening] = useState(false);
  682 |   const [detected, setDetected] = useState<{ note: string; octave: number; cents: number; freq: number } | null>(null);
  683 |   const ctxRef = useRef<AudioContext | null>(null);

the name `ChromaticTuner` is defined multiple times

Import traces:
  Client Component Browser:
    ./guitarforge/src/components/LearningCenterPage.tsx [Client Component Browser]
    ./guitarforge/src/components/GuitarForgeApp.tsx [Client Component Browser]
    ./guitarforge/src/components/GuitarForgeApp.tsx [Server Component]
    ./guitarforge/src/app/page.tsx [Server Component]

  Client Component SSR:
    ./guitarforge/src/components/LearningCenterPage.tsx [Client Component SSR]
    ./guitarforge/src/components/GuitarForgeApp.tsx [Client Component SSR]
    ./guitarforge/src/components/GuitarForgeApp.tsx [Server Component]
    ./guitarforge/src/app/page.tsx [Server Component] @ http://localhost:3001/_next/static/chunks/a266a_next_dist_cfedd8c2._.js:3127
[  187874ms] [ERROR] ./guitarforge/src/components/LearningCenterPage.tsx:680:10
Ecmascript file had an error
  678 | }
  679 |
> 680 | function ChromaticTuner() {
      |          ^^^^^^^^^^^^^^
  681 |   const [listening, setListening] = useState(false);
  682 |   const [detected, setDetected] = useState<{ note: string; octave: number; cents: number; freq: number } | null>(null);
  683 |   const ctxRef = useRef<AudioContext | null>(null);

the name `ChromaticTuner` is defined multiple times

Import traces:
  Client Component Browser:
    ./guitarforge/src/components/LearningCenterPage.tsx [Client Component Browser]
    ./guitarforge/src/components/GuitarForgeApp.tsx [Client Component Browser]
    ./guitarforge/src/components/GuitarForgeApp.tsx [Server Component]
    ./guitarforge/src/app/page.tsx [Server Component]

  Client Component SSR:
    ./guitarforge/src/components/LearningCenterPage.tsx [Client Component SSR]
    ./guitarforge/src/components/GuitarForgeApp.tsx [Client Component SSR]
    ./guitarforge/src/components/GuitarForgeApp.tsx [Server Component]
    ./guitarforge/src/app/page.tsx [Server Component] @ http://localhost:3001/_next/static/chunks/a266a_next_dist_cfedd8c2._.js:3127
[  187951ms] [ERROR] ./guitarforge/src/components/LearningCenterPage.tsx:680:10
Ecmascript file had an error
  678 | }
  679 |
> 680 | function ChromaticTuner() {
      |          ^^^^^^^^^^^^^^
  681 |   const [listening, setListening] = useState(false);
  682 |   const [detected, setDetected] = useState<{ note: string; octave: number; cents: number; freq: number } | null>(null);
  683 |   const ctxRef = useRef<AudioContext | null>(null);

the name `ChromaticTuner` is defined multiple times

Import traces:
  Client Component Browser:
    ./guitarforge/src/components/LearningCenterPage.tsx [Client Component Browser]
    ./guitarforge/src/components/GuitarForgeApp.tsx [Client Component Browser]
    ./guitarforge/src/components/GuitarForgeApp.tsx [Server Component]
    ./guitarforge/src/app/page.tsx [Server Component]

  Client Component SSR:
    ./guitarforge/src/components/LearningCenterPage.tsx [Client Component SSR]
    ./guitarforge/src/components/GuitarForgeApp.tsx [Client Component SSR]
    ./guitarforge/src/components/GuitarForgeApp.tsx [Server Component]
    ./guitarforge/src/app/page.tsx [Server Component] @ http://localhost:3001/_next/static/chunks/a266a_next_dist_cfedd8c2._.js:3127
[  188014ms] [ERROR] ./guitarforge/src/components/LearningCenterPage.tsx:680:10
Ecmascript file had an error
  678 | }
  679 |
> 680 | function ChromaticTuner() {
      |          ^^^^^^^^^^^^^^
  681 |   const [listening, setListening] = useState(false);
  682 |   const [detected, setDetected] = useState<{ note: string; octave: number; cents: number; freq: number } | null>(null);
  683 |   const ctxRef = useRef<AudioContext | null>(null);

the name `ChromaticTuner` is defined multiple times

Import traces:
  Client Component Browser:
    ./guitarforge/src/components/LearningCenterPage.tsx [Client Component Browser]
    ./guitarforge/src/components/GuitarForgeApp.tsx [Client Component Browser]
    ./guitarforge/src/components/GuitarForgeApp.tsx [Server Component]
    ./guitarforge/src/app/page.tsx [Server Component]

  Client Component SSR:
    ./guitarforge/src/components/LearningCenterPage.tsx [Client Component SSR]
    ./guitarforge/src/components/GuitarForgeApp.tsx [Client Component SSR]
    ./guitarforge/src/components/GuitarForgeApp.tsx [Server Component]
    ./guitarforge/src/app/page.tsx [Server Component] @ http://localhost:3001/_next/static/chunks/a266a_next_dist_cfedd8c2._.js:3127
[  188094ms] [ERROR] ./guitarforge/src/components/LearningCenterPage.tsx:680:10
Ecmascript file had an error
  678 | }
  679 |
> 680 | function ChromaticTuner() {
      |          ^^^^^^^^^^^^^^
  681 |   const [listening, setListening] = useState(false);
  682 |   const [detected, setDetected] = useState<{ note: string; octave: number; cents: number; freq: number } | null>(null);
  683 |   const ctxRef = useRef<AudioContext | null>(null);

the name `ChromaticTuner` is defined multiple times

Import traces:
  Client Component Browser:
    ./guitarforge/src/components/LearningCenterPage.tsx [Client Component Browser]
    ./guitarforge/src/components/GuitarForgeApp.tsx [Client Component Browser]
    ./guitarforge/src/components/GuitarForgeApp.tsx [Server Component]
    ./guitarforge/src/app/page.tsx [Server Component]

  Client Component SSR:
    ./guitarforge/src/components/LearningCenterPage.tsx [Client Component SSR]
    ./guitarforge/src/components/GuitarForgeApp.tsx [Client Component SSR]
    ./guitarforge/src/components/GuitarForgeApp.tsx [Server Component]
    ./guitarforge/src/app/page.tsx [Server Component] @ http://localhost:3001/_next/static/chunks/a266a_next_dist_cfedd8c2._.js:3127
[  188172ms] [ERROR] ./guitarforge/src/components/LearningCenterPage.tsx:680:10
Ecmascript file had an error
  678 | }
  679 |
> 680 | function ChromaticTuner() {
      |          ^^^^^^^^^^^^^^
  681 |   const [listening, setListening] = useState(false);
  682 |   const [detected, setDetected] = useState<{ note: string; octave: number; cents: number; freq: number } | null>(null);
  683 |   const ctxRef = useRef<AudioContext | null>(null);

the name `ChromaticTuner` is defined multiple times

Import traces:
  Client Component Browser:
    ./guitarforge/src/components/LearningCenterPage.tsx [Client Component Browser]
    ./guitarforge/src/components/GuitarForgeApp.tsx [Client Component Browser]
    ./guitarforge/src/components/GuitarForgeApp.tsx [Server Component]
    ./guitarforge/src/app/page.tsx [Server Component]

  Client Component SSR:
    ./guitarforge/src/components/LearningCenterPage.tsx [Client Component SSR]
    ./guitarforge/src/components/GuitarForgeApp.tsx [Client Component SSR]
    ./guitarforge/src/components/GuitarForgeApp.tsx [Server Component]
    ./guitarforge/src/app/page.tsx [Server Component] @ http://localhost:3001/_next/static/chunks/a266a_next_dist_cfedd8c2._.js:3127
[  188247ms] [ERROR] ./guitarforge/src/components/LearningCenterPage.tsx:680:10
Ecmascript file had an error
  678 | }
  679 |
> 680 | function ChromaticTuner() {
      |          ^^^^^^^^^^^^^^
  681 |   const [listening, setListening] = useState(false);
  682 |   const [detected, setDetected] = useState<{ note: string; octave: number; cents: number; freq: number } | null>(null);
  683 |   const ctxRef = useRef<AudioContext | null>(null);

the name `ChromaticTuner` is defined multiple times

Import traces:
  Client Component Browser:
    ./guitarforge/src/components/LearningCenterPage.tsx [Client Component Browser]
    ./guitarforge/src/components/GuitarForgeApp.tsx [Client Component Browser]
    ./guitarforge/src/components/GuitarForgeApp.tsx [Server Component]
    ./guitarforge/src/app/page.tsx [Server Component]

  Client Component SSR:
    ./guitarforge/src/components/LearningCenterPage.tsx [Client Component SSR]
    ./guitarforge/src/components/GuitarForgeApp.tsx [Client Component SSR]
    ./guitarforge/src/components/GuitarForgeApp.tsx [Server Component]
    ./guitarforge/src/app/page.tsx [Server Component] @ http://localhost:3001/_next/static/chunks/a266a_next_dist_cfedd8c2._.js:3127
[  188325ms] [ERROR] ./guitarforge/src/components/LearningCenterPage.tsx:680:10
Ecmascript file had an error
  678 | }
  679 |
> 680 | function ChromaticTuner() {
      |          ^^^^^^^^^^^^^^
  681 |   const [listening, setListening] = useState(false);
  682 |   const [detected, setDetected] = useState<{ note: string; octave: number; cents: number; freq: number } | null>(null);
  683 |   const ctxRef = useRef<AudioContext | null>(null);

the name `ChromaticTuner` is defined multiple times

Import traces:
  Client Component Browser:
    ./guitarforge/src/components/LearningCenterPage.tsx [Client Component Browser]
    ./guitarforge/src/components/GuitarForgeApp.tsx [Client Component Browser]
    ./guitarforge/src/components/GuitarForgeApp.tsx [Server Component]
    ./guitarforge/src/app/page.tsx [Server Component]

  Client Component SSR:
    ./guitarforge/src/components/LearningCenterPage.tsx [Client Component SSR]
    ./guitarforge/src/components/GuitarForgeApp.tsx [Client Component SSR]
    ./guitarforge/src/components/GuitarForgeApp.tsx [Server Component]
    ./guitarforge/src/app/page.tsx [Server Component] @ http://localhost:3001/_next/static/chunks/a266a_next_dist_cfedd8c2._.js:3127
[  188403ms] [ERROR] ./guitarforge/src/components/LearningCenterPage.tsx:680:10
Ecmascript file had an error
  678 | }
  679 |
> 680 | function ChromaticTuner() {
      |          ^^^^^^^^^^^^^^
  681 |   const [listening, setListening] = useState(false);
  682 |   const [detected, setDetected] = useState<{ note: string; octave: number; cents: number; freq: number } | null>(null);
  683 |   const ctxRef = useRef<AudioContext | null>(null);

the name `ChromaticTuner` is defined multiple times

Import traces:
  Client Component Browser:
    ./guitarforge/src/components/LearningCenterPage.tsx [Client Component Browser]
    ./guitarforge/src/components/GuitarForgeApp.tsx [Client Component Browser]
    ./guitarforge/src/components/GuitarForgeApp.tsx [Server Component]
    ./guitarforge/src/app/page.tsx [Server Component]

  Client Component SSR:
    ./guitarforge/src/components/LearningCenterPage.tsx [Client Component SSR]
    ./guitarforge/src/components/GuitarForgeApp.tsx [Client Component SSR]
    ./guitarforge/src/components/GuitarForgeApp.tsx [Server Component]
    ./guitarforge/src/app/page.tsx [Server Component] @ http://localhost:3001/_next/static/chunks/a266a_next_dist_cfedd8c2._.js:3127
[  188481ms] [ERROR] ./guitarforge/src/components/LearningCenterPage.tsx:680:10
Ecmascript file had an error
  678 | }
  679 |
> 680 | function ChromaticTuner() {
      |          ^^^^^^^^^^^^^^
  681 |   const [listening, setListening] = useState(false);
  682 |   const [detected, setDetected] = useState<{ note: string; octave: number; cents: number; freq: number } | null>(null);
  683 |   const ctxRef = useRef<AudioContext | null>(null);

the name `ChromaticTuner` is defined multiple times

Import traces:
  Client Component Browser:
    ./guitarforge/src/components/LearningCenterPage.tsx [Client Component Browser]
    ./guitarforge/src/components/GuitarForgeApp.tsx [Client Component Browser]
    ./guitarforge/src/components/GuitarForgeApp.tsx [Server Component]
    ./guitarforge/src/app/page.tsx [Server Component]

  Client Component SSR:
    ./guitarforge/src/components/LearningCenterPage.tsx [Client Component SSR]
    ./guitarforge/src/components/GuitarForgeApp.tsx [Client Component SSR]
    ./guitarforge/src/components/GuitarForgeApp.tsx [Server Component]
    ./guitarforge/src/app/page.tsx [Server Component] @ http://localhost:3001/_next/static/chunks/a266a_next_dist_cfedd8c2._.js:3127
[  188560ms] [ERROR] ./guitarforge/src/components/LearningCenterPage.tsx:680:10
Ecmascript file had an error
  678 | }
  679 |
> 680 | function ChromaticTuner() {
      |          ^^^^^^^^^^^^^^
  681 |   const [listening, setListening] = useState(false);
  682 |   const [detected, setDetected] = useState<{ note: string; octave: number; cents: number; freq: number } | null>(null);
  683 |   const ctxRef = useRef<AudioContext | null>(null);

the name `ChromaticTuner` is defined multiple times

Import traces:
  Client Component Browser:
    ./guitarforge/src/components/LearningCenterPage.tsx [Client Component Browser]
    ./guitarforge/src/components/GuitarForgeApp.tsx [Client Component Browser]
    ./guitarforge/src/components/GuitarForgeApp.tsx [Server Component]
    ./guitarforge/src/app/page.tsx [Server Component]

  Client Component SSR:
    ./guitarforge/src/components/LearningCenterPage.tsx [Client Component SSR]
    ./guitarforge/src/components/GuitarForgeApp.tsx [Client Component SSR]
    ./guitarforge/src/components/GuitarForgeApp.tsx [Server Component]
    ./guitarforge/src/app/page.tsx [Server Component] @ http://localhost:3001/_next/static/chunks/a266a_next_dist_cfedd8c2._.js:3127
[  188636ms] [ERROR] ./guitarforge/src/components/LearningCenterPage.tsx:680:10
Ecmascript file had an error
  678 | }
  679 |
> 680 | function ChromaticTuner() {
      |          ^^^^^^^^^^^^^^
  681 |   const [listening, setListening] = useState(false);
  682 |   const [detected, setDetected] = useState<{ note: string; octave: number; cents: number; freq: number } | null>(null);
  683 |   const ctxRef = useRef<AudioContext | null>(null);

the name `ChromaticTuner` is defined multiple times

Import traces:
  Client Component Browser:
    ./guitarforge/src/components/LearningCenterPage.tsx [Client Component Browser]
    ./guitarforge/src/components/GuitarForgeApp.tsx [Client Component Browser]
    ./guitarforge/src/components/GuitarForgeApp.tsx [Server Component]
    ./guitarforge/src/app/page.tsx [Server Component]

  Client Component SSR:
    ./guitarforge/src/components/LearningCenterPage.tsx [Client Component SSR]
    ./guitarforge/src/components/GuitarForgeApp.tsx [Client Component SSR]
    ./guitarforge/src/components/GuitarForgeApp.tsx [Server Component]
    ./guitarforge/src/app/page.tsx [Server Component] @ http://localhost:3001/_next/static/chunks/a266a_next_dist_cfedd8c2._.js:3127
[  188715ms] [ERROR] ./guitarforge/src/components/LearningCenterPage.tsx:680:10
Ecmascript file had an error
  678 | }
  679 |
> 680 | function ChromaticTuner() {
      |          ^^^^^^^^^^^^^^
  681 |   const [listening, setListening] = useState(false);
  682 |   const [detected, setDetected] = useState<{ note: string; octave: number; cents: number; freq: number } | null>(null);
  683 |   const ctxRef = useRef<AudioContext | null>(null);

the name `ChromaticTuner` is defined multiple times

Import traces:
  Client Component Browser:
    ./guitarforge/src/components/LearningCenterPage.tsx [Client Component Browser]
    ./guitarforge/src/components/GuitarForgeApp.tsx [Client Component Browser]
    ./guitarforge/src/components/GuitarForgeApp.tsx [Server Component]
    ./guitarforge/src/app/page.tsx [Server Component]

  Client Component SSR:
    ./guitarforge/src/components/LearningCenterPage.tsx [Client Component SSR]
    ./guitarforge/src/components/GuitarForgeApp.tsx [Client Component SSR]
    ./guitarforge/src/components/GuitarForgeApp.tsx [Server Component]
    ./guitarforge/src/app/page.tsx [Server Component] @ http://localhost:3001/_next/static/chunks/a266a_next_dist_cfedd8c2._.js:3127
[  188791ms] [ERROR] ./guitarforge/src/components/LearningCenterPage.tsx:680:10
Ecmascript file had an error
  678 | }
  679 |
> 680 | function ChromaticTuner() {
      |          ^^^^^^^^^^^^^^
  681 |   const [listening, setListening] = useState(false);
  682 |   const [detected, setDetected] = useState<{ note: string; octave: number; cents: number; freq: number } | null>(null);
  683 |   const ctxRef = useRef<AudioContext | null>(null);

the name `ChromaticTuner` is defined multiple times

Import traces:
  Client Component Browser:
    ./guitarforge/src/components/LearningCenterPage.tsx [Client Component Browser]
    ./guitarforge/src/components/GuitarForgeApp.tsx [Client Component Browser]
    ./guitarforge/src/components/GuitarForgeApp.tsx [Server Component]
    ./guitarforge/src/app/page.tsx [Server Component]

  Client Component SSR:
    ./guitarforge/src/components/LearningCenterPage.tsx [Client Component SSR]
    ./guitarforge/src/components/GuitarForgeApp.tsx [Client Component SSR]
    ./guitarforge/src/components/GuitarForgeApp.tsx [Server Component]
    ./guitarforge/src/app/page.tsx [Server Component] @ http://localhost:3001/_next/static/chunks/a266a_next_dist_cfedd8c2._.js:3127
[  188868ms] [ERROR] ./guitarforge/src/components/LearningCenterPage.tsx:680:10
Ecmascript file had an error
  678 | }
  679 |
> 680 | function ChromaticTuner() {
      |          ^^^^^^^^^^^^^^
  681 |   const [listening, setListening] = useState(false);
  682 |   const [detected, setDetected] = useState<{ note: string; octave: number; cents: number; freq: number } | null>(null);
  683 |   const ctxRef = useRef<AudioContext | null>(null);

the name `ChromaticTuner` is defined multiple times

Import traces:
  Client Component Browser:
    ./guitarforge/src/components/LearningCenterPage.tsx [Client Component Browser]
    ./guitarforge/src/components/GuitarForgeApp.tsx [Client Component Browser]
    ./guitarforge/src/components/GuitarForgeApp.tsx [Server Component]
    ./guitarforge/src/app/page.tsx [Server Component]

  Client Component SSR:
    ./guitarforge/src/components/LearningCenterPage.tsx [Client Component SSR]
    ./guitarforge/src/components/GuitarForgeApp.tsx [Client Component SSR]
    ./guitarforge/src/components/GuitarForgeApp.tsx [Server Component]
    ./guitarforge/src/app/page.tsx [Server Component] @ http://localhost:3001/_next/static/chunks/a266a_next_dist_cfedd8c2._.js:3127
[  188947ms] [ERROR] ./guitarforge/src/components/LearningCenterPage.tsx:680:10
Ecmascript file had an error
  678 | }
  679 |
> 680 | function ChromaticTuner() {
      |          ^^^^^^^^^^^^^^
  681 |   const [listening, setListening] = useState(false);
  682 |   const [detected, setDetected] = useState<{ note: string; octave: number; cents: number; freq: number } | null>(null);
  683 |   const ctxRef = useRef<AudioContext | null>(null);

the name `ChromaticTuner` is defined multiple times

Import traces:
  Client Component Browser:
    ./guitarforge/src/components/LearningCenterPage.tsx [Client Component Browser]
    ./guitarforge/src/components/GuitarForgeApp.tsx [Client Component Browser]
    ./guitarforge/src/components/GuitarForgeApp.tsx [Server Component]
    ./guitarforge/src/app/page.tsx [Server Component]

  Client Component SSR:
    ./guitarforge/src/components/LearningCenterPage.tsx [Client Component SSR]
    ./guitarforge/src/components/GuitarForgeApp.tsx [Client Component SSR]
    ./guitarforge/src/components/GuitarForgeApp.tsx [Server Component]
    ./guitarforge/src/app/page.tsx [Server Component] @ http://localhost:3001/_next/static/chunks/a266a_next_dist_cfedd8c2._.js:3127
[  189023ms] [ERROR] ./guitarforge/src/components/LearningCenterPage.tsx:680:10
Ecmascript file had an error
  678 | }
  679 |
> 680 | function ChromaticTuner() {
      |          ^^^^^^^^^^^^^^
  681 |   const [listening, setListening] = useState(false);
  682 |   const [detected, setDetected] = useState<{ note: string; octave: number; cents: number; freq: number } | null>(null);
  683 |   const ctxRef = useRef<AudioContext | null>(null);

the name `ChromaticTuner` is defined multiple times

Import traces:
  Client Component Browser:
    ./guitarforge/src/components/LearningCenterPage.tsx [Client Component Browser]
    ./guitarforge/src/components/GuitarForgeApp.tsx [Client Component Browser]
    ./guitarforge/src/components/GuitarForgeApp.tsx [Server Component]
    ./guitarforge/src/app/page.tsx [Server Component]

  Client Component SSR:
    ./guitarforge/src/components/LearningCenterPage.tsx [Client Component SSR]
    ./guitarforge/src/components/GuitarForgeApp.tsx [Client Component SSR]
    ./guitarforge/src/components/GuitarForgeApp.tsx [Server Component]
    ./guitarforge/src/app/page.tsx [Server Component] @ http://localhost:3001/_next/static/chunks/a266a_next_dist_cfedd8c2._.js:3127
[  189102ms] [ERROR] ./guitarforge/src/components/LearningCenterPage.tsx:680:10
Ecmascript file had an error
  678 | }
  679 |
> 680 | function ChromaticTuner() {
      |          ^^^^^^^^^^^^^^
  681 |   const [listening, setListening] = useState(false);
  682 |   const [detected, setDetected] = useState<{ note: string; octave: number; cents: number; freq: number } | null>(null);
  683 |   const ctxRef = useRef<AudioContext | null>(null);

the name `ChromaticTuner` is defined multiple times

Import traces:
  Client Component Browser:
    ./guitarforge/src/components/LearningCenterPage.tsx [Client Component Browser]
    ./guitarforge/src/components/GuitarForgeApp.tsx [Client Component Browser]
    ./guitarforge/src/components/GuitarForgeApp.tsx [Server Component]
    ./guitarforge/src/app/page.tsx [Server Component]

  Client Component SSR:
    ./guitarforge/src/components/LearningCenterPage.tsx [Client Component SSR]
    ./guitarforge/src/components/GuitarForgeApp.tsx [Client Component SSR]
    ./guitarforge/src/components/GuitarForgeApp.tsx [Server Component]
    ./guitarforge/src/app/page.tsx [Server Component] @ http://localhost:3001/_next/static/chunks/a266a_next_dist_cfedd8c2._.js:3127
[  189180ms] [ERROR] ./guitarforge/src/components/LearningCenterPage.tsx:680:10
Ecmascript file had an error
  678 | }
  679 |
> 680 | function ChromaticTuner() {
      |          ^^^^^^^^^^^^^^
  681 |   const [listening, setListening] = useState(false);
  682 |   const [detected, setDetected] = useState<{ note: string; octave: number; cents: number; freq: number } | null>(null);
  683 |   const ctxRef = useRef<AudioContext | null>(null);

the name `ChromaticTuner` is defined multiple times

Import traces:
  Client Component Browser:
    ./guitarforge/src/components/LearningCenterPage.tsx [Client Component Browser]
    ./guitarforge/src/components/GuitarForgeApp.tsx [Client Component Browser]
    ./guitarforge/src/components/GuitarForgeApp.tsx [Server Component]
    ./guitarforge/src/app/page.tsx [Server Component]

  Client Component SSR:
    ./guitarforge/src/components/LearningCenterPage.tsx [Client Component SSR]
    ./guitarforge/src/components/GuitarForgeApp.tsx [Client Component SSR]
    ./guitarforge/src/components/GuitarForgeApp.tsx [Server Component]
    ./guitarforge/src/app/page.tsx [Server Component] @ http://localhost:3001/_next/static/chunks/a266a_next_dist_cfedd8c2._.js:3127
[  189257ms] [ERROR] ./guitarforge/src/components/LearningCenterPage.tsx:680:10
Ecmascript file had an error
  678 | }
  679 |
> 680 | function ChromaticTuner() {
      |          ^^^^^^^^^^^^^^
  681 |   const [listening, setListening] = useState(false);
  682 |   const [detected, setDetected] = useState<{ note: string; octave: number; cents: number; freq: number } | null>(null);
  683 |   const ctxRef = useRef<AudioContext | null>(null);

the name `ChromaticTuner` is defined multiple times

Import traces:
  Client Component Browser:
    ./guitarforge/src/components/LearningCenterPage.tsx [Client Component Browser]
    ./guitarforge/src/components/GuitarForgeApp.tsx [Client Component Browser]
    ./guitarforge/src/components/GuitarForgeApp.tsx [Server Component]
    ./guitarforge/src/app/page.tsx [Server Component]

  Client Component SSR:
    ./guitarforge/src/components/LearningCenterPage.tsx [Client Component SSR]
    ./guitarforge/src/components/GuitarForgeApp.tsx [Client Component SSR]
    ./guitarforge/src/components/GuitarForgeApp.tsx [Server Component]
    ./guitarforge/src/app/page.tsx [Server Component] @ http://localhost:3001/_next/static/chunks/a266a_next_dist_cfedd8c2._.js:3127
[  189337ms] [ERROR] ./guitarforge/src/components/LearningCenterPage.tsx:680:10
Ecmascript file had an error
  678 | }
  679 |
> 680 | function ChromaticTuner() {
      |          ^^^^^^^^^^^^^^
  681 |   const [listening, setListening] = useState(false);
  682 |   const [detected, setDetected] = useState<{ note: string; octave: number; cents: number; freq: number } | null>(null);
  683 |   const ctxRef = useRef<AudioContext | null>(null);

the name `ChromaticTuner` is defined multiple times

Import traces:
  Client Component Browser:
    ./guitarforge/src/components/LearningCenterPage.tsx [Client Component Browser]
    ./guitarforge/src/components/GuitarForgeApp.tsx [Client Component Browser]
    ./guitarforge/src/components/GuitarForgeApp.tsx [Server Component]
    ./guitarforge/src/app/page.tsx [Server Component]

  Client Component SSR:
    ./guitarforge/src/components/LearningCenterPage.tsx [Client Component SSR]
    ./guitarforge/src/components/GuitarForgeApp.tsx [Client Component SSR]
    ./guitarforge/src/components/GuitarForgeApp.tsx [Server Component]
    ./guitarforge/src/app/page.tsx [Server Component] @ http://localhost:3001/_next/static/chunks/a266a_next_dist_cfedd8c2._.js:3127
[  189412ms] [ERROR] ./guitarforge/src/components/LearningCenterPage.tsx:680:10
Ecmascript file had an error
  678 | }
  679 |
> 680 | function ChromaticTuner() {
      |          ^^^^^^^^^^^^^^
  681 |   const [listening, setListening] = useState(false);
  682 |   const [detected, setDetected] = useState<{ note: string; octave: number; cents: number; freq: number } | null>(null);
  683 |   const ctxRef = useRef<AudioContext | null>(null);

the name `ChromaticTuner` is defined multiple times

Import traces:
  Client Component Browser:
    ./guitarforge/src/components/LearningCenterPage.tsx [Client Component Browser]
    ./guitarforge/src/components/GuitarForgeApp.tsx [Client Component Browser]
    ./guitarforge/src/components/GuitarForgeApp.tsx [Server Component]
    ./guitarforge/src/app/page.tsx [Server Component]

  Client Component SSR:
    ./guitarforge/src/components/LearningCenterPage.tsx [Client Component SSR]
    ./guitarforge/src/components/GuitarForgeApp.tsx [Client Component SSR]
    ./guitarforge/src/components/GuitarForgeApp.tsx [Server Component]
    ./guitarforge/src/app/page.tsx [Server Component] @ http://localhost:3001/_next/static/chunks/a266a_next_dist_cfedd8c2._.js:3127
[  189491ms] [ERROR] ./guitarforge/src/components/LearningCenterPage.tsx:680:10
Ecmascript file had an error
  678 | }
  679 |
> 680 | function ChromaticTuner() {
      |          ^^^^^^^^^^^^^^
  681 |   const [listening, setListening] = useState(false);
  682 |   const [detected, setDetected] = useState<{ note: string; octave: number; cents: number; freq: number } | null>(null);
  683 |   const ctxRef = useRef<AudioContext | null>(null);

the name `ChromaticTuner` is defined multiple times

Import traces:
  Client Component Browser:
    ./guitarforge/src/components/LearningCenterPage.tsx [Client Component Browser]
    ./guitarforge/src/components/GuitarForgeApp.tsx [Client Component Browser]
    ./guitarforge/src/components/GuitarForgeApp.tsx [Server Component]
    ./guitarforge/src/app/page.tsx [Server Component]

  Client Component SSR:
    ./guitarforge/src/components/LearningCenterPage.tsx [Client Component SSR]
    ./guitarforge/src/components/GuitarForgeApp.tsx [Client Component SSR]
    ./guitarforge/src/components/GuitarForgeApp.tsx [Server Component]
    ./guitarforge/src/app/page.tsx [Server Component] @ http://localhost:3001/_next/static/chunks/a266a_next_dist_cfedd8c2._.js:3127
[  189569ms] [ERROR] ./guitarforge/src/components/LearningCenterPage.tsx:680:10
Ecmascript file had an error
  678 | }
  679 |
> 680 | function ChromaticTuner() {
      |          ^^^^^^^^^^^^^^
  681 |   const [listening, setListening] = useState(false);
  682 |   const [detected, setDetected] = useState<{ note: string; octave: number; cents: number; freq: number } | null>(null);
  683 |   const ctxRef = useRef<AudioContext | null>(null);

the name `ChromaticTuner` is defined multiple times

Import traces:
  Client Component Browser:
    ./guitarforge/src/components/LearningCenterPage.tsx [Client Component Browser]
    ./guitarforge/src/components/GuitarForgeApp.tsx [Client Component Browser]
    ./guitarforge/src/components/GuitarForgeApp.tsx [Server Component]
    ./guitarforge/src/app/page.tsx [Server Component]

  Client Component SSR:
    ./guitarforge/src/components/LearningCenterPage.tsx [Client Component SSR]
    ./guitarforge/src/components/GuitarForgeApp.tsx [Client Component SSR]
    ./guitarforge/src/components/GuitarForgeApp.tsx [Server Component]
    ./guitarforge/src/app/page.tsx [Server Component] @ http://localhost:3001/_next/static/chunks/a266a_next_dist_cfedd8c2._.js:3127
[  189648ms] [ERROR] ./guitarforge/src/components/LearningCenterPage.tsx:680:10
Ecmascript file had an error
  678 | }
  679 |
> 680 | function ChromaticTuner() {
      |          ^^^^^^^^^^^^^^
  681 |   const [listening, setListening] = useState(false);
  682 |   const [detected, setDetected] = useState<{ note: string; octave: number; cents: number; freq: number } | null>(null);
  683 |   const ctxRef = useRef<AudioContext | null>(null);

the name `ChromaticTuner` is defined multiple times

Import traces:
  Client Component Browser:
    ./guitarforge/src/components/LearningCenterPage.tsx [Client Component Browser]
    ./guitarforge/src/components/GuitarForgeApp.tsx [Client Component Browser]
    ./guitarforge/src/components/GuitarForgeApp.tsx [Server Component]
    ./guitarforge/src/app/page.tsx [Server Component]

  Client Component SSR:
    ./guitarforge/src/components/LearningCenterPage.tsx [Client Component SSR]
    ./guitarforge/src/components/GuitarForgeApp.tsx [Client Component SSR]
    ./guitarforge/src/components/GuitarForgeApp.tsx [Server Component]
    ./guitarforge/src/app/page.tsx [Server Component] @ http://localhost:3001/_next/static/chunks/a266a_next_dist_cfedd8c2._.js:3127
[  189725ms] [ERROR] ./guitarforge/src/components/LearningCenterPage.tsx:680:10
Ecmascript file had an error
  678 | }
  679 |
> 680 | function ChromaticTuner() {
      |          ^^^^^^^^^^^^^^
  681 |   const [listening, setListening] = useState(false);
  682 |   const [detected, setDetected] = useState<{ note: string; octave: number; cents: number; freq: number } | null>(null);
  683 |   const ctxRef = useRef<AudioContext | null>(null);

the name `ChromaticTuner` is defined multiple times

Import traces:
  Client Component Browser:
    ./guitarforge/src/components/LearningCenterPage.tsx [Client Component Browser]
    ./guitarforge/src/components/GuitarForgeApp.tsx [Client Component Browser]
    ./guitarforge/src/components/GuitarForgeApp.tsx [Server Component]
    ./guitarforge/src/app/page.tsx [Server Component]

  Client Component SSR:
    ./guitarforge/src/components/LearningCenterPage.tsx [Client Component SSR]
    ./guitarforge/src/components/GuitarForgeApp.tsx [Client Component SSR]
    ./guitarforge/src/components/GuitarForgeApp.tsx [Server Component]
    ./guitarforge/src/app/page.tsx [Server Component] @ http://localhost:3001/_next/static/chunks/a266a_next_dist_cfedd8c2._.js:3127
[  189801ms] [ERROR] ./guitarforge/src/components/LearningCenterPage.tsx:680:10
Ecmascript file had an error
  678 | }
  679 |
> 680 | function ChromaticTuner() {
      |          ^^^^^^^^^^^^^^
  681 |   const [listening, setListening] = useState(false);
  682 |   const [detected, setDetected] = useState<{ note: string; octave: number; cents: number; freq: number } | null>(null);
  683 |   const ctxRef = useRef<AudioContext | null>(null);

the name `ChromaticTuner` is defined multiple times

Import traces:
  Client Component Browser:
    ./guitarforge/src/components/LearningCenterPage.tsx [Client Component Browser]
    ./guitarforge/src/components/GuitarForgeApp.tsx [Client Component Browser]
    ./guitarforge/src/components/GuitarForgeApp.tsx [Server Component]
    ./guitarforge/src/app/page.tsx [Server Component]

  Client Component SSR:
    ./guitarforge/src/components/LearningCenterPage.tsx [Client Component SSR]
    ./guitarforge/src/components/GuitarForgeApp.tsx [Client Component SSR]
    ./guitarforge/src/components/GuitarForgeApp.tsx [Server Component]
    ./guitarforge/src/app/page.tsx [Server Component] @ http://localhost:3001/_next/static/chunks/a266a_next_dist_cfedd8c2._.js:3127
[  189878ms] [ERROR] ./guitarforge/src/components/LearningCenterPage.tsx:680:10
Ecmascript file had an error
  678 | }
  679 |
> 680 | function ChromaticTuner() {
      |          ^^^^^^^^^^^^^^
  681 |   const [listening, setListening] = useState(false);
  682 |   const [detected, setDetected] = useState<{ note: string; octave: number; cents: number; freq: number } | null>(null);
  683 |   const ctxRef = useRef<AudioContext | null>(null);

the name `ChromaticTuner` is defined multiple times

Import traces:
  Client Component Browser:
    ./guitarforge/src/components/LearningCenterPage.tsx [Client Component Browser]
    ./guitarforge/src/components/GuitarForgeApp.tsx [Client Component Browser]
    ./guitarforge/src/components/GuitarForgeApp.tsx [Server Component]
    ./guitarforge/src/app/page.tsx [Server Component]

  Client Component SSR:
    ./guitarforge/src/components/LearningCenterPage.tsx [Client Component SSR]
    ./guitarforge/src/components/GuitarForgeApp.tsx [Client Component SSR]
    ./guitarforge/src/components/GuitarForgeApp.tsx [Server Component]
    ./guitarforge/src/app/page.tsx [Server Component] @ http://localhost:3001/_next/static/chunks/a266a_next_dist_cfedd8c2._.js:3127
[  189942ms] [ERROR] ./guitarforge/src/components/LearningCenterPage.tsx:680:10
Ecmascript file had an error
  678 | }
  679 |
> 680 | function ChromaticTuner() {
      |          ^^^^^^^^^^^^^^
  681 |   const [listening, setListening] = useState(false);
  682 |   const [detected, setDetected] = useState<{ note: string; octave: number; cents: number; freq: number } | null>(null);
  683 |   const ctxRef = useRef<AudioContext | null>(null);

the name `ChromaticTuner` is defined multiple times

Import traces:
  Client Component Browser:
    ./guitarforge/src/components/LearningCenterPage.tsx [Client Component Browser]
    ./guitarforge/src/components/GuitarForgeApp.tsx [Client Component Browser]
    ./guitarforge/src/components/GuitarForgeApp.tsx [Server Component]
    ./guitarforge/src/app/page.tsx [Server Component]

  Client Component SSR:
    ./guitarforge/src/components/LearningCenterPage.tsx [Client Component SSR]
    ./guitarforge/src/components/GuitarForgeApp.tsx [Client Component SSR]
    ./guitarforge/src/components/GuitarForgeApp.tsx [Server Component]
    ./guitarforge/src/app/page.tsx [Server Component] @ http://localhost:3001/_next/static/chunks/a266a_next_dist_cfedd8c2._.js:3127
[  190020ms] [ERROR] ./guitarforge/src/components/LearningCenterPage.tsx:680:10
Ecmascript file had an error
  678 | }
  679 |
> 680 | function ChromaticTuner() {
      |          ^^^^^^^^^^^^^^
  681 |   const [listening, setListening] = useState(false);
  682 |   const [detected, setDetected] = useState<{ note: string; octave: number; cents: number; freq: number } | null>(null);
  683 |   const ctxRef = useRef<AudioContext | null>(null);

the name `ChromaticTuner` is defined multiple times

Import traces:
  Client Component Browser:
    ./guitarforge/src/components/LearningCenterPage.tsx [Client Component Browser]
    ./guitarforge/src/components/GuitarForgeApp.tsx [Client Component Browser]
    ./guitarforge/src/components/GuitarForgeApp.tsx [Server Component]
    ./guitarforge/src/app/page.tsx [Server Component]

  Client Component SSR:
    ./guitarforge/src/components/LearningCenterPage.tsx [Client Component SSR]
    ./guitarforge/src/components/GuitarForgeApp.tsx [Client Component SSR]
    ./guitarforge/src/components/GuitarForgeApp.tsx [Server Component]
    ./guitarforge/src/app/page.tsx [Server Component] @ http://localhost:3001/_next/static/chunks/a266a_next_dist_cfedd8c2._.js:3127
[  190099ms] [ERROR] ./guitarforge/src/components/LearningCenterPage.tsx:680:10
Ecmascript file had an error
  678 | }
  679 |
> 680 | function ChromaticTuner() {
      |          ^^^^^^^^^^^^^^
  681 |   const [listening, setListening] = useState(false);
  682 |   const [detected, setDetected] = useState<{ note: string; octave: number; cents: number; freq: number } | null>(null);
  683 |   const ctxRef = useRef<AudioContext | null>(null);

the name `ChromaticTuner` is defined multiple times

Import traces:
  Client Component Browser:
    ./guitarforge/src/components/LearningCenterPage.tsx [Client Component Browser]
    ./guitarforge/src/components/GuitarForgeApp.tsx [Client Component Browser]
    ./guitarforge/src/components/GuitarForgeApp.tsx [Server Component]
    ./guitarforge/src/app/page.tsx [Server Component]

  Client Component SSR:
    ./guitarforge/src/components/LearningCenterPage.tsx [Client Component SSR]
    ./guitarforge/src/components/GuitarForgeApp.tsx [Client Component SSR]
    ./guitarforge/src/components/GuitarForgeApp.tsx [Server Component]
    ./guitarforge/src/app/page.tsx [Server Component] @ http://localhost:3001/_next/static/chunks/a266a_next_dist_cfedd8c2._.js:3127
[  190176ms] [ERROR] ./guitarforge/src/components/LearningCenterPage.tsx:680:10
Ecmascript file had an error
  678 | }
  679 |
> 680 | function ChromaticTuner() {
      |          ^^^^^^^^^^^^^^
  681 |   const [listening, setListening] = useState(false);
  682 |   const [detected, setDetected] = useState<{ note: string; octave: number; cents: number; freq: number } | null>(null);
  683 |   const ctxRef = useRef<AudioContext | null>(null);

the name `ChromaticTuner` is defined multiple times

Import traces:
  Client Component Browser:
    ./guitarforge/src/components/LearningCenterPage.tsx [Client Component Browser]
    ./guitarforge/src/components/GuitarForgeApp.tsx [Client Component Browser]
    ./guitarforge/src/components/GuitarForgeApp.tsx [Server Component]
    ./guitarforge/src/app/page.tsx [Server Component]

  Client Component SSR:
    ./guitarforge/src/components/LearningCenterPage.tsx [Client Component SSR]
    ./guitarforge/src/components/GuitarForgeApp.tsx [Client Component SSR]
    ./guitarforge/src/components/GuitarForgeApp.tsx [Server Component]
    ./guitarforge/src/app/page.tsx [Server Component] @ http://localhost:3001/_next/static/chunks/a266a_next_dist_cfedd8c2._.js:3127
[  190253ms] [ERROR] ./guitarforge/src/components/LearningCenterPage.tsx:680:10
Ecmascript file had an error
  678 | }
  679 |
> 680 | function ChromaticTuner() {
      |          ^^^^^^^^^^^^^^
  681 |   const [listening, setListening] = useState(false);
  682 |   const [detected, setDetected] = useState<{ note: string; octave: number; cents: number; freq: number } | null>(null);
  683 |   const ctxRef = useRef<AudioContext | null>(null);

the name `ChromaticTuner` is defined multiple times

Import traces:
  Client Component Browser:
    ./guitarforge/src/components/LearningCenterPage.tsx [Client Component Browser]
    ./guitarforge/src/components/GuitarForgeApp.tsx [Client Component Browser]
    ./guitarforge/src/components/GuitarForgeApp.tsx [Server Component]
    ./guitarforge/src/app/page.tsx [Server Component]

  Client Component SSR:
    ./guitarforge/src/components/LearningCenterPage.tsx [Client Component SSR]
    ./guitarforge/src/components/GuitarForgeApp.tsx [Client Component SSR]
    ./guitarforge/src/components/GuitarForgeApp.tsx [Server Component]
    ./guitarforge/src/app/page.tsx [Server Component] @ http://localhost:3001/_next/static/chunks/a266a_next_dist_cfedd8c2._.js:3127
[  190331ms] [ERROR] ./guitarforge/src/components/LearningCenterPage.tsx:680:10
Ecmascript file had an error
  678 | }
  679 |
> 680 | function ChromaticTuner() {
      |          ^^^^^^^^^^^^^^
  681 |   const [listening, setListening] = useState(false);
  682 |   const [detected, setDetected] = useState<{ note: string; octave: number; cents: number; freq: number } | null>(null);
  683 |   const ctxRef = useRef<AudioContext | null>(null);

the name `ChromaticTuner` is defined multiple times

Import traces:
  Client Component Browser:
    ./guitarforge/src/components/LearningCenterPage.tsx [Client Component Browser]
    ./guitarforge/src/components/GuitarForgeApp.tsx [Client Component Browser]
    ./guitarforge/src/components/GuitarForgeApp.tsx [Server Component]
    ./guitarforge/src/app/page.tsx [Server Component]

  Client Component SSR:
    ./guitarforge/src/components/LearningCenterPage.tsx [Client Component SSR]
    ./guitarforge/src/components/GuitarForgeApp.tsx [Client Component SSR]
    ./guitarforge/src/components/GuitarForgeApp.tsx [Server Component]
    ./guitarforge/src/app/page.tsx [Server Component] @ http://localhost:3001/_next/static/chunks/a266a_next_dist_cfedd8c2._.js:3127
[  190408ms] [ERROR] ./guitarforge/src/components/LearningCenterPage.tsx:680:10
Ecmascript file had an error
  678 | }
  679 |
> 680 | function ChromaticTuner() {
      |          ^^^^^^^^^^^^^^
  681 |   const [listening, setListening] = useState(false);
  682 |   const [detected, setDetected] = useState<{ note: string; octave: number; cents: number; freq: number } | null>(null);
  683 |   const ctxRef = useRef<AudioContext | null>(null);

the name `ChromaticTuner` is defined multiple times

Import traces:
  Client Component Browser:
    ./guitarforge/src/components/LearningCenterPage.tsx [Client Component Browser]
    ./guitarforge/src/components/GuitarForgeApp.tsx [Client Component Browser]
    ./guitarforge/src/components/GuitarForgeApp.tsx [Server Component]
    ./guitarforge/src/app/page.tsx [Server Component]

  Client Component SSR:
    ./guitarforge/src/components/LearningCenterPage.tsx [Client Component SSR]
    ./guitarforge/src/components/GuitarForgeApp.tsx [Client Component SSR]
    ./guitarforge/src/components/GuitarForgeApp.tsx [Server Component]
    ./guitarforge/src/app/page.tsx [Server Component] @ http://localhost:3001/_next/static/chunks/a266a_next_dist_cfedd8c2._.js:3127
[  190488ms] [ERROR] ./guitarforge/src/components/LearningCenterPage.tsx:680:10
Ecmascript file had an error
  678 | }
  679 |
> 680 | function ChromaticTuner() {
      |          ^^^^^^^^^^^^^^
  681 |   const [listening, setListening] = useState(false);
  682 |   const [detected, setDetected] = useState<{ note: string; octave: number; cents: number; freq: number } | null>(null);
  683 |   const ctxRef = useRef<AudioContext | null>(null);

the name `ChromaticTuner` is defined multiple times

Import traces:
  Client Component Browser:
    ./guitarforge/src/components/LearningCenterPage.tsx [Client Component Browser]
    ./guitarforge/src/components/GuitarForgeApp.tsx [Client Component Browser]
    ./guitarforge/src/components/GuitarForgeApp.tsx [Server Component]
    ./guitarforge/src/app/page.tsx [Server Component]

  Client Component SSR:
    ./guitarforge/src/components/LearningCenterPage.tsx [Client Component SSR]
    ./guitarforge/src/components/GuitarForgeApp.tsx [Client Component SSR]
    ./guitarforge/src/components/GuitarForgeApp.tsx [Server Component]
    ./guitarforge/src/app/page.tsx [Server Component] @ http://localhost:3001/_next/static/chunks/a266a_next_dist_cfedd8c2._.js:3127
[  190565ms] [ERROR] ./guitarforge/src/components/LearningCenterPage.tsx:680:10
Ecmascript file had an error
  678 | }
  679 |
> 680 | function ChromaticTuner() {
      |          ^^^^^^^^^^^^^^
  681 |   const [listening, setListening] = useState(false);
  682 |   const [detected, setDetected] = useState<{ note: string; octave: number; cents: number; freq: number } | null>(null);
  683 |   const ctxRef = useRef<AudioContext | null>(null);

the name `ChromaticTuner` is defined multiple times

Import traces:
  Client Component Browser:
    ./guitarforge/src/components/LearningCenterPage.tsx [Client Component Browser]
    ./guitarforge/src/components/GuitarForgeApp.tsx [Client Component Browser]
    ./guitarforge/src/components/GuitarForgeApp.tsx [Server Component]
    ./guitarforge/src/app/page.tsx [Server Component]

  Client Component SSR:
    ./guitarforge/src/components/LearningCenterPage.tsx [Client Component SSR]
    ./guitarforge/src/components/GuitarForgeApp.tsx [Client Component SSR]
    ./guitarforge/src/components/GuitarForgeApp.tsx [Server Component]
    ./guitarforge/src/app/page.tsx [Server Component] @ http://localhost:3001/_next/static/chunks/a266a_next_dist_cfedd8c2._.js:3127
[  190642ms] [ERROR] ./guitarforge/src/components/LearningCenterPage.tsx:680:10
Ecmascript file had an error
  678 | }
  679 |
> 680 | function ChromaticTuner() {
      |          ^^^^^^^^^^^^^^
  681 |   const [listening, setListening] = useState(false);
  682 |   const [detected, setDetected] = useState<{ note: string; octave: number; cents: number; freq: number } | null>(null);
  683 |   const ctxRef = useRef<AudioContext | null>(null);

the name `ChromaticTuner` is defined multiple times

Import traces:
  Client Component Browser:
    ./guitarforge/src/components/LearningCenterPage.tsx [Client Component Browser]
    ./guitarforge/src/components/GuitarForgeApp.tsx [Client Component Browser]
    ./guitarforge/src/components/GuitarForgeApp.tsx [Server Component]
    ./guitarforge/src/app/page.tsx [Server Component]

  Client Component SSR:
    ./guitarforge/src/components/LearningCenterPage.tsx [Client Component SSR]
    ./guitarforge/src/components/GuitarForgeApp.tsx [Client Component SSR]
    ./guitarforge/src/components/GuitarForgeApp.tsx [Server Component]
    ./guitarforge/src/app/page.tsx [Server Component] @ http://localhost:3001/_next/static/chunks/a266a_next_dist_cfedd8c2._.js:3127
[  190722ms] [ERROR] ./guitarforge/src/components/LearningCenterPage.tsx:680:10
Ecmascript file had an error
  678 | }
  679 |
> 680 | function ChromaticTuner() {
      |          ^^^^^^^^^^^^^^
  681 |   const [listening, setListening] = useState(false);
  682 |   const [detected, setDetected] = useState<{ note: string; octave: number; cents: number; freq: number } | null>(null);
  683 |   const ctxRef = useRef<AudioContext | null>(null);

the name `ChromaticTuner` is defined multiple times

Import traces:
  Client Component Browser:
    ./guitarforge/src/components/LearningCenterPage.tsx [Client Component Browser]
    ./guitarforge/src/components/GuitarForgeApp.tsx [Client Component Browser]
    ./guitarforge/src/components/GuitarForgeApp.tsx [Server Component]
    ./guitarforge/src/app/page.tsx [Server Component]

  Client Component SSR:
    ./guitarforge/src/components/LearningCenterPage.tsx [Client Component SSR]
    ./guitarforge/src/components/GuitarForgeApp.tsx [Client Component SSR]
    ./guitarforge/src/components/GuitarForgeApp.tsx [Server Component]
    ./guitarforge/src/app/page.tsx [Server Component] @ http://localhost:3001/_next/static/chunks/a266a_next_dist_cfedd8c2._.js:3127
[  190798ms] [ERROR] ./guitarforge/src/components/LearningCenterPage.tsx:680:10
Ecmascript file had an error
  678 | }
  679 |
> 680 | function ChromaticTuner() {
      |          ^^^^^^^^^^^^^^
  681 |   const [listening, setListening] = useState(false);
  682 |   const [detected, setDetected] = useState<{ note: string; octave: number; cents: number; freq: number } | null>(null);
  683 |   const ctxRef = useRef<AudioContext | null>(null);

the name `ChromaticTuner` is defined multiple times

Import traces:
  Client Component Browser:
    ./guitarforge/src/components/LearningCenterPage.tsx [Client Component Browser]
    ./guitarforge/src/components/GuitarForgeApp.tsx [Client Component Browser]
    ./guitarforge/src/components/GuitarForgeApp.tsx [Server Component]
    ./guitarforge/src/app/page.tsx [Server Component]

  Client Component SSR:
    ./guitarforge/src/components/LearningCenterPage.tsx [Client Component SSR]
    ./guitarforge/src/components/GuitarForgeApp.tsx [Client Component SSR]
    ./guitarforge/src/components/GuitarForgeApp.tsx [Server Component]
    ./guitarforge/src/app/page.tsx [Server Component] @ http://localhost:3001/_next/static/chunks/a266a_next_dist_cfedd8c2._.js:3127
[  190877ms] [ERROR] ./guitarforge/src/components/LearningCenterPage.tsx:680:10
Ecmascript file had an error
  678 | }
  679 |
> 680 | function ChromaticTuner() {
      |          ^^^^^^^^^^^^^^
  681 |   const [listening, setListening] = useState(false);
  682 |   const [detected, setDetected] = useState<{ note: string; octave: number; cents: number; freq: number } | null>(null);
  683 |   const ctxRef = useRef<AudioContext | null>(null);

the name `ChromaticTuner` is defined multiple times

Import traces:
  Client Component Browser:
    ./guitarforge/src/components/LearningCenterPage.tsx [Client Component Browser]
    ./guitarforge/src/components/GuitarForgeApp.tsx [Client Component Browser]
    ./guitarforge/src/components/GuitarForgeApp.tsx [Server Component]
    ./guitarforge/src/app/page.tsx [Server Component]

  Client Component SSR:
    ./guitarforge/src/components/LearningCenterPage.tsx [Client Component SSR]
    ./guitarforge/src/components/GuitarForgeApp.tsx [Client Component SSR]
    ./guitarforge/src/components/GuitarForgeApp.tsx [Server Component]
    ./guitarforge/src/app/page.tsx [Server Component] @ http://localhost:3001/_next/static/chunks/a266a_next_dist_cfedd8c2._.js:3127
[  190956ms] [ERROR] ./guitarforge/src/components/LearningCenterPage.tsx:680:10
Ecmascript file had an error
  678 | }
  679 |
> 680 | function ChromaticTuner() {
      |          ^^^^^^^^^^^^^^
  681 |   const [listening, setListening] = useState(false);
  682 |   const [detected, setDetected] = useState<{ note: string; octave: number; cents: number; freq: number } | null>(null);
  683 |   const ctxRef = useRef<AudioContext | null>(null);

the name `ChromaticTuner` is defined multiple times

Import traces:
  Client Component Browser:
    ./guitarforge/src/components/LearningCenterPage.tsx [Client Component Browser]
    ./guitarforge/src/components/GuitarForgeApp.tsx [Client Component Browser]
    ./guitarforge/src/components/GuitarForgeApp.tsx [Server Component]
    ./guitarforge/src/app/page.tsx [Server Component]

  Client Component SSR:
    ./guitarforge/src/components/LearningCenterPage.tsx [Client Component SSR]
    ./guitarforge/src/components/GuitarForgeApp.tsx [Client Component SSR]
    ./guitarforge/src/components/GuitarForgeApp.tsx [Server Component]
    ./guitarforge/src/app/page.tsx [Server Component] @ http://localhost:3001/_next/static/chunks/a266a_next_dist_cfedd8c2._.js:3127
[  191032ms] [ERROR] ./guitarforge/src/components/LearningCenterPage.tsx:680:10
Ecmascript file had an error
  678 | }
  679 |
> 680 | function ChromaticTuner() {
      |          ^^^^^^^^^^^^^^
  681 |   const [listening, setListening] = useState(false);
  682 |   const [detected, setDetected] = useState<{ note: string; octave: number; cents: number; freq: number } | null>(null);
  683 |   const ctxRef = useRef<AudioContext | null>(null);

the name `ChromaticTuner` is defined multiple times

Import traces:
  Client Component Browser:
    ./guitarforge/src/components/LearningCenterPage.tsx [Client Component Browser]
    ./guitarforge/src/components/GuitarForgeApp.tsx [Client Component Browser]
    ./guitarforge/src/components/GuitarForgeApp.tsx [Server Component]
    ./guitarforge/src/app/page.tsx [Server Component]

  Client Component SSR:
    ./guitarforge/src/components/LearningCenterPage.tsx [Client Component SSR]
    ./guitarforge/src/components/GuitarForgeApp.tsx [Client Component SSR]
    ./guitarforge/src/components/GuitarForgeApp.tsx [Server Component]
    ./guitarforge/src/app/page.tsx [Server Component] @ http://localhost:3001/_next/static/chunks/a266a_next_dist_cfedd8c2._.js:3127
[  191111ms] [ERROR] ./guitarforge/src/components/LearningCenterPage.tsx:680:10
Ecmascript file had an error
  678 | }
  679 |
> 680 | function ChromaticTuner() {
      |          ^^^^^^^^^^^^^^
  681 |   const [listening, setListening] = useState(false);
  682 |   const [detected, setDetected] = useState<{ note: string; octave: number; cents: number; freq: number } | null>(null);
  683 |   const ctxRef = useRef<AudioContext | null>(null);

the name `ChromaticTuner` is defined multiple times

Import traces:
  Client Component Browser:
    ./guitarforge/src/components/LearningCenterPage.tsx [Client Component Browser]
    ./guitarforge/src/components/GuitarForgeApp.tsx [Client Component Browser]
    ./guitarforge/src/components/GuitarForgeApp.tsx [Server Component]
    ./guitarforge/src/app/page.tsx [Server Component]

  Client Component SSR:
    ./guitarforge/src/components/LearningCenterPage.tsx [Client Component SSR]
    ./guitarforge/src/components/GuitarForgeApp.tsx [Client Component SSR]
    ./guitarforge/src/components/GuitarForgeApp.tsx [Server Component]
    ./guitarforge/src/app/page.tsx [Server Component] @ http://localhost:3001/_next/static/chunks/a266a_next_dist_cfedd8c2._.js:3127
[  191188ms] [ERROR] ./guitarforge/src/components/LearningCenterPage.tsx:680:10
Ecmascript file had an error
  678 | }
  679 |
> 680 | function ChromaticTuner() {
      |          ^^^^^^^^^^^^^^
  681 |   const [listening, setListening] = useState(false);
  682 |   const [detected, setDetected] = useState<{ note: string; octave: number; cents: number; freq: number } | null>(null);
  683 |   const ctxRef = useRef<AudioContext | null>(null);

the name `ChromaticTuner` is defined multiple times

Import traces:
  Client Component Browser:
    ./guitarforge/src/components/LearningCenterPage.tsx [Client Component Browser]
    ./guitarforge/src/components/GuitarForgeApp.tsx [Client Component Browser]
    ./guitarforge/src/components/GuitarForgeApp.tsx [Server Component]
    ./guitarforge/src/app/page.tsx [Server Component]

  Client Component SSR:
    ./guitarforge/src/components/LearningCenterPage.tsx [Client Component SSR]
    ./guitarforge/src/components/GuitarForgeApp.tsx [Client Component SSR]
    ./guitarforge/src/components/GuitarForgeApp.tsx [Server Component]
    ./guitarforge/src/app/page.tsx [Server Component] @ http://localhost:3001/_next/static/chunks/a266a_next_dist_cfedd8c2._.js:3127
[  191265ms] [ERROR] ./guitarforge/src/components/LearningCenterPage.tsx:680:10
Ecmascript file had an error
  678 | }
  679 |
> 680 | function ChromaticTuner() {
      |          ^^^^^^^^^^^^^^
  681 |   const [listening, setListening] = useState(false);
  682 |   const [detected, setDetected] = useState<{ note: string; octave: number; cents: number; freq: number } | null>(null);
  683 |   const ctxRef = useRef<AudioContext | null>(null);

the name `ChromaticTuner` is defined multiple times

Import traces:
  Client Component Browser:
    ./guitarforge/src/components/LearningCenterPage.tsx [Client Component Browser]
    ./guitarforge/src/components/GuitarForgeApp.tsx [Client Component Browser]
    ./guitarforge/src/components/GuitarForgeApp.tsx [Server Component]
    ./guitarforge/src/app/page.tsx [Server Component]

  Client Component SSR:
    ./guitarforge/src/components/LearningCenterPage.tsx [Client Component SSR]
    ./guitarforge/src/components/GuitarForgeApp.tsx [Client Component SSR]
    ./guitarforge/src/components/GuitarForgeApp.tsx [Server Component]
    ./guitarforge/src/app/page.tsx [Server Component] @ http://localhost:3001/_next/static/chunks/a266a_next_dist_cfedd8c2._.js:3127
[  191343ms] [ERROR] ./guitarforge/src/components/LearningCenterPage.tsx:680:10
Ecmascript file had an error
  678 | }
  679 |
> 680 | function ChromaticTuner() {
      |          ^^^^^^^^^^^^^^
  681 |   const [listening, setListening] = useState(false);
  682 |   const [detected, setDetected] = useState<{ note: string; octave: number; cents: number; freq: number } | null>(null);
  683 |   const ctxRef = useRef<AudioContext | null>(null);

the name `ChromaticTuner` is defined multiple times

Import traces:
  Client Component Browser:
    ./guitarforge/src/components/LearningCenterPage.tsx [Client Component Browser]
    ./guitarforge/src/components/GuitarForgeApp.tsx [Client Component Browser]
    ./guitarforge/src/components/GuitarForgeApp.tsx [Server Component]
    ./guitarforge/src/app/page.tsx [Server Component]

  Client Component SSR:
    ./guitarforge/src/components/LearningCenterPage.tsx [Client Component SSR]
    ./guitarforge/src/components/GuitarForgeApp.tsx [Client Component SSR]
    ./guitarforge/src/components/GuitarForgeApp.tsx [Server Component]
    ./guitarforge/src/app/page.tsx [Server Component] @ http://localhost:3001/_next/static/chunks/a266a_next_dist_cfedd8c2._.js:3127
[  191422ms] [ERROR] ./guitarforge/src/components/LearningCenterPage.tsx:680:10
Ecmascript file had an error
  678 | }
  679 |
> 680 | function ChromaticTuner() {
      |          ^^^^^^^^^^^^^^
  681 |   const [listening, setListening] = useState(false);
  682 |   const [detected, setDetected] = useState<{ note: string; octave: number; cents: number; freq: number } | null>(null);
  683 |   const ctxRef = useRef<AudioContext | null>(null);

the name `ChromaticTuner` is defined multiple times

Import traces:
  Client Component Browser:
    ./guitarforge/src/components/LearningCenterPage.tsx [Client Component Browser]
    ./guitarforge/src/components/GuitarForgeApp.tsx [Client Component Browser]
    ./guitarforge/src/components/GuitarForgeApp.tsx [Server Component]
    ./guitarforge/src/app/page.tsx [Server Component]

  Client Component SSR:
    ./guitarforge/src/components/LearningCenterPage.tsx [Client Component SSR]
    ./guitarforge/src/components/GuitarForgeApp.tsx [Client Component SSR]
    ./guitarforge/src/components/GuitarForgeApp.tsx [Server Component]
    ./guitarforge/src/app/page.tsx [Server Component] @ http://localhost:3001/_next/static/chunks/a266a_next_dist_cfedd8c2._.js:3127
[  191500ms] [ERROR] ./guitarforge/src/components/LearningCenterPage.tsx:680:10
Ecmascript file had an error
  678 | }
  679 |
> 680 | function ChromaticTuner() {
      |          ^^^^^^^^^^^^^^
  681 |   const [listening, setListening] = useState(false);
  682 |   const [detected, setDetected] = useState<{ note: string; octave: number; cents: number; freq: number } | null>(null);
  683 |   const ctxRef = useRef<AudioContext | null>(null);

the name `ChromaticTuner` is defined multiple times

Import traces:
  Client Component Browser:
    ./guitarforge/src/components/LearningCenterPage.tsx [Client Component Browser]
    ./guitarforge/src/components/GuitarForgeApp.tsx [Client Component Browser]
    ./guitarforge/src/components/GuitarForgeApp.tsx [Server Component]
    ./guitarforge/src/app/page.tsx [Server Component]

  Client Component SSR:
    ./guitarforge/src/components/LearningCenterPage.tsx [Client Component SSR]
    ./guitarforge/src/components/GuitarForgeApp.tsx [Client Component SSR]
    ./guitarforge/src/components/GuitarForgeApp.tsx [Server Component]
    ./guitarforge/src/app/page.tsx [Server Component] @ http://localhost:3001/_next/static/chunks/a266a_next_dist_cfedd8c2._.js:3127
[  191579ms] [ERROR] ./guitarforge/src/components/LearningCenterPage.tsx:680:10
Ecmascript file had an error
  678 | }
  679 |
> 680 | function ChromaticTuner() {
      |          ^^^^^^^^^^^^^^
  681 |   const [listening, setListening] = useState(false);
  682 |   const [detected, setDetected] = useState<{ note: string; octave: number; cents: number; freq: number } | null>(null);
  683 |   const ctxRef = useRef<AudioContext | null>(null);

the name `ChromaticTuner` is defined multiple times

Import traces:
  Client Component Browser:
    ./guitarforge/src/components/LearningCenterPage.tsx [Client Component Browser]
    ./guitarforge/src/components/GuitarForgeApp.tsx [Client Component Browser]
    ./guitarforge/src/components/GuitarForgeApp.tsx [Server Component]
    ./guitarforge/src/app/page.tsx [Server Component]

  Client Component SSR:
    ./guitarforge/src/components/LearningCenterPage.tsx [Client Component SSR]
    ./guitarforge/src/components/GuitarForgeApp.tsx [Client Component SSR]
    ./guitarforge/src/components/GuitarForgeApp.tsx [Server Component]
    ./guitarforge/src/app/page.tsx [Server Component] @ http://localhost:3001/_next/static/chunks/a266a_next_dist_cfedd8c2._.js:3127
[  191656ms] [ERROR] ./guitarforge/src/components/LearningCenterPage.tsx:680:10
Ecmascript file had an error
  678 | }
  679 |
> 680 | function ChromaticTuner() {
      |          ^^^^^^^^^^^^^^
  681 |   const [listening, setListening] = useState(false);
  682 |   const [detected, setDetected] = useState<{ note: string; octave: number; cents: number; freq: number } | null>(null);
  683 |   const ctxRef = useRef<AudioContext | null>(null);

the name `ChromaticTuner` is defined multiple times

Import traces:
  Client Component Browser:
    ./guitarforge/src/components/LearningCenterPage.tsx [Client Component Browser]
    ./guitarforge/src/components/GuitarForgeApp.tsx [Client Component Browser]
    ./guitarforge/src/components/GuitarForgeApp.tsx [Server Component]
    ./guitarforge/src/app/page.tsx [Server Component]

  Client Component SSR:
    ./guitarforge/src/components/LearningCenterPage.tsx [Client Component SSR]
    ./guitarforge/src/components/GuitarForgeApp.tsx [Client Component SSR]
    ./guitarforge/src/components/GuitarForgeApp.tsx [Server Component]
    ./guitarforge/src/app/page.tsx [Server Component] @ http://localhost:3001/_next/static/chunks/a266a_next_dist_cfedd8c2._.js:3127
[  191731ms] [ERROR] ./guitarforge/src/components/LearningCenterPage.tsx:680:10
Ecmascript file had an error
  678 | }
  679 |
> 680 | function ChromaticTuner() {
      |          ^^^^^^^^^^^^^^
  681 |   const [listening, setListening] = useState(false);
  682 |   const [detected, setDetected] = useState<{ note: string; octave: number; cents: number; freq: number } | null>(null);
  683 |   const ctxRef = useRef<AudioContext | null>(null);

the name `ChromaticTuner` is defined multiple times

Import traces:
  Client Component Browser:
    ./guitarforge/src/components/LearningCenterPage.tsx [Client Component Browser]
    ./guitarforge/src/components/GuitarForgeApp.tsx [Client Component Browser]
    ./guitarforge/src/components/GuitarForgeApp.tsx [Server Component]
    ./guitarforge/src/app/page.tsx [Server Component]

  Client Component SSR:
    ./guitarforge/src/components/LearningCenterPage.tsx [Client Component SSR]
    ./guitarforge/src/components/GuitarForgeApp.tsx [Client Component SSR]
    ./guitarforge/src/components/GuitarForgeApp.tsx [Server Component]
    ./guitarforge/src/app/page.tsx [Server Component] @ http://localhost:3001/_next/static/chunks/a266a_next_dist_cfedd8c2._.js:3127
[  191808ms] [ERROR] ./guitarforge/src/components/LearningCenterPage.tsx:680:10
Ecmascript file had an error
  678 | }
  679 |
> 680 | function ChromaticTuner() {
      |          ^^^^^^^^^^^^^^
  681 |   const [listening, setListening] = useState(false);
  682 |   const [detected, setDetected] = useState<{ note: string; octave: number; cents: number; freq: number } | null>(null);
  683 |   const ctxRef = useRef<AudioContext | null>(null);

the name `ChromaticTuner` is defined multiple times

Import traces:
  Client Component Browser:
    ./guitarforge/src/components/LearningCenterPage.tsx [Client Component Browser]
    ./guitarforge/src/components/GuitarForgeApp.tsx [Client Component Browser]
    ./guitarforge/src/components/GuitarForgeApp.tsx [Server Component]
    ./guitarforge/src/app/page.tsx [Server Component]

  Client Component SSR:
    ./guitarforge/src/components/LearningCenterPage.tsx [Client Component SSR]
    ./guitarforge/src/components/GuitarForgeApp.tsx [Client Component SSR]
    ./guitarforge/src/components/GuitarForgeApp.tsx [Server Component]
    ./guitarforge/src/app/page.tsx [Server Component] @ http://localhost:3001/_next/static/chunks/a266a_next_dist_cfedd8c2._.js:3127
[  191872ms] [ERROR] ./guitarforge/src/components/LearningCenterPage.tsx:680:10
Ecmascript file had an error
  678 | }
  679 |
> 680 | function ChromaticTuner() {
      |          ^^^^^^^^^^^^^^
  681 |   const [listening, setListening] = useState(false);
  682 |   const [detected, setDetected] = useState<{ note: string; octave: number; cents: number; freq: number } | null>(null);
  683 |   const ctxRef = useRef<AudioContext | null>(null);

the name `ChromaticTuner` is defined multiple times

Import traces:
  Client Component Browser:
    ./guitarforge/src/components/LearningCenterPage.tsx [Client Component Browser]
    ./guitarforge/src/components/GuitarForgeApp.tsx [Client Component Browser]
    ./guitarforge/src/components/GuitarForgeApp.tsx [Server Component]
    ./guitarforge/src/app/page.tsx [Server Component]

  Client Component SSR:
    ./guitarforge/src/components/LearningCenterPage.tsx [Client Component SSR]
    ./guitarforge/src/components/GuitarForgeApp.tsx [Client Component SSR]
    ./guitarforge/src/components/GuitarForgeApp.tsx [Server Component]
    ./guitarforge/src/app/page.tsx [Server Component] @ http://localhost:3001/_next/static/chunks/a266a_next_dist_cfedd8c2._.js:3127
[  191950ms] [ERROR] ./guitarforge/src/components/LearningCenterPage.tsx:680:10
Ecmascript file had an error
  678 | }
  679 |
> 680 | function ChromaticTuner() {
      |          ^^^^^^^^^^^^^^
  681 |   const [listening, setListening] = useState(false);
  682 |   const [detected, setDetected] = useState<{ note: string; octave: number; cents: number; freq: number } | null>(null);
  683 |   const ctxRef = useRef<AudioContext | null>(null);

the name `ChromaticTuner` is defined multiple times

Import traces:
  Client Component Browser:
    ./guitarforge/src/components/LearningCenterPage.tsx [Client Component Browser]
    ./guitarforge/src/components/GuitarForgeApp.tsx [Client Component Browser]
    ./guitarforge/src/components/GuitarForgeApp.tsx [Server Component]
    ./guitarforge/src/app/page.tsx [Server Component]

  Client Component SSR:
    ./guitarforge/src/components/LearningCenterPage.tsx [Client Component SSR]
    ./guitarforge/src/components/GuitarForgeApp.tsx [Client Component SSR]
    ./guitarforge/src/components/GuitarForgeApp.tsx [Server Component]
    ./guitarforge/src/app/page.tsx [Server Component] @ http://localhost:3001/_next/static/chunks/a266a_next_dist_cfedd8c2._.js:3127
[  192029ms] [ERROR] ./guitarforge/src/components/LearningCenterPage.tsx:680:10
Ecmascript file had an error
  678 | }
  679 |
> 680 | function ChromaticTuner() {
      |          ^^^^^^^^^^^^^^
  681 |   const [listening, setListening] = useState(false);
  682 |   const [detected, setDetected] = useState<{ note: string; octave: number; cents: number; freq: number } | null>(null);
  683 |   const ctxRef = useRef<AudioContext | null>(null);

the name `ChromaticTuner` is defined multiple times

Import traces:
  Client Component Browser:
    ./guitarforge/src/components/LearningCenterPage.tsx [Client Component Browser]
    ./guitarforge/src/components/GuitarForgeApp.tsx [Client Component Browser]
    ./guitarforge/src/components/GuitarForgeApp.tsx [Server Component]
    ./guitarforge/src/app/page.tsx [Server Component]

  Client Component SSR:
    ./guitarforge/src/components/LearningCenterPage.tsx [Client Component SSR]
    ./guitarforge/src/components/GuitarForgeApp.tsx [Client Component SSR]
    ./guitarforge/src/components/GuitarForgeApp.tsx [Server Component]
    ./guitarforge/src/app/page.tsx [Server Component] @ http://localhost:3001/_next/static/chunks/a266a_next_dist_cfedd8c2._.js:3127
[  192106ms] [ERROR] ./guitarforge/src/components/LearningCenterPage.tsx:680:10
Ecmascript file had an error
  678 | }
  679 |
> 680 | function ChromaticTuner() {
      |          ^^^^^^^^^^^^^^
  681 |   const [listening, setListening] = useState(false);
  682 |   const [detected, setDetected] = useState<{ note: string; octave: number; cents: number; freq: number } | null>(null);
  683 |   const ctxRef = useRef<AudioContext | null>(null);

the name `ChromaticTuner` is defined multiple times

Import traces:
  Client Component Browser:
    ./guitarforge/src/components/LearningCenterPage.tsx [Client Component Browser]
    ./guitarforge/src/components/GuitarForgeApp.tsx [Client Component Browser]
    ./guitarforge/src/components/GuitarForgeApp.tsx [Server Component]
    ./guitarforge/src/app/page.tsx [Server Component]

  Client Component SSR:
    ./guitarforge/src/components/LearningCenterPage.tsx [Client Component SSR]
    ./guitarforge/src/components/GuitarForgeApp.tsx [Client Component SSR]
    ./guitarforge/src/components/GuitarForgeApp.tsx [Server Component]
    ./guitarforge/src/app/page.tsx [Server Component] @ http://localhost:3001/_next/static/chunks/a266a_next_dist_cfedd8c2._.js:3127
[  192186ms] [ERROR] ./guitarforge/src/components/LearningCenterPage.tsx:680:10
Ecmascript file had an error
  678 | }
  679 |
> 680 | function ChromaticTuner() {
      |          ^^^^^^^^^^^^^^
  681 |   const [listening, setListening] = useState(false);
  682 |   const [detected, setDetected] = useState<{ note: string; octave: number; cents: number; freq: number } | null>(null);
  683 |   const ctxRef = useRef<AudioContext | null>(null);

the name `ChromaticTuner` is defined multiple times

Import traces:
  Client Component Browser:
    ./guitarforge/src/components/LearningCenterPage.tsx [Client Component Browser]
    ./guitarforge/src/components/GuitarForgeApp.tsx [Client Component Browser]
    ./guitarforge/src/components/GuitarForgeApp.tsx [Server Component]
    ./guitarforge/src/app/page.tsx [Server Component]

  Client Component SSR:
    ./guitarforge/src/components/LearningCenterPage.tsx [Client Component SSR]
    ./guitarforge/src/components/GuitarForgeApp.tsx [Client Component SSR]
    ./guitarforge/src/components/GuitarForgeApp.tsx [Server Component]
    ./guitarforge/src/app/page.tsx [Server Component] @ http://localhost:3001/_next/static/chunks/a266a_next_dist_cfedd8c2._.js:3127
[  192262ms] [ERROR] ./guitarforge/src/components/LearningCenterPage.tsx:680:10
Ecmascript file had an error
  678 | }
  679 |
> 680 | function ChromaticTuner() {
      |          ^^^^^^^^^^^^^^
  681 |   const [listening, setListening] = useState(false);
  682 |   const [detected, setDetected] = useState<{ note: string; octave: number; cents: number; freq: number } | null>(null);
  683 |   const ctxRef = useRef<AudioContext | null>(null);

the name `ChromaticTuner` is defined multiple times

Import traces:
  Client Component Browser:
    ./guitarforge/src/components/LearningCenterPage.tsx [Client Component Browser]
    ./guitarforge/src/components/GuitarForgeApp.tsx [Client Component Browser]
    ./guitarforge/src/components/GuitarForgeApp.tsx [Server Component]
    ./guitarforge/src/app/page.tsx [Server Component]

  Client Component SSR:
    ./guitarforge/src/components/LearningCenterPage.tsx [Client Component SSR]
    ./guitarforge/src/components/GuitarForgeApp.tsx [Client Component SSR]
    ./guitarforge/src/components/GuitarForgeApp.tsx [Server Component]
    ./guitarforge/src/app/page.tsx [Server Component] @ http://localhost:3001/_next/static/chunks/a266a_next_dist_cfedd8c2._.js:3127
[  192340ms] [ERROR] ./guitarforge/src/components/LearningCenterPage.tsx:680:10
Ecmascript file had an error
  678 | }
  679 |
> 680 | function ChromaticTuner() {
      |          ^^^^^^^^^^^^^^
  681 |   const [listening, setListening] = useState(false);
  682 |   const [detected, setDetected] = useState<{ note: string; octave: number; cents: number; freq: number } | null>(null);
  683 |   const ctxRef = useRef<AudioContext | null>(null);

the name `ChromaticTuner` is defined multiple times

Import traces:
  Client Component Browser:
    ./guitarforge/src/components/LearningCenterPage.tsx [Client Component Browser]
    ./guitarforge/src/components/GuitarForgeApp.tsx [Client Component Browser]
    ./guitarforge/src/components/GuitarForgeApp.tsx [Server Component]
    ./guitarforge/src/app/page.tsx [Server Component]

  Client Component SSR:
    ./guitarforge/src/components/LearningCenterPage.tsx [Client Component SSR]
    ./guitarforge/src/components/GuitarForgeApp.tsx [Client Component SSR]
    ./guitarforge/src/components/GuitarForgeApp.tsx [Server Component]
    ./guitarforge/src/app/page.tsx [Server Component] @ http://localhost:3001/_next/static/chunks/a266a_next_dist_cfedd8c2._.js:3127
[  192418ms] [ERROR] ./guitarforge/src/components/LearningCenterPage.tsx:680:10
Ecmascript file had an error
  678 | }
  679 |
> 680 | function ChromaticTuner() {
      |          ^^^^^^^^^^^^^^
  681 |   const [listening, setListening] = useState(false);
  682 |   const [detected, setDetected] = useState<{ note: string; octave: number; cents: number; freq: number } | null>(null);
  683 |   const ctxRef = useRef<AudioContext | null>(null);

the name `ChromaticTuner` is defined multiple times

Import traces:
  Client Component Browser:
    ./guitarforge/src/components/LearningCenterPage.tsx [Client Component Browser]
    ./guitarforge/src/components/GuitarForgeApp.tsx [Client Component Browser]
    ./guitarforge/src/components/GuitarForgeApp.tsx [Server Component]
    ./guitarforge/src/app/page.tsx [Server Component]

  Client Component SSR:
    ./guitarforge/src/components/LearningCenterPage.tsx [Client Component SSR]
    ./guitarforge/src/components/GuitarForgeApp.tsx [Client Component SSR]
    ./guitarforge/src/components/GuitarForgeApp.tsx [Server Component]
    ./guitarforge/src/app/page.tsx [Server Component] @ http://localhost:3001/_next/static/chunks/a266a_next_dist_cfedd8c2._.js:3127
[  192493ms] [ERROR] ./guitarforge/src/components/LearningCenterPage.tsx:680:10
Ecmascript file had an error
  678 | }
  679 |
> 680 | function ChromaticTuner() {
      |          ^^^^^^^^^^^^^^
  681 |   const [listening, setListening] = useState(false);
  682 |   const [detected, setDetected] = useState<{ note: string; octave: number; cents: number; freq: number } | null>(null);
  683 |   const ctxRef = useRef<AudioContext | null>(null);

the name `ChromaticTuner` is defined multiple times

Import traces:
  Client Component Browser:
    ./guitarforge/src/components/LearningCenterPage.tsx [Client Component Browser]
    ./guitarforge/src/components/GuitarForgeApp.tsx [Client Component Browser]
    ./guitarforge/src/components/GuitarForgeApp.tsx [Server Component]
    ./guitarforge/src/app/page.tsx [Server Component]

  Client Component SSR:
    ./guitarforge/src/components/LearningCenterPage.tsx [Client Component SSR]
    ./guitarforge/src/components/GuitarForgeApp.tsx [Client Component SSR]
    ./guitarforge/src/components/GuitarForgeApp.tsx [Server Component]
    ./guitarforge/src/app/page.tsx [Server Component] @ http://localhost:3001/_next/static/chunks/a266a_next_dist_cfedd8c2._.js:3127
[  192573ms] [ERROR] ./guitarforge/src/components/LearningCenterPage.tsx:680:10
Ecmascript file had an error
  678 | }
  679 |
> 680 | function ChromaticTuner() {
      |          ^^^^^^^^^^^^^^
  681 |   const [listening, setListening] = useState(false);
  682 |   const [detected, setDetected] = useState<{ note: string; octave: number; cents: number; freq: number } | null>(null);
  683 |   const ctxRef = useRef<AudioContext | null>(null);

the name `ChromaticTuner` is defined multiple times

Import traces:
  Client Component Browser:
    ./guitarforge/src/components/LearningCenterPage.tsx [Client Component Browser]
    ./guitarforge/src/components/GuitarForgeApp.tsx [Client Component Browser]
    ./guitarforge/src/components/GuitarForgeApp.tsx [Server Component]
    ./guitarforge/src/app/page.tsx [Server Component]

  Client Component SSR:
    ./guitarforge/src/components/LearningCenterPage.tsx [Client Component SSR]
    ./guitarforge/src/components/GuitarForgeApp.tsx [Client Component SSR]
    ./guitarforge/src/components/GuitarForgeApp.tsx [Server Component]
    ./guitarforge/src/app/page.tsx [Server Component] @ http://localhost:3001/_next/static/chunks/a266a_next_dist_cfedd8c2._.js:3127
[  192649ms] [ERROR] ./guitarforge/src/components/LearningCenterPage.tsx:680:10
Ecmascript file had an error
  678 | }
  679 |
> 680 | function ChromaticTuner() {
      |          ^^^^^^^^^^^^^^
  681 |   const [listening, setListening] = useState(false);
  682 |   const [detected, setDetected] = useState<{ note: string; octave: number; cents: number; freq: number } | null>(null);
  683 |   const ctxRef = useRef<AudioContext | null>(null);

the name `ChromaticTuner` is defined multiple times

Import traces:
  Client Component Browser:
    ./guitarforge/src/components/LearningCenterPage.tsx [Client Component Browser]
    ./guitarforge/src/components/GuitarForgeApp.tsx [Client Component Browser]
    ./guitarforge/src/components/GuitarForgeApp.tsx [Server Component]
    ./guitarforge/src/app/page.tsx [Server Component]

  Client Component SSR:
    ./guitarforge/src/components/LearningCenterPage.tsx [Client Component SSR]
    ./guitarforge/src/components/GuitarForgeApp.tsx [Client Component SSR]
    ./guitarforge/src/components/GuitarForgeApp.tsx [Server Component]
    ./guitarforge/src/app/page.tsx [Server Component] @ http://localhost:3001/_next/static/chunks/a266a_next_dist_cfedd8c2._.js:3127
[  192727ms] [ERROR] ./guitarforge/src/components/LearningCenterPage.tsx:680:10
Ecmascript file had an error
  678 | }
  679 |
> 680 | function ChromaticTuner() {
      |          ^^^^^^^^^^^^^^
  681 |   const [listening, setListening] = useState(false);
  682 |   const [detected, setDetected] = useState<{ note: string; octave: number; cents: number; freq: number } | null>(null);
  683 |   const ctxRef = useRef<AudioContext | null>(null);

the name `ChromaticTuner` is defined multiple times

Import traces:
  Client Component Browser:
    ./guitarforge/src/components/LearningCenterPage.tsx [Client Component Browser]
    ./guitarforge/src/components/GuitarForgeApp.tsx [Client Component Browser]
    ./guitarforge/src/components/GuitarForgeApp.tsx [Server Component]
    ./guitarforge/src/app/page.tsx [Server Component]

  Client Component SSR:
    ./guitarforge/src/components/LearningCenterPage.tsx [Client Component SSR]
    ./guitarforge/src/components/GuitarForgeApp.tsx [Client Component SSR]
    ./guitarforge/src/components/GuitarForgeApp.tsx [Server Component]
    ./guitarforge/src/app/page.tsx [Server Component] @ http://localhost:3001/_next/static/chunks/a266a_next_dist_cfedd8c2._.js:3127
[  192806ms] [ERROR] ./guitarforge/src/components/LearningCenterPage.tsx:680:10
Ecmascript file had an error
  678 | }
  679 |
> 680 | function ChromaticTuner() {
      |          ^^^^^^^^^^^^^^
  681 |   const [listening, setListening] = useState(false);
  682 |   const [detected, setDetected] = useState<{ note: string; octave: number; cents: number; freq: number } | null>(null);
  683 |   const ctxRef = useRef<AudioContext | null>(null);

the name `ChromaticTuner` is defined multiple times

Import traces:
  Client Component Browser:
    ./guitarforge/src/components/LearningCenterPage.tsx [Client Component Browser]
    ./guitarforge/src/components/GuitarForgeApp.tsx [Client Component Browser]
    ./guitarforge/src/components/GuitarForgeApp.tsx [Server Component]
    ./guitarforge/src/app/page.tsx [Server Component]

  Client Component SSR:
    ./guitarforge/src/components/LearningCenterPage.tsx [Client Component SSR]
    ./guitarforge/src/components/GuitarForgeApp.tsx [Client Component SSR]
    ./guitarforge/src/components/GuitarForgeApp.tsx [Server Component]
    ./guitarforge/src/app/page.tsx [Server Component] @ http://localhost:3001/_next/static/chunks/a266a_next_dist_cfedd8c2._.js:3127
[  192882ms] [ERROR] ./guitarforge/src/components/LearningCenterPage.tsx:680:10
Ecmascript file had an error
  678 | }
  679 |
> 680 | function ChromaticTuner() {
      |          ^^^^^^^^^^^^^^
  681 |   const [listening, setListening] = useState(false);
  682 |   const [detected, setDetected] = useState<{ note: string; octave: number; cents: number; freq: number } | null>(null);
  683 |   const ctxRef = useRef<AudioContext | null>(null);

the name `ChromaticTuner` is defined multiple times

Import traces:
  Client Component Browser:
    ./guitarforge/src/components/LearningCenterPage.tsx [Client Component Browser]
    ./guitarforge/src/components/GuitarForgeApp.tsx [Client Component Browser]
    ./guitarforge/src/components/GuitarForgeApp.tsx [Server Component]
    ./guitarforge/src/app/page.tsx [Server Component]

  Client Component SSR:
    ./guitarforge/src/components/LearningCenterPage.tsx [Client Component SSR]
    ./guitarforge/src/components/GuitarForgeApp.tsx [Client Component SSR]
    ./guitarforge/src/components/GuitarForgeApp.tsx [Server Component]
    ./guitarforge/src/app/page.tsx [Server Component] @ http://localhost:3001/_next/static/chunks/a266a_next_dist_cfedd8c2._.js:3127
[  192945ms] [ERROR] ./guitarforge/src/components/LearningCenterPage.tsx:680:10
Ecmascript file had an error
  678 | }
  679 |
> 680 | function ChromaticTuner() {
      |          ^^^^^^^^^^^^^^
  681 |   const [listening, setListening] = useState(false);
  682 |   const [detected, setDetected] = useState<{ note: string; octave: number; cents: number; freq: number } | null>(null);
  683 |   const ctxRef = useRef<AudioContext | null>(null);

the name `ChromaticTuner` is defined multiple times

Import traces:
  Client Component Browser:
    ./guitarforge/src/components/LearningCenterPage.tsx [Client Component Browser]
    ./guitarforge/src/components/GuitarForgeApp.tsx [Client Component Browser]
    ./guitarforge/src/components/GuitarForgeApp.tsx [Server Component]
    ./guitarforge/src/app/page.tsx [Server Component]

  Client Component SSR:
    ./guitarforge/src/components/LearningCenterPage.tsx [Client Component SSR]
    ./guitarforge/src/components/GuitarForgeApp.tsx [Client Component SSR]
    ./guitarforge/src/components/GuitarForgeApp.tsx [Server Component]
    ./guitarforge/src/app/page.tsx [Server Component] @ http://localhost:3001/_next/static/chunks/a266a_next_dist_cfedd8c2._.js:3127
[  193023ms] [ERROR] ./guitarforge/src/components/LearningCenterPage.tsx:680:10
Ecmascript file had an error
  678 | }
  679 |
> 680 | function ChromaticTuner() {
      |          ^^^^^^^^^^^^^^
  681 |   const [listening, setListening] = useState(false);
  682 |   const [detected, setDetected] = useState<{ note: string; octave: number; cents: number; freq: number } | null>(null);
  683 |   const ctxRef = useRef<AudioContext | null>(null);

the name `ChromaticTuner` is defined multiple times

Import traces:
  Client Component Browser:
    ./guitarforge/src/components/LearningCenterPage.tsx [Client Component Browser]
    ./guitarforge/src/components/GuitarForgeApp.tsx [Client Component Browser]
    ./guitarforge/src/components/GuitarForgeApp.tsx [Server Component]
    ./guitarforge/src/app/page.tsx [Server Component]

  Client Component SSR:
    ./guitarforge/src/components/LearningCenterPage.tsx [Client Component SSR]
    ./guitarforge/src/components/GuitarForgeApp.tsx [Client Component SSR]
    ./guitarforge/src/components/GuitarForgeApp.tsx [Server Component]
    ./guitarforge/src/app/page.tsx [Server Component] @ http://localhost:3001/_next/static/chunks/a266a_next_dist_cfedd8c2._.js:3127
[  193100ms] [ERROR] ./guitarforge/src/components/LearningCenterPage.tsx:680:10
Ecmascript file had an error
  678 | }
  679 |
> 680 | function ChromaticTuner() {
      |          ^^^^^^^^^^^^^^
  681 |   const [listening, setListening] = useState(false);
  682 |   const [detected, setDetected] = useState<{ note: string; octave: number; cents: number; freq: number } | null>(null);
  683 |   const ctxRef = useRef<AudioContext | null>(null);

the name `ChromaticTuner` is defined multiple times

Import traces:
  Client Component Browser:
    ./guitarforge/src/components/LearningCenterPage.tsx [Client Component Browser]
    ./guitarforge/src/components/GuitarForgeApp.tsx [Client Component Browser]
    ./guitarforge/src/components/GuitarForgeApp.tsx [Server Component]
    ./guitarforge/src/app/page.tsx [Server Component]

  Client Component SSR:
    ./guitarforge/src/components/LearningCenterPage.tsx [Client Component SSR]
    ./guitarforge/src/components/GuitarForgeApp.tsx [Client Component SSR]
    ./guitarforge/src/components/GuitarForgeApp.tsx [Server Component]
    ./guitarforge/src/app/page.tsx [Server Component] @ http://localhost:3001/_next/static/chunks/a266a_next_dist_cfedd8c2._.js:3127
[  193181ms] [ERROR] ./guitarforge/src/components/LearningCenterPage.tsx:680:10
Ecmascript file had an error
  678 | }
  679 |
> 680 | function ChromaticTuner() {
      |          ^^^^^^^^^^^^^^
  681 |   const [listening, setListening] = useState(false);
  682 |   const [detected, setDetected] = useState<{ note: string; octave: number; cents: number; freq: number } | null>(null);
  683 |   const ctxRef = useRef<AudioContext | null>(null);

the name `ChromaticTuner` is defined multiple times

Import traces:
  Client Component Browser:
    ./guitarforge/src/components/LearningCenterPage.tsx [Client Component Browser]
    ./guitarforge/src/components/GuitarForgeApp.tsx [Client Component Browser]
    ./guitarforge/src/components/GuitarForgeApp.tsx [Server Component]
    ./guitarforge/src/app/page.tsx [Server Component]

  Client Component SSR:
    ./guitarforge/src/components/LearningCenterPage.tsx [Client Component SSR]
    ./guitarforge/src/components/GuitarForgeApp.tsx [Client Component SSR]
    ./guitarforge/src/components/GuitarForgeApp.tsx [Server Component]
    ./guitarforge/src/app/page.tsx [Server Component] @ http://localhost:3001/_next/static/chunks/a266a_next_dist_cfedd8c2._.js:3127
[  193258ms] [ERROR] ./guitarforge/src/components/LearningCenterPage.tsx:680:10
Ecmascript file had an error
  678 | }
  679 |
> 680 | function ChromaticTuner() {
      |          ^^^^^^^^^^^^^^
  681 |   const [listening, setListening] = useState(false);
  682 |   const [detected, setDetected] = useState<{ note: string; octave: number; cents: number; freq: number } | null>(null);
  683 |   const ctxRef = useRef<AudioContext | null>(null);

the name `ChromaticTuner` is defined multiple times

Import traces:
  Client Component Browser:
    ./guitarforge/src/components/LearningCenterPage.tsx [Client Component Browser]
    ./guitarforge/src/components/GuitarForgeApp.tsx [Client Component Browser]
    ./guitarforge/src/components/GuitarForgeApp.tsx [Server Component]
    ./guitarforge/src/app/page.tsx [Server Component]

  Client Component SSR:
    ./guitarforge/src/components/LearningCenterPage.tsx [Client Component SSR]
    ./guitarforge/src/components/GuitarForgeApp.tsx [Client Component SSR]
    ./guitarforge/src/components/GuitarForgeApp.tsx [Server Component]
    ./guitarforge/src/app/page.tsx [Server Component] @ http://localhost:3001/_next/static/chunks/a266a_next_dist_cfedd8c2._.js:3127
[  193335ms] [ERROR] ./guitarforge/src/components/LearningCenterPage.tsx:680:10
Ecmascript file had an error
  678 | }
  679 |
> 680 | function ChromaticTuner() {
      |          ^^^^^^^^^^^^^^
  681 |   const [listening, setListening] = useState(false);
  682 |   const [detected, setDetected] = useState<{ note: string; octave: number; cents: number; freq: number } | null>(null);
  683 |   const ctxRef = useRef<AudioContext | null>(null);

the name `ChromaticTuner` is defined multiple times

Import traces:
  Client Component Browser:
    ./guitarforge/src/components/LearningCenterPage.tsx [Client Component Browser]
    ./guitarforge/src/components/GuitarForgeApp.tsx [Client Component Browser]
    ./guitarforge/src/components/GuitarForgeApp.tsx [Server Component]
    ./guitarforge/src/app/page.tsx [Server Component]

  Client Component SSR:
    ./guitarforge/src/components/LearningCenterPage.tsx [Client Component SSR]
    ./guitarforge/src/components/GuitarForgeApp.tsx [Client Component SSR]
    ./guitarforge/src/components/GuitarForgeApp.tsx [Server Component]
    ./guitarforge/src/app/page.tsx [Server Component] @ http://localhost:3001/_next/static/chunks/a266a_next_dist_cfedd8c2._.js:3127
[  193410ms] [ERROR] ./guitarforge/src/components/LearningCenterPage.tsx:680:10
Ecmascript file had an error
  678 | }
  679 |
> 680 | function ChromaticTuner() {
      |          ^^^^^^^^^^^^^^
  681 |   const [listening, setListening] = useState(false);
  682 |   const [detected, setDetected] = useState<{ note: string; octave: number; cents: number; freq: number } | null>(null);
  683 |   const ctxRef = useRef<AudioContext | null>(null);

the name `ChromaticTuner` is defined multiple times

Import traces:
  Client Component Browser:
    ./guitarforge/src/components/LearningCenterPage.tsx [Client Component Browser]
    ./guitarforge/src/components/GuitarForgeApp.tsx [Client Component Browser]
    ./guitarforge/src/components/GuitarForgeApp.tsx [Server Component]
    ./guitarforge/src/app/page.tsx [Server Component]

  Client Component SSR:
    ./guitarforge/src/components/LearningCenterPage.tsx [Client Component SSR]
    ./guitarforge/src/components/GuitarForgeApp.tsx [Client Component SSR]
    ./guitarforge/src/components/GuitarForgeApp.tsx [Server Component]
    ./guitarforge/src/app/page.tsx [Server Component] @ http://localhost:3001/_next/static/chunks/a266a_next_dist_cfedd8c2._.js:3127
[  193488ms] [ERROR] ./guitarforge/src/components/LearningCenterPage.tsx:680:10
Ecmascript file had an error
  678 | }
  679 |
> 680 | function ChromaticTuner() {
      |          ^^^^^^^^^^^^^^
  681 |   const [listening, setListening] = useState(false);
  682 |   const [detected, setDetected] = useState<{ note: string; octave: number; cents: number; freq: number } | null>(null);
  683 |   const ctxRef = useRef<AudioContext | null>(null);

the name `ChromaticTuner` is defined multiple times

Import traces:
  Client Component Browser:
    ./guitarforge/src/components/LearningCenterPage.tsx [Client Component Browser]
    ./guitarforge/src/components/GuitarForgeApp.tsx [Client Component Browser]
    ./guitarforge/src/components/GuitarForgeApp.tsx [Server Component]
    ./guitarforge/src/app/page.tsx [Server Component]

  Client Component SSR:
    ./guitarforge/src/components/LearningCenterPage.tsx [Client Component SSR]
    ./guitarforge/src/components/GuitarForgeApp.tsx [Client Component SSR]
    ./guitarforge/src/components/GuitarForgeApp.tsx [Server Component]
    ./guitarforge/src/app/page.tsx [Server Component] @ http://localhost:3001/_next/static/chunks/a266a_next_dist_cfedd8c2._.js:3127
[  193569ms] [ERROR] ./guitarforge/src/components/LearningCenterPage.tsx:680:10
Ecmascript file had an error
  678 | }
  679 |
> 680 | function ChromaticTuner() {
      |          ^^^^^^^^^^^^^^
  681 |   const [listening, setListening] = useState(false);
  682 |   const [detected, setDetected] = useState<{ note: string; octave: number; cents: number; freq: number } | null>(null);
  683 |   const ctxRef = useRef<AudioContext | null>(null);

the name `ChromaticTuner` is defined multiple times

Import traces:
  Client Component Browser:
    ./guitarforge/src/components/LearningCenterPage.tsx [Client Component Browser]
    ./guitarforge/src/components/GuitarForgeApp.tsx [Client Component Browser]
    ./guitarforge/src/components/GuitarForgeApp.tsx [Server Component]
    ./guitarforge/src/app/page.tsx [Server Component]

  Client Component SSR:
    ./guitarforge/src/components/LearningCenterPage.tsx [Client Component SSR]
    ./guitarforge/src/components/GuitarForgeApp.tsx [Client Component SSR]
    ./guitarforge/src/components/GuitarForgeApp.tsx [Server Component]
    ./guitarforge/src/app/page.tsx [Server Component] @ http://localhost:3001/_next/static/chunks/a266a_next_dist_cfedd8c2._.js:3127
[  193644ms] [ERROR] ./guitarforge/src/components/LearningCenterPage.tsx:680:10
Ecmascript file had an error
  678 | }
  679 |
> 680 | function ChromaticTuner() {
      |          ^^^^^^^^^^^^^^
  681 |   const [listening, setListening] = useState(false);
  682 |   const [detected, setDetected] = useState<{ note: string; octave: number; cents: number; freq: number } | null>(null);
  683 |   const ctxRef = useRef<AudioContext | null>(null);

the name `ChromaticTuner` is defined multiple times

Import traces:
  Client Component Browser:
    ./guitarforge/src/components/LearningCenterPage.tsx [Client Component Browser]
    ./guitarforge/src/components/GuitarForgeApp.tsx [Client Component Browser]
    ./guitarforge/src/components/GuitarForgeApp.tsx [Server Component]
    ./guitarforge/src/app/page.tsx [Server Component]

  Client Component SSR:
    ./guitarforge/src/components/LearningCenterPage.tsx [Client Component SSR]
    ./guitarforge/src/components/GuitarForgeApp.tsx [Client Component SSR]
    ./guitarforge/src/components/GuitarForgeApp.tsx [Server Component]
    ./guitarforge/src/app/page.tsx [Server Component] @ http://localhost:3001/_next/static/chunks/a266a_next_dist_cfedd8c2._.js:3127
[  193723ms] [ERROR] ./guitarforge/src/components/LearningCenterPage.tsx:680:10
Ecmascript file had an error
  678 | }
  679 |
> 680 | function ChromaticTuner() {
      |          ^^^^^^^^^^^^^^
  681 |   const [listening, setListening] = useState(false);
  682 |   const [detected, setDetected] = useState<{ note: string; octave: number; cents: number; freq: number } | null>(null);
  683 |   const ctxRef = useRef<AudioContext | null>(null);

the name `ChromaticTuner` is defined multiple times

Import traces:
  Client Component Browser:
    ./guitarforge/src/components/LearningCenterPage.tsx [Client Component Browser]
    ./guitarforge/src/components/GuitarForgeApp.tsx [Client Component Browser]
    ./guitarforge/src/components/GuitarForgeApp.tsx [Server Component]
    ./guitarforge/src/app/page.tsx [Server Component]

  Client Component SSR:
    ./guitarforge/src/components/LearningCenterPage.tsx [Client Component SSR]
    ./guitarforge/src/components/GuitarForgeApp.tsx [Client Component SSR]
    ./guitarforge/src/components/GuitarForgeApp.tsx [Server Component]
    ./guitarforge/src/app/page.tsx [Server Component] @ http://localhost:3001/_next/static/chunks/a266a_next_dist_cfedd8c2._.js:3127
[  193798ms] [ERROR] ./guitarforge/src/components/LearningCenterPage.tsx:680:10
Ecmascript file had an error
  678 | }
  679 |
> 680 | function ChromaticTuner() {
      |          ^^^^^^^^^^^^^^
  681 |   const [listening, setListening] = useState(false);
  682 |   const [detected, setDetected] = useState<{ note: string; octave: number; cents: number; freq: number } | null>(null);
  683 |   const ctxRef = useRef<AudioContext | null>(null);

the name `ChromaticTuner` is defined multiple times

Import traces:
  Client Component Browser:
    ./guitarforge/src/components/LearningCenterPage.tsx [Client Component Browser]
    ./guitarforge/src/components/GuitarForgeApp.tsx [Client Component Browser]
    ./guitarforge/src/components/GuitarForgeApp.tsx [Server Component]
    ./guitarforge/src/app/page.tsx [Server Component]

  Client Component SSR:
    ./guitarforge/src/components/LearningCenterPage.tsx [Client Component SSR]
    ./guitarforge/src/components/GuitarForgeApp.tsx [Client Component SSR]
    ./guitarforge/src/components/GuitarForgeApp.tsx [Server Component]
    ./guitarforge/src/app/page.tsx [Server Component] @ http://localhost:3001/_next/static/chunks/a266a_next_dist_cfedd8c2._.js:3127
[  193861ms] [ERROR] ./guitarforge/src/components/LearningCenterPage.tsx:680:10
Ecmascript file had an error
  678 | }
  679 |
> 680 | function ChromaticTuner() {
      |          ^^^^^^^^^^^^^^
  681 |   const [listening, setListening] = useState(false);
  682 |   const [detected, setDetected] = useState<{ note: string; octave: number; cents: number; freq: number } | null>(null);
  683 |   const ctxRef = useRef<AudioContext | null>(null);

the name `ChromaticTuner` is defined multiple times

Import traces:
  Client Component Browser:
    ./guitarforge/src/components/LearningCenterPage.tsx [Client Component Browser]
    ./guitarforge/src/components/GuitarForgeApp.tsx [Client Component Browser]
    ./guitarforge/src/components/GuitarForgeApp.tsx [Server Component]
    ./guitarforge/src/app/page.tsx [Server Component]

  Client Component SSR:
    ./guitarforge/src/components/LearningCenterPage.tsx [Client Component SSR]
    ./guitarforge/src/components/GuitarForgeApp.tsx [Client Component SSR]
    ./guitarforge/src/components/GuitarForgeApp.tsx [Server Component]
    ./guitarforge/src/app/page.tsx [Server Component] @ http://localhost:3001/_next/static/chunks/a266a_next_dist_cfedd8c2._.js:3127
[  193925ms] [ERROR] ./guitarforge/src/components/LearningCenterPage.tsx:680:10
Ecmascript file had an error
  678 | }
  679 |
> 680 | function ChromaticTuner() {
      |          ^^^^^^^^^^^^^^
  681 |   const [listening, setListening] = useState(false);
  682 |   const [detected, setDetected] = useState<{ note: string; octave: number; cents: number; freq: number } | null>(null);
  683 |   const ctxRef = useRef<AudioContext | null>(null);

the name `ChromaticTuner` is defined multiple times

Import traces:
  Client Component Browser:
    ./guitarforge/src/components/LearningCenterPage.tsx [Client Component Browser]
    ./guitarforge/src/components/GuitarForgeApp.tsx [Client Component Browser]
    ./guitarforge/src/components/GuitarForgeApp.tsx [Server Component]
    ./guitarforge/src/app/page.tsx [Server Component]

  Client Component SSR:
    ./guitarforge/src/components/LearningCenterPage.tsx [Client Component SSR]
    ./guitarforge/src/components/GuitarForgeApp.tsx [Client Component SSR]
    ./guitarforge/src/components/GuitarForgeApp.tsx [Server Component]
    ./guitarforge/src/app/page.tsx [Server Component] @ http://localhost:3001/_next/static/chunks/a266a_next_dist_cfedd8c2._.js:3127
[  194002ms] [ERROR] ./guitarforge/src/components/LearningCenterPage.tsx:680:10
Ecmascript file had an error
  678 | }
  679 |
> 680 | function ChromaticTuner() {
      |          ^^^^^^^^^^^^^^
  681 |   const [listening, setListening] = useState(false);
  682 |   const [detected, setDetected] = useState<{ note: string; octave: number; cents: number; freq: number } | null>(null);
  683 |   const ctxRef = useRef<AudioContext | null>(null);

the name `ChromaticTuner` is defined multiple times

Import traces:
  Client Component Browser:
    ./guitarforge/src/components/LearningCenterPage.tsx [Client Component Browser]
    ./guitarforge/src/components/GuitarForgeApp.tsx [Client Component Browser]
    ./guitarforge/src/components/GuitarForgeApp.tsx [Server Component]
    ./guitarforge/src/app/page.tsx [Server Component]

  Client Component SSR:
    ./guitarforge/src/components/LearningCenterPage.tsx [Client Component SSR]
    ./guitarforge/src/components/GuitarForgeApp.tsx [Client Component SSR]
    ./guitarforge/src/components/GuitarForgeApp.tsx [Server Component]
    ./guitarforge/src/app/page.tsx [Server Component] @ http://localhost:3001/_next/static/chunks/a266a_next_dist_cfedd8c2._.js:3127
[  194082ms] [ERROR] ./guitarforge/src/components/LearningCenterPage.tsx:680:10
Ecmascript file had an error
  678 | }
  679 |
> 680 | function ChromaticTuner() {
      |          ^^^^^^^^^^^^^^
  681 |   const [listening, setListening] = useState(false);
  682 |   const [detected, setDetected] = useState<{ note: string; octave: number; cents: number; freq: number } | null>(null);
  683 |   const ctxRef = useRef<AudioContext | null>(null);

the name `ChromaticTuner` is defined multiple times

Import traces:
  Client Component Browser:
    ./guitarforge/src/components/LearningCenterPage.tsx [Client Component Browser]
    ./guitarforge/src/components/GuitarForgeApp.tsx [Client Component Browser]
    ./guitarforge/src/components/GuitarForgeApp.tsx [Server Component]
    ./guitarforge/src/app/page.tsx [Server Component]

  Client Component SSR:
    ./guitarforge/src/components/LearningCenterPage.tsx [Client Component SSR]
    ./guitarforge/src/components/GuitarForgeApp.tsx [Client Component SSR]
    ./guitarforge/src/components/GuitarForgeApp.tsx [Server Component]
    ./guitarforge/src/app/page.tsx [Server Component] @ http://localhost:3001/_next/static/chunks/a266a_next_dist_cfedd8c2._.js:3127
[  194159ms] [ERROR] ./guitarforge/src/components/LearningCenterPage.tsx:680:10
Ecmascript file had an error
  678 | }
  679 |
> 680 | function ChromaticTuner() {
      |          ^^^^^^^^^^^^^^
  681 |   const [listening, setListening] = useState(false);
  682 |   const [detected, setDetected] = useState<{ note: string; octave: number; cents: number; freq: number } | null>(null);
  683 |   const ctxRef = useRef<AudioContext | null>(null);

the name `ChromaticTuner` is defined multiple times

Import traces:
  Client Component Browser:
    ./guitarforge/src/components/LearningCenterPage.tsx [Client Component Browser]
    ./guitarforge/src/components/GuitarForgeApp.tsx [Client Component Browser]
    ./guitarforge/src/components/GuitarForgeApp.tsx [Server Component]
    ./guitarforge/src/app/page.tsx [Server Component]

  Client Component SSR:
    ./guitarforge/src/components/LearningCenterPage.tsx [Client Component SSR]
    ./guitarforge/src/components/GuitarForgeApp.tsx [Client Component SSR]
    ./guitarforge/src/components/GuitarForgeApp.tsx [Server Component]
    ./guitarforge/src/app/page.tsx [Server Component] @ http://localhost:3001/_next/static/chunks/a266a_next_dist_cfedd8c2._.js:3127
[  194237ms] [ERROR] ./guitarforge/src/components/LearningCenterPage.tsx:680:10
Ecmascript file had an error
  678 | }
  679 |
> 680 | function ChromaticTuner() {
      |          ^^^^^^^^^^^^^^
  681 |   const [listening, setListening] = useState(false);
  682 |   const [detected, setDetected] = useState<{ note: string; octave: number; cents: number; freq: number } | null>(null);
  683 |   const ctxRef = useRef<AudioContext | null>(null);

the name `ChromaticTuner` is defined multiple times

Import traces:
  Client Component Browser:
    ./guitarforge/src/components/LearningCenterPage.tsx [Client Component Browser]
    ./guitarforge/src/components/GuitarForgeApp.tsx [Client Component Browser]
    ./guitarforge/src/components/GuitarForgeApp.tsx [Server Component]
    ./guitarforge/src/app/page.tsx [Server Component]

  Client Component SSR:
    ./guitarforge/src/components/LearningCenterPage.tsx [Client Component SSR]
    ./guitarforge/src/components/GuitarForgeApp.tsx [Client Component SSR]
    ./guitarforge/src/components/GuitarForgeApp.tsx [Server Component]
    ./guitarforge/src/app/page.tsx [Server Component] @ http://localhost:3001/_next/static/chunks/a266a_next_dist_cfedd8c2._.js:3127
[  194314ms] [ERROR] ./guitarforge/src/components/LearningCenterPage.tsx:680:10
Ecmascript file had an error
  678 | }
  679 |
> 680 | function ChromaticTuner() {
      |          ^^^^^^^^^^^^^^
  681 |   const [listening, setListening] = useState(false);
  682 |   const [detected, setDetected] = useState<{ note: string; octave: number; cents: number; freq: number } | null>(null);
  683 |   const ctxRef = useRef<AudioContext | null>(null);

the name `ChromaticTuner` is defined multiple times

Import traces:
  Client Component Browser:
    ./guitarforge/src/components/LearningCenterPage.tsx [Client Component Browser]
    ./guitarforge/src/components/GuitarForgeApp.tsx [Client Component Browser]
    ./guitarforge/src/components/GuitarForgeApp.tsx [Server Component]
    ./guitarforge/src/app/page.tsx [Server Component]

  Client Component SSR:
    ./guitarforge/src/components/LearningCenterPage.tsx [Client Component SSR]
    ./guitarforge/src/components/GuitarForgeApp.tsx [Client Component SSR]
    ./guitarforge/src/components/GuitarForgeApp.tsx [Server Component]
    ./guitarforge/src/app/page.tsx [Server Component] @ http://localhost:3001/_next/static/chunks/a266a_next_dist_cfedd8c2._.js:3127
[  194393ms] [ERROR] ./guitarforge/src/components/LearningCenterPage.tsx:680:10
Ecmascript file had an error
  678 | }
  679 |
> 680 | function ChromaticTuner() {
      |          ^^^^^^^^^^^^^^
  681 |   const [listening, setListening] = useState(false);
  682 |   const [detected, setDetected] = useState<{ note: string; octave: number; cents: number; freq: number } | null>(null);
  683 |   const ctxRef = useRef<AudioContext | null>(null);

the name `ChromaticTuner` is defined multiple times

Import traces:
  Client Component Browser:
    ./guitarforge/src/components/LearningCenterPage.tsx [Client Component Browser]
    ./guitarforge/src/components/GuitarForgeApp.tsx [Client Component Browser]
    ./guitarforge/src/components/GuitarForgeApp.tsx [Server Component]
    ./guitarforge/src/app/page.tsx [Server Component]

  Client Component SSR:
    ./guitarforge/src/components/LearningCenterPage.tsx [Client Component SSR]
    ./guitarforge/src/components/GuitarForgeApp.tsx [Client Component SSR]
    ./guitarforge/src/components/GuitarForgeApp.tsx [Server Component]
    ./guitarforge/src/app/page.tsx [Server Component] @ http://localhost:3001/_next/static/chunks/a266a_next_dist_cfedd8c2._.js:3127
[  194474ms] [ERROR] ./guitarforge/src/components/LearningCenterPage.tsx:680:10
Ecmascript file had an error
  678 | }
  679 |
> 680 | function ChromaticTuner() {
      |          ^^^^^^^^^^^^^^
  681 |   const [listening, setListening] = useState(false);
  682 |   const [detected, setDetected] = useState<{ note: string; octave: number; cents: number; freq: number } | null>(null);
  683 |   const ctxRef = useRef<AudioContext | null>(null);

the name `ChromaticTuner` is defined multiple times

Import traces:
  Client Component Browser:
    ./guitarforge/src/components/LearningCenterPage.tsx [Client Component Browser]
    ./guitarforge/src/components/GuitarForgeApp.tsx [Client Component Browser]
    ./guitarforge/src/components/GuitarForgeApp.tsx [Server Component]
    ./guitarforge/src/app/page.tsx [Server Component]

  Client Component SSR:
    ./guitarforge/src/components/LearningCenterPage.tsx [Client Component SSR]
    ./guitarforge/src/components/GuitarForgeApp.tsx [Client Component SSR]
    ./guitarforge/src/components/GuitarForgeApp.tsx [Server Component]
    ./guitarforge/src/app/page.tsx [Server Component] @ http://localhost:3001/_next/static/chunks/a266a_next_dist_cfedd8c2._.js:3127
[  194584ms] [LOG] [Fast Refresh] rebuilding @ http://localhost:3001/_next/static/chunks/a266a_next_dist_cfedd8c2._.js:2297
[  194810ms] [LOG] [Fast Refresh] done in 260ms @ http://localhost:3001/_next/static/chunks/a266a_next_dist_cfedd8c2._.js:2297
[  211240ms] [LOG] [Fast Refresh] rebuilding @ http://localhost:3001/_next/static/chunks/a266a_next_dist_cfedd8c2._.js:2297
[  211266ms] [LOG] [Fast Refresh] done in 109ms @ http://localhost:3001/_next/static/chunks/a266a_next_dist_cfedd8c2._.js:2297
